Time [s],Packet ID,MOSI,MISO
0.0039520500,0,0x55AA,0x0000
0.0039550100,0,0x2DEC,0x0000
0.0039579700,0,0x01FF,0x0000
0.0039609300,0,0x1C00,0x0000
0.0039639000,0,0x1C00,0x0000
0.0039668600,0,0x1C00,0x0000
0.0039698200,0,0x1C00,0x0000
0.0039727900,0,0x1C00,0x0000
0.0039757500,0,0x1C00,0x0000
0.0039787100,0,0x1C00,0x0000
0.0039816800,0,0x1C00,0x0000
0.0039846400,0,0x1C00,0x0000
0.0039876000,0,0x1C00,0x0000
0.0039905600,0,0x1C00,0x0000
0.0039935300,0,0x1C00,0x0000
0.0039964900,0,0x1C00,0x0000
0.0039994500,0,0x1C00,0x0000
0.0040024200,0,0x1C00,0x0000
0.0040053800,0,0x1C00,0x0000
0.0040083400,0,0x1C00,0x0000
0.0040113000,0,0x1C00,0x0000
0.0040142700,0,0x1C00,0x0000
0.0040172300,0,0x1C00,0x0000
0.0040201900,0,0x1C00,0x0000
0.0040231600,0,0x1C00,0x0000
0.0040261200,0,0x1C00,0x0000
0.0040290800,0,0x1C00,0x0000
0.0040320500,0,0x1C00,0x0000
0.0040350100,0,0x1C00,0x0000
0.0040379700,0,0x1C00,0x0000
0.0040409300,0,0x1C00,0x0000
0.0040439000,0,0x1C00,0x0000
0.0040468600,0,0x1C00,0x0000
0.0040498200,0,0x1C00,0x0000
0.0040527900,0,0x1C00,0x0000
0.0040557500,0,0x1C00,0x0000
0.0040587100,0,0x1C00,0x0000
0.0040616800,0,0x1C00,0x0000
0.0040646400,0,0x1C00,0x0000
0.0040676000,0,0x1C00,0x0000
0.0040705600,0,0x1C00,0x0000
0.0040735300,0,0x1C00,0x0000
0.0040764900,0,0x1C00,0x0000
0.0040794500,0,0x1C00,0x0000
0.0040824200,0,0x1C00,0x0000
0.0040853800,0,0x1C00,0x0000
0.0040883400,0,0x1C00,0x0000
0.0040913100,0,0x1C00,0x0000
0.0040942700,0,0x1C00,0x0000
0.0040972300,0,0x1C00,0x0000
0.0041001900,0,0x1C00,0x0000
0.0041031600,0,0x1C00,0x0000
0.0041061200,0,0x1C00,0x0000
0.0041090800,0,0x1C00,0x0000
0.0041120500,0,0x1C00,0x0000
0.0041150100,0,0x1C00,0x0000
0.0041179700,0,0x1C00,0x0000
0.0041209300,0,0x1C00,0x0000
0.0041239000,0,0x1C00,0x0000
0.0041268600,0,0x1C00,0x0000
0.0041298200,0,0x1C00,0x0000
0.0041327900,0,0x1C00,0x0000
0.0041357500,0,0x1C00,0x0000
0.0041387100,0,0x1C00,0x0000
0.0041416800,0,0x1C00,0x0000
0.0041446400,0,0x1C00,0x0000
0.0041476000,0,0x1C00,0x0000
0.0041505600,0,0x1C00,0x0000
0.0041535300,0,0x1C00,0x0000
0.0041564900,0,0x1C00,0x0000
0.0041594500,0,0x1C00,0x0000
0.0041624100,0,0x1C00,0x0000
0.0041653800,0,0x1C00,0x0000
0.0041683400,0,0x1C00,0x0000
0.0041713100,0,0x1C00,0x0000
0.0041742700,0,0x1C00,0x0000
0.0041772300,0,0x1C00,0x0000
0.0041801900,0,0x1C00,0x0000
0.0041831600,0,0x1C00,0x0000
0.0041861200,0,0x1C00,0x0000
0.0041890800,0,0x1C00,0x0000
0.0041920500,0,0x1C00,0x0000
0.0041950100,0,0x1C00,0x0000
0.0041979700,0,0x1C00,0x0000
0.0042009300,0,0x1C00,0x0000
0.0042039000,0,0x1C00,0x0000
0.0042068600,0,0x1C00,0x0000
0.0042098200,0,0x1C00,0x0000
0.0042127900,0,0x1C00,0x0000
0.0042157500,0,0x1C00,0x0000
0.0042187100,0,0x1C00,0x0000
0.0042216800,0,0x1C00,0x0000
0.0042246400,0,0x1C00,0x0000
0.0042276000,0,0x1C00,0x0000
0.0042305600,0,0x1C00,0x0000
0.0042335300,0,0x1C00,0x0000
0.0042364900,0,0x1C00,0x0000
0.0042394500,0,0x1C00,0x0000
0.0042424200,0,0x1C00,0x0000
0.0042453800,0,0x1C00,0x0000
0.0042483400,0,0x1C00,0x0000
0.0042513100,0,0x1C00,0x0000
0.0042542700,0,0x1C00,0x0000
0.0042572300,0,0x1C00,0x0000
0.0042601900,0,0x1C00,0x0000
0.0042631600,0,0x1C00,0x0000
0.0042661200,0,0x1C00,0x0000
0.0042690800,0,0x1C00,0x0000
0.0042720500,0,0x1C00,0x0000
0.0042750100,0,0x1C00,0x0000
0.0042779700,0,0x1C00,0x0000
0.0042809300,0,0x1C00,0x0000
0.0042839000,0,0x1C00,0x0000
0.0042868600,0,0x1C00,0x0000
0.0042898200,0,0x1C00,0x0000
0.0042927900,0,0x1C00,0x0000
0.0042957500,0,0x1C00,0x0000
0.0042987100,0,0x1C00,0x0000
0.0043016800,0,0x1C00,0x0000
0.0043046400,0,0x1C00,0x0000
0.0043076000,0,0x1C00,0x0000
0.0043105600,0,0x1C00,0x0000
0.0043135300,0,0x1C00,0x0000
0.0043164900,0,0x1C00,0x0000
0.0043194500,0,0x1C00,0x0000
0.0043224200,0,0x1C00,0x0000
0.0043253800,0,0x1C00,0x0000
0.0043283400,0,0x1C00,0x0000
0.0043313100,0,0x1C00,0x0000
0.0043342700,0,0x1C00,0x0000
0.0043372300,0,0x1C00,0x0000
0.0043401900,0,0x1C00,0x0000
0.0043431600,0,0x1C00,0x0000
0.0043461200,0,0x1C00,0x0000
0.0043490800,0,0x1C00,0x0000
0.0043520500,0,0x1C00,0x0000
0.0043550100,0,0x1C00,0x0000
0.0043579700,0,0x1C00,0x0000
0.0043609300,0,0x1C00,0x0000
0.0043639000,0,0x1C00,0x0000
0.0043668600,0,0x1C00,0x0000
0.0043698200,0,0x1C00,0x0000
0.0043727900,0,0x1C00,0x0000
0.0043757500,0,0x1C00,0x0000
0.0043787100,0,0x1C00,0x0000
0.0043816800,0,0x1C00,0x0000
0.0043846400,0,0x1C00,0x0000
0.0043876000,0,0x1C00,0x0000
0.0043905600,0,0x1C00,0x0000
0.0043935300,0,0x1C00,0x0000
0.0043964900,0,0x1C00,0x0000
0.0043994500,0,0x1C00,0x0000
0.0044024200,0,0x1C00,0x0000
0.0044053800,0,0x1C00,0x0000
0.0044083400,0,0x1C00,0x0000
0.0044113100,0,0x1C00,0x0000
0.0044142700,0,0x1C00,0x0000
0.0044172300,0,0x1C00,0x0000
0.0044201900,0,0x1C00,0x0000
0.0044231600,0,0x1C00,0x0000
0.0044261200,0,0x1C00,0x0000
0.0044290800,0,0x1C00,0x0000
0.0044320500,0,0x1C00,0x0000
0.0044350100,0,0x1C00,0x0000
0.0044379700,0,0x1C00,0x0000
0.0044409300,0,0x1C00,0x0000
0.0044439000,0,0x1C00,0x0000
0.0044468600,0,0x1C00,0x0000
0.0044498200,0,0x1C00,0x0000
0.0044527900,0,0x1C00,0x0000
0.0044557500,0,0x1C00,0x0000
0.0044587100,0,0x1C00,0x0000
0.0044616800,0,0x1C00,0x0000
0.0044646400,0,0x1C00,0x0000
0.0044676000,0,0x1C00,0x0000
0.0044705600,0,0x1C00,0x0000
0.0044735300,0,0x1C00,0x0000
0.0044764900,0,0x1C00,0x0000
0.0044794500,0,0x1C00,0x0000
0.0044824200,0,0x1C00,0x0000
0.0044853800,0,0x1C00,0x0000
0.0044883400,0,0x1C00,0x0000
0.0044913100,0,0x1C00,0x0000
0.0044942700,0,0x1C00,0x0000
0.0044972300,0,0x1C00,0x0000
0.0045001900,0,0x1C00,0x0000
0.0045031600,0,0x1C00,0x0000
0.0045061200,0,0x1C00,0x0000
0.0045090800,0,0x1C00,0x0000
0.0045120500,0,0x1C00,0x0000
0.0045150100,0,0x1C00,0x0000
0.0045179700,0,0x1C00,0x0000
0.0045209400,0,0x1C00,0x0000
0.0045239000,0,0x1C00,0x0000
0.0045268600,0,0x1C00,0x0000
0.0045298200,0,0x1C00,0x0000
0.0045327900,0,0x1C00,0x0000
0.0045357500,0,0x1C00,0x0000
0.0045387100,0,0x1C00,0x0000
0.0045416800,0,0x1C00,0x0000
0.0045446400,0,0x1C00,0x0000
0.0045476000,0,0x1C00,0x0000
0.0045505600,0,0x1C00,0x0000
0.0045535300,0,0x1C00,0x0000
0.0045564900,0,0x1C00,0x0000
0.0045594500,0,0x1C00,0x0000
0.0045624200,0,0x1C00,0x0000
0.0045653800,0,0x1C00,0x0000
0.0045683400,0,0x1C00,0x0000
0.0045713100,0,0x1C00,0x0000
0.0045742700,0,0x1C00,0x0000
0.0045772300,0,0x1C00,0x0000
0.0045801900,0,0x1C00,0x0000
0.0045831600,0,0x1C00,0x0000
0.0045861200,0,0x1C00,0x0000
0.0045890800,0,0x1C00,0x0000
0.0045920500,0,0x1C00,0x0000
0.0045950100,0,0x1C00,0x0000
0.0045979700,0,0x1C00,0x0000
0.0046009400,0,0x1C00,0x0000
0.0046039000,0,0x1C00,0x0000
0.0046068600,0,0x1C00,0x0000
0.0046098200,0,0x1C00,0x0000
0.0046127900,0,0x1C00,0x0000
0.0046157500,0,0x1C00,0x0000
0.0046187100,0,0x1C00,0x0000
0.0046216800,0,0x1C00,0x0000
0.0046246400,0,0x1C00,0x0000
0.0046276000,0,0x1C00,0x0000
0.0046305600,0,0x1C00,0x0000
0.0046335300,0,0x1C00,0x0000
0.0046364900,0,0x1C00,0x0000
0.0046394500,0,0x1C00,0x0000
0.0046424200,0,0x1C00,0x0000
0.0046453800,0,0x1C00,0x0000
0.0046483400,0,0x1C00,0x0000
0.0046513100,0,0x1C00,0x0000
0.0046542700,0,0x1C00,0x0000
0.0046572300,0,0x1C00,0x0000
0.0046601900,0,0x1C00,0x0000
0.0046631600,0,0x1C00,0x0000
0.0046661200,0,0x1C00,0x0000
0.0046690800,0,0x1C00,0x0000
0.0046720500,0,0x1C00,0x0000
0.0046750100,0,0x1C00,0x0000
0.0046779700,0,0x1C00,0x0000
0.0046809400,0,0x1C00,0x0000
0.0046839000,0,0x1C00,0x0000
0.0046868600,0,0x1C00,0x0000
0.0046898200,0,0x1C00,0x0000
0.0046927900,0,0x1C00,0x0000
0.0046957500,0,0x1C00,0x0000
0.0046987100,0,0x1C00,0x0000
0.0047016800,0,0x1C00,0x0000
0.0047046400,0,0x1C00,0x0000
0.0047076000,0,0x1C00,0x0000
0.0047105600,0,0x1C00,0x0000
0.0047135300,0,0x1C00,0x0000
0.0047164900,0,0x1C00,0x0000
0.0047194500,0,0x1C00,0x0000
0.0047224200,0,0x1C00,0x0000
0.0047253800,0,0x1C00,0x0000
0.0047283400,0,0x1C00,0x0000
0.0047313100,0,0x1C00,0x0000
0.0047342700,0,0x1C00,0x0000
0.0047372300,0,0x1C00,0x0000
0.0047401900,0,0x1C00,0x0000
0.0047431600,0,0x1C00,0x0000
0.0047461200,0,0x1C00,0x0000
0.0047490800,0,0x1C00,0x0000
0.0047520500,0,0x1C00,0x0000
0.0047550100,0,0x1C00,0x0000
0.0047579700,0,0x1C00,0x0000
0.0047609400,0,0x1C00,0x0000
0.0047639000,0,0x1C00,0x0000
0.0047668600,0,0x1C00,0x0000
0.0047698200,0,0x1C00,0x0000
0.0047727900,0,0x1C00,0x0000
0.0047757500,0,0x1C00,0x0000
0.0047787100,0,0x1C00,0x0000
0.0047816800,0,0x1C00,0x0000
0.0047846400,0,0x1C00,0x0000
0.0047876000,0,0x1C00,0x0000
0.0047905600,0,0x1C00,0x0000
0.0047935300,0,0x1C00,0x0000
0.0047964900,0,0x1C00,0x0000
0.0047994500,0,0x1C00,0x0000
0.0048024200,0,0x1C00,0x0000
0.0048053800,0,0x1C00,0x0000
0.0048083400,0,0x1C00,0x0000
0.0048113100,0,0x1C00,0x0000
0.0048142700,0,0x1C00,0x0000
0.0048172300,0,0x1C00,0x0000
0.0048201900,0,0x1C00,0x0000
0.0048231600,0,0x1C00,0x0000
0.0048261200,0,0x1C00,0x0000
0.0048290800,0,0x1C00,0x0000
0.0048320500,0,0x1C00,0x0000
0.0048350100,0,0x1C00,0x0000
0.0048379700,0,0x1C00,0x0000
0.0048409400,0,0x1C00,0x0000
0.0048439000,0,0x1C00,0x0000
0.0048468600,0,0x1C00,0x0000
0.0048498200,0,0x1C00,0x0000
0.0048527900,0,0x1C00,0x0000
0.0048557500,0,0x1C00,0x0000
0.0048587100,0,0x1C00,0x0000
0.0048616800,0,0x1C00,0x0000
0.0048646400,0,0x1C00,0x0000
0.0048676000,0,0x1C00,0x0000
0.0048705600,0,0x1C00,0x0000
0.0048735300,0,0x1C00,0x0000
0.0048764900,0,0x1C00,0x0000
0.0048794500,0,0x1C00,0x0000
0.0048824200,0,0x1C00,0x0000
0.0048853800,0,0x1C00,0x0000
0.0048883400,0,0x1C00,0x0000
0.0048913100,0,0x1C00,0x0000
0.0048942700,0,0x1C00,0x0000
0.0048972300,0,0x1C00,0x0000
0.0049002000,0,0x1C00,0x0000
0.0049031600,0,0x1C00,0x0000
0.0049061200,0,0x1C00,0x0000
0.0049090800,0,0x1C00,0x0000
0.0049120500,0,0x1C00,0x0000
0.0049150100,0,0x1C00,0x0000
0.0049179700,0,0x1C00,0x0000
0.0049209400,0,0x1C00,0x0000
0.0049239000,0,0x1C00,0x0000
0.0049268600,0,0x1C00,0x0000
0.0049298200,0,0x1C00,0x0000
0.0049327900,0,0x1C00,0x0000
0.0049357500,0,0x1C00,0x0000
0.0049387100,0,0x1C00,0x0000
0.0049416800,0,0x1C00,0x0000
0.0049446400,0,0x1C00,0x0000
0.0049476000,0,0x1C00,0x0000
0.0049505600,0,0x1C00,0x0000
0.0049535300,0,0x1C00,0x0000
0.0049564900,0,0x1C00,0x0000
0.0049594500,0,0x1C00,0x0000
0.0049624200,0,0x1C00,0x0000
0.0049653800,0,0x1C00,0x0000
0.0049683400,0,0x1C00,0x0000
0.0049713100,0,0x1C00,0x0000
0.0049742700,0,0x1C00,0x0000
0.0049772300,0,0x1C00,0x0000
0.0049802000,0,0x1C00,0x0000
0.0049831600,0,0x1C00,0x0000
0.0049861200,0,0x1C00,0x0000
0.0049890800,0,0x1C00,0x0000
0.0049920500,0,0x1C00,0x0000
0.0049950100,0,0x1C00,0x0000
0.0049979700,0,0x1C00,0x0000
0.0050009400,0,0x1C00,0x0000
0.0050039000,0,0x1C00,0x0000
0.0050068600,0,0x1C00,0x0000
0.0050098300,0,0x1C00,0x0000
0.0050127900,0,0x1C00,0x0000
0.0050157500,0,0x1C00,0x0000
0.0050187100,0,0x1C00,0x0000
0.0050216800,0,0x1C00,0x0000
0.0050246400,0,0x1C00,0x0000
0.0050276000,0,0x1C00,0x0000
0.0050305600,0,0x1C00,0x0000
0.0050335300,0,0x1C00,0x0000
0.0050364900,0,0x1C00,0x0000
0.0050394500,0,0x1C00,0x0000
0.0050424200,0,0x1C00,0x0000
0.0050453800,0,0x1C00,0x0000
0.0050483400,0,0x1C00,0x0000
0.0050513100,0,0x1C00,0x0000
0.0050542700,0,0x1C00,0x0000
0.0050572300,0,0x1C00,0x0000
0.0050602000,0,0x1C00,0x0000
0.0050631600,0,0x1C00,0x0000
0.0050661200,0,0x1C00,0x0000
0.0050690800,0,0x1C00,0x0000
0.0050720500,0,0x1C00,0x0000
0.0050750100,0,0x1C00,0x0000
0.0050779700,0,0x1C00,0x0000
0.0050809400,0,0x1C00,0x0000
0.0050839000,0,0x1C00,0x0000
0.0050868600,0,0x1C00,0x0000
0.0050898200,0,0x1C00,0x0000
0.0050927900,0,0x1C00,0x0000
0.0050957500,0,0x1C00,0x0000
0.0050987100,0,0x1C00,0x0000
0.0051016800,0,0x1C00,0x0000
0.0051046400,0,0x1C00,0x0000
0.0051076000,0,0x1C00,0x0000
0.0051105600,0,0x1C00,0x0000
0.0051135300,0,0x1C00,0x0000
0.0051164900,0,0x1C00,0x0000
0.0051194500,0,0x1C00,0x0000
0.0051224200,0,0x1C00,0x0000
0.0051253800,0,0x1C00,0x0000
0.0051283400,0,0x1C00,0x0000
0.0051313100,0,0x1C00,0x0000
0.0051342700,0,0x1C00,0x0000
0.0051372300,0,0x1C00,0x0000
0.0051402000,0,0x1C00,0x0000
0.0051431600,0,0x83E7,0x0000
0.0051461200,0,0xAFFF,0x0000
0.0051490800,0,0xAFFF,0x0000
0.0051520500,0,0xAFFF,0x0000
0.0051550100,0,0xAFFF,0x0000
0.0051579700,0,0xAFFF,0x0000
0.0051609400,0,0xAFFF,0x0000
0.0051639000,0,0xAFFF,0x0000
0.0051668600,0,0xAFFF,0x0000
0.0051698300,0,0xAFFF,0x0000
0.0051727900,0,0xAFFF,0x0000
0.0051757500,0,0xAFFF,0x0000
0.0051787100,0,0xAFFF,0x0000
0.0051816800,0,0xAFFF,0x0000
0.0051846400,0,0xAFFF,0x0000
0.0051876000,0,0xAFFF,0x0000
0.0051905600,0,0xAFFF,0x0000
0.0051935300,0,0x83E1,0x0000
0.0051964900,0,0x1C00,0x0000
0.0051994500,0,0x1C00,0x0000
0.0052024200,0,0x1C00,0x0000
0.0052053800,0,0x1C00,0x0000
0.0052083400,0,0x1C00,0x0000
0.0052113100,0,0x1C00,0x0000
0.0052142700,0,0x1C00,0x0000
0.0052172300,0,0x1C00,0x0000
0.0052202000,0,0x1C00,0x0000
0.0052231600,0,0x1C00,0x0000
0.0052261200,0,0x1C00,0x0000
0.0052290800,0,0x1C00,0x0000
0.0052320500,0,0x1C00,0x0000
0.0052350100,0,0x1C00,0x0000
0.0052379700,0,0x1C00,0x0000
0.0052409400,0,0x1C00,0x0000
0.0052439000,0,0x1C00,0x0000
0.0052468600,0,0x1C00,0x0000
0.0052498300,0,0x1C00,0x0000
0.0052527900,0,0x1C00,0x0000
0.0052557500,0,0x1C00,0x0000
0.0052587100,0,0x1C00,0x0000
0.0052616800,0,0x1C00,0x0000
0.0052646400,0,0x1C00,0x0000
0.0052676000,0,0x1C00,0x0000
0.0052705700,0,0x1C00,0x0000
0.0052735300,0,0x1C00,0x0000
0.0052764900,0,0x1C00,0x0000
0.0052794500,0,0x1C00,0x0000
0.0052824200,0,0x1C00,0x0000
0.0052853800,0,0x93E7,0x0000
0.0052883400,0,0xBBEF,0x0000
0.0052913100,0,0xBBEF,0x0000
0.0052942700,0,0xBBEF,0x0000
0.0052972300,0,0xBBEF,0x0000
0.0053002000,0,0xBBEF,0x0000
0.0053031600,0,0xBBEF,0x0000
0.0053061200,0,0xBBEF,0x0000
0.0053090800,0,0xBBEF,0x0000
0.0053120500,0,0xBBEF,0x0000
0.0053150100,0,0xBBEF,0x0000
0.0053179700,0,0xBBEF,0x0000
0.0053209400,0,0xBBEF,0x0000
0.0053239000,0,0xBBEF,0x0000
0.0053268600,0,0xBBEF,0x0000
0.0053298300,0,0xBBEF,0x0000
0.0053327900,0,0xBBEF,0x0000
0.0053357500,0,0x8FEF,0x0000
0.0053387100,0,0x1C00,0x0000
0.0053416800,0,0x1C00,0x0000
0.0053446400,0,0x1C00,0x0000
0.0053476000,0,0x1C00,0x0000
0.0053505700,0,0x1C00,0x0000
0.0053535300,0,0x1C00,0x0000
0.0053564900,0,0x1C00,0x0000
0.0053594500,0,0x1C00,0x0000
0.0053624200,0,0x1C00,0x0000
0.0053653800,0,0x1C00,0x0000
0.0053683400,0,0x1C00,0x0000
0.0053713100,0,0x1C00,0x0000
0.0053742700,0,0x1C00,0x0000
0.0053772300,0,0x1C00,0x0000
0.0053802000,0,0x1C00,0x0000
0.0053831600,0,0x1C00,0x0000
0.0053861200,0,0x1C00,0x0000
0.0053890800,0,0x1C00,0x0000
0.0053920500,0,0x1C00,0x0000
0.0053950100,0,0x1C00,0x0000
0.0053979700,0,0x1C00,0x0000
0.0054009400,0,0x1C00,0x0000
0.0054039000,0,0x1C00,0x0000
0.0054068600,0,0x1C00,0x0000
0.0054098300,0,0x1C00,0x0000
0.0054127900,0,0x1C00,0x0000
0.0054157500,0,0x1C00,0x0000
0.0054187100,0,0x1C00,0x0000
0.0054216800,0,0x1C00,0x0000
0.0054246400,0,0x1C00,0x0000
0.0054276000,0,0x93E7,0x0000
0.0054305600,0,0xBBEF,0x0000
0.0054335300,0,0xBBEF,0x0000
0.0054364900,0,0xBBEF,0x0000
0.0054394500,0,0xBBEF,0x0000
0.0054424200,0,0xBBEF,0x0000
0.0054453800,0,0xBBEF,0x0000
0.0054483400,0,0xBBEF,0x0000
0.0054513100,0,0xBBEF,0x0000
0.0054542700,0,0xBBEF,0x0000
0.0054572300,0,0xBBEF,0x0000
0.0054602000,0,0xBBEF,0x0000
0.0054631600,0,0xBBEF,0x0000
0.0054661200,0,0xBBEF,0x0000
0.0054690800,0,0xBBEF,0x0000
0.0054720500,0,0xBBEF,0x0000
0.0054750100,0,0xBBEF,0x0000
0.0054779700,0,0x8FEF,0x0000
0.0054809400,0,0x1C00,0x0000
0.0054839000,0,0x1C00,0x0000
0.0054868600,0,0x1C00,0x0000
0.0054898300,0,0x1C00,0x0000
0.0054927900,0,0x1C00,0x0000
0.0054957500,0,0x1C00,0x0000
0.0054987100,0,0x1C00,0x0000
0.0055016800,0,0x1C00,0x0000
0.0055046400,0,0x1C00,0x0000
0.0055076000,0,0x1C00,0x0000
0.0055105700,0,0x1C00,0x0000
0.0055135300,0,0x1C00,0x0000
0.0055164900,0,0x1C00,0x0000
0.0055194600,0,0x1C00,0x0000
0.0055224200,0,0x1C00,0x0000
0.0055253800,0,0x1C00,0x0000
0.0055283400,0,0x1C00,0x0000
0.0055313100,0,0x1C00,0x0000
0.0055342700,0,0x1C00,0x0000
0.0055372300,0,0x1C00,0x0000
0.0055402000,0,0x1C00,0x0000
0.0055431600,0,0x1C00,0x0000
0.0055461200,0,0x1C00,0x0000
0.0055490800,0,0x1C00,0x0000
0.0055520500,0,0x1C00,0x0000
0.0055550100,0,0x1C00,0x0000
0.0055579700,0,0x1C00,0x0000
0.0055609400,0,0x1C00,0x0000
0.0055639000,0,0x1C00,0x0000
0.0055668600,0,0x1C00,0x0000
0.0055698200,0,0x93E7,0x0000
0.0055727900,0,0xBBEF,0x0000
0.0055757500,0,0xBBEF,0x0000
0.0055787100,0,0xBBEF,0x0000
0.0055816800,0,0xBBEF,0x0000
0.0055846400,0,0xBBEF,0x0000
0.0055876000,0,0xBBEF,0x0000
0.0055905700,0,0xBBEF,0x0000
0.0055935300,0,0xBBEF,0x0000
0.0055964900,0,0xBBEF,0x0000
0.0055994500,0,0xBBEF,0x0000
0.0056024200,0,0xBBEF,0x0000
0.0056053800,0,0xBBEF,0x0000
0.0056083400,0,0xBBEF,0x0000
0.0056113100,0,0xBBEF,0x0000
0.0056142700,0,0xBBEF,0x0000
0.0056172300,0,0xBBEF,0x0000
0.0056202000,0,0x8FEF,0x0000
0.0056231600,0,0x1C00,0x0000
0.0056261200,0,0x1C00,0x0000
0.0056290900,0,0x1C00,0x0000
0.0056320500,0,0x1C00,0x0000
0.0056350100,0,0x1C00,0x0000
0.0056379700,0,0x1C00,0x0000
0.0056409400,0,0x1C00,0x0000
0.0056439000,0,0x1C00,0x0000
0.0056468600,0,0x1C00,0x0000
0.0056498300,0,0x1C00,0x0000
0.0056527900,0,0x1C00,0x0000
0.0056557500,0,0x1C00,0x0000
0.0056587100,0,0x1C00,0x0000
0.0056616800,0,0x1C00,0x0000
0.0056646400,0,0x1C00,0x0000
0.0056676000,0,0x1C00,0x0000
0.0056705700,0,0x1C00,0x0000
0.0056735300,0,0x1C00,0x0000
0.0056764900,0,0x1C00,0x0000
0.0056794600,0,0x1C00,0x0000
0.0056824200,0,0x1C00,0x0000
0.0056853800,0,0x1C00,0x0000
0.0056883400,0,0x1C00,0x0000
0.0056913100,0,0x1C00,0x0000
0.0056942700,0,0x1C00,0x0000
0.0056972300,0,0x1C00,0x0000
0.0057002000,0,0x1C00,0x0000
0.0057031600,0,0x1C00,0x0000
0.0057061200,0,0x1C00,0x0000
0.0057090800,0,0x1C00,0x0000
0.0057120500,0,0x93E7,0x0000
0.0057150100,0,0xBBEF,0x0000
0.0057179700,0,0xBBEF,0x0000
0.0057209400,0,0xBBEF,0x0000
0.0057239000,0,0xBBEF,0x0000
0.0057268600,0,0xBBEF,0x0000
0.0057298300,0,0xBBEF,0x0000
0.0057327900,0,0xBBEF,0x0000
0.0057357500,0,0xBBEF,0x0000
0.0057387100,0,0xBBEF,0x0000
0.0057416800,0,0xBBEF,0x0000
0.0057446400,0,0xBBEF,0x0000
0.0057476000,0,0xBBEF,0x0000
0.0057505700,0,0xBBEF,0x0000
0.0057535300,0,0xBBEF,0x0000
0.0057564900,0,0xBBEF,0x0000
0.0057594500,0,0xBBEF,0x0000
0.0057624200,0,0x8FEF,0x0000
0.0057653800,0,0x1C00,0x0000
0.0057683400,0,0x1C00,0x0000
0.0057713100,0,0x1C00,0x0000
0.0057742700,0,0x1C00,0x0000
0.0057772300,0,0x1C00,0x0000
0.0057802000,0,0x1C00,0x0000
0.0057831600,0,0x1C00,0x0000
0.0057861200,0,0x1C00,0x0000
0.0057890900,0,0x1C00,0x0000
0.0057920500,0,0x1C00,0x0000
0.0057950100,0,0x1C00,0x0000
0.0057979700,0,0x1C00,0x0000
0.0058009400,0,0x1C00,0x0000
0.0058039000,0,0x1C00,0x0000
0.0058068600,0,0x1C00,0x0000
0.0058098300,0,0x1C00,0x0000
0.0058127900,0,0x1C00,0x0000
0.0058157500,0,0x1C00,0x0000
0.0058187100,0,0x1C00,0x0000
0.0058216800,0,0x1C00,0x0000
0.0058246400,0,0x1C00,0x0000
0.0058276000,0,0x1C00,0x0000
0.0058305700,0,0x1C00,0x0000
0.0058335300,0,0x1C00,0x0000
0.0058364900,0,0x1C00,0x0000
0.0058394600,0,0x1C00,0x0000
0.0058424200,0,0x1C00,0x0000
0.0058453800,0,0x1C00,0x0000
0.0058483400,0,0x1C00,0x0000
0.0058513100,0,0x1C00,0x0000
0.0058542700,0,0x93E7,0x0000
0.0058572300,0,0xBBEF,0x0000
0.0058602000,0,0xBBEF,0x0000
0.0058631600,0,0xBBEF,0x0000
0.0058661200,0,0xBBEF,0x0000
0.0058690900,0,0xBBEF,0x0000
0.0058720500,0,0xBBEF,0x0000
0.0058750100,0,0xBBEF,0x0000
0.0058779700,0,0xBBEF,0x0000
0.0058809400,0,0xBBEF,0x0000
0.0058839000,0,0xBBEF,0x0000
0.0058868600,0,0xBBEF,0x0000
0.0058898300,0,0xBBEF,0x0000
0.0058927900,0,0xBBEF,0x0000
0.0058957500,0,0xBBEF,0x0000
0.0058987100,0,0xBBEF,0x0000
0.0059016800,0,0xBBEF,0x0000
0.0059046400,0,0x8FEF,0x0000
0.0059076000,0,0x1C00,0x0000
0.0059105700,0,0x1C00,0x0000
0.0059135300,0,0x1C00,0x0000
0.0059164900,0,0x1C00,0x0000
0.0059194600,0,0x1C00,0x0000
0.0059224200,0,0x1C00,0x0000
0.0059253800,0,0x1C00,0x0000
0.0059283500,0,0x1C00,0x0000
0.0059313100,0,0x1C00,0x0000
0.0059342700,0,0x1C00,0x0000
0.0059372300,0,0x1C00,0x0000
0.0059402000,0,0x1C00,0x0000
0.0059431600,0,0x1C00,0x0000
0.0059461200,0,0x1C00,0x0000
0.0059490900,0,0x1C00,0x0000
0.0059520500,0,0x1C00,0x0000
0.0059550100,0,0x1C00,0x0000
0.0059579700,0,0x1C00,0x0000
0.0059609400,0,0x1C00,0x0000
0.0059639000,0,0x1C00,0x0000
0.0059668600,0,0x1C00,0x0000
0.0059698300,0,0x1C00,0x0000
0.0059727900,0,0x1C00,0x0000
0.0059757500,0,0x1C00,0x0000
0.0059787100,0,0x1C00,0x0000
0.0059816800,0,0x1C00,0x0000
0.0059846400,0,0x1C00,0x0000
0.0059876000,0,0x1C00,0x0000
0.0059905700,0,0x1C00,0x0000
0.0059935300,0,0x1C00,0x0000
0.0059964900,0,0x93E7,0x0000
0.0059994600,0,0xBBEF,0x0000
0.0060024200,0,0xBBEF,0x0000
0.0060053800,0,0xBBEF,0x0000
0.0060083400,0,0xBBEF,0x0000
0.0060113100,0,0xBBEF,0x0000
0.0060142700,0,0xBBEF,0x0000
0.0060172300,0,0xBBEF,0x0000
0.0060202000,0,0xBBEF,0x0000
0.0060231600,0,0xBBEF,0x0000
0.0060261200,0,0xBBEF,0x0000
0.0060290900,0,0xBBEF,0x0000
0.0060320500,0,0xBBEF,0x0000
0.0060350100,0,0xBBEF,0x0000
0.0060379700,0,0xBBEF,0x0000
0.0060409400,0,0xBBEF,0x0000
0.0060439000,0,0xBBEF,0x0000
0.0060468600,0,0x8FEF,0x0000
0.0060498300,0,0x1C00,0x0000
0.0060527900,0,0x1C00,0x0000
0.0060557500,0,0x1C00,0x0000
0.0060587100,0,0x1C00,0x0000
0.0060616800,0,0x1C00,0x0000
0.0060646400,0,0x1C00,0x0000
0.0060676000,0,0x1C00,0x0000
0.0060705700,0,0x1C00,0x0000
0.0060735300,0,0x1C00,0x0000
0.0060764900,0,0x1C00,0x0000
0.0060794600,0,0x1C00,0x0000
0.0060824200,0,0x1C00,0x0000
0.0060853800,0,0x1C00,0x0000
0.0060883500,0,0x1C00,0x0000
0.0060913100,0,0x1C00,0x0000
0.0060942700,0,0x1C00,0x0000
0.0060972300,0,0x1C00,0x0000
0.0061002000,0,0x1C00,0x0000
0.0061031600,0,0x1C00,0x0000
0.0061061200,0,0x1C00,0x0000
0.0061090900,0,0x1C00,0x0000
0.0061120500,0,0x1C00,0x0000
0.0061150100,0,0x1C00,0x0000
0.0061179700,0,0x1C00,0x0000
0.0061209400,0,0x1C00,0x0000
0.0061239000,0,0x1C00,0x0000
0.0061268600,0,0x1C00,0x0000
0.0061298300,0,0x1C00,0x0000
0.0061327900,0,0x1C00,0x0000
0.0061357500,0,0x1C00,0x0000
0.0061387100,0,0x93E7,0x0000
0.0061416800,0,0xBBEF,0x0000
0.0061446400,0,0xBBEF,0x0000
0.0061476000,0,0xBBEF,0x0000
0.0061505700,0,0xBBEF,0x0000
0.0061535300,0,0xBBEF,0x0000
0.0061564900,0,0xBBEF,0x0000
0.0061594600,0,0xBBEF,0x0000
0.0061624200,0,0xBBEF,0x0000
0.0061653800,0,0xBBEF,0x0000
0.0061683400,0,0xBBEF,0x0000
0.0061713100,0,0xBBEF,0x0000
0.0061742700,0,0xBBEF,0x0000
0.0061772300,0,0xBBEF,0x0000
0.0061802000,0,0xBBEF,0x0000
0.0061831600,0,0xBBEF,0x0000
0.0061861200,0,0xBBEF,0x0000
0.0061890900,0,0x8FEF,0x0000
0.0061920500,0,0x1C00,0x0000
0.0061950100,0,0x1C00,0x0000
0.0061979700,0,0x1C00,0x0000
0.0062009400,0,0x1C00,0x0000
0.0062039000,0,0x1C00,0x0000
0.0062068600,0,0x1C00,0x0000
0.0062098300,0,0x1C00,0x0000
0.0062127900,0,0x1C00,0x0000
0.0062157500,0,0x1C00,0x0000
0.0062187100,0,0x1C00,0x0000
0.0062216800,0,0x1C00,0x0000
0.0062246400,0,0x1C00,0x0000
0.0062276000,0,0x1C00,0x0000
0.0062305700,0,0x1C00,0x0000
0.0062335300,0,0x1C00,0x0000
0.0062364900,0,0x1C00,0x0000
0.0062394600,0,0x1C00,0x0000
0.0062424200,0,0x1C00,0x0000
0.0062453800,0,0x1C00,0x0000
0.0062483500,0,0x1C00,0x0000
0.0062513100,0,0x1C00,0x0000
0.0062542700,0,0x1C00,0x0000
0.0062572300,0,0x1C00,0x0000
0.0062602000,0,0x1C00,0x0000
0.0062631600,0,0x1C00,0x0000
0.0062661200,0,0x1C00,0x0000
0.0062690900,0,0x1C00,0x0000
0.0062720500,0,0x1C00,0x0000
0.0062750100,0,0x1C00,0x0000
0.0062779700,0,0x1C00,0x0000
0.0062809400,0,0x93E7,0x0000
0.0062839000,0,0xBBEF,0x0000
0.0062868600,0,0xBBEF,0x0000
0.0062898300,0,0xBBEF,0x0000
0.0062927900,0,0xBBEF,0x0000
0.0062957500,0,0xBBEF,0x0000
0.0062987100,0,0xBBEF,0x0000
0.0063016800,0,0xBBEF,0x0000
0.0063046400,0,0xBBEF,0x0000
0.0063076000,0,0xBBEF,0x0000
0.0063105700,0,0xBBEF,0x0000
0.0063135300,0,0xBBEF,0x0000
0.0063164900,0,0xBBEF,0x0000
0.0063194600,0,0xBBEF,0x0000
0.0063224200,0,0xBBEF,0x0000
0.0063253800,0,0xBBEF,0x0000
0.0063283400,0,0xBBEF,0x0000
0.0063313100,0,0x8FEF,0x0000
0.0063342700,0,0x1C00,0x0000
0.0063372300,0,0x1C00,0x0000
0.0063402000,0,0x1C00,0x0000
0.0063431600,0,0x1C00,0x0000
0.0063461200,0,0x1C00,0x0000
0.0063490900,0,0x1C00,0x0000
0.0063520500,0,0x1C00,0x0000
0.0063550100,0,0x1C00,0x0000
0.0063579800,0,0x1C00,0x0000
0.0063609400,0,0x1C00,0x0000
0.0063639000,0,0x1C00,0x0000
0.0063668600,0,0x1C00,0x0000
0.0063698300,0,0x1C00,0x0000
0.0063727900,0,0x1C00,0x0000
0.0063757500,0,0x1C00,0x0000
0.0063787100,0,0x1C00,0x0000
0.0063816800,0,0x1C00,0x0000
0.0063846400,0,0x1C00,0x0000
0.0063876000,0,0x1C00,0x0000
0.0063905700,0,0x1C00,0x0000
0.0063935300,0,0x1C00,0x0000
0.0063964900,0,0x1C00,0x0000
0.0063994600,0,0x1C00,0x0000
0.0064024200,0,0x1C00,0x0000
0.0064053800,0,0x1C00,0x0000
0.0064083500,0,0x1C00,0x0000
0.0064113100,0,0x1C00,0x0000
0.0064142700,0,0x1C00,0x0000
0.0064172300,0,0x1C00,0x0000
0.0064202000,0,0x1C00,0x0000
0.0064231600,0,0x83E1,0x0000
0.0064261200,0,0xAFF6,0x0000
0.0064290900,0,0xAFF6,0x0000
0.0064320500,0,0xAFF6,0x0000
0.0064350100,0,0xAFF6,0x0000
0.0064379700,0,0xAFF6,0x0000
0.0064409400,0,0xAFF6,0x0000
0.0064439000,0,0xAFF6,0x0000
0.0064468600,0,0xAFF6,0x0000
0.0064498300,0,0xAFF6,0x0000
0.0064527900,0,0xAFF6,0x0000
0.0064557500,0,0xAFF6,0x0000
0.0064587100,0,0xAFF6,0x0000
0.0064616800,0,0xAFF6,0x0000
0.0064646400,0,0xAFF6,0x0000
0.0064676000,0,0xAFF6,0x0000
0.0064705700,0,0xAFF6,0x0000
0.0064735300,0,0x83E1,0x0000
0.0064764900,0,0x1C00,0x0000
0.0064794600,0,0x1C00,0x0000
0.0064824200,0,0x1C00,0x0000
0.0064853800,0,0x1C00,0x0000
0.0064883500,0,0x1C00,0x0000
0.0064913100,0,0x1C00,0x0000
0.0064942700,0,0x1C00,0x0000
0.0064972300,0,0x1C00,0x0000
0.0065002000,0,0x1C00,0x0000
0.0065031600,0,0x1C00,0x0000
0.0065061200,0,0x1C00,0x0000
0.0065090900,0,0x1C00,0x0000
0.0065120500,0,0x1C00,0x0000
0.0065150100,0,0x1C00,0x0000
0.0065179800,0,0x1C00,0x0000
0.0065209400,0,0x1C00,0x0000
0.0065239000,0,0x1C00,0x0000
0.0065268600,0,0x1C00,0x0000
0.0065298300,0,0x1C00,0x0000
0.0065327900,0,0x1C00,0x0000
0.0065357500,0,0x1C00,0x0000
0.0065387100,0,0x1C00,0x0000
0.0065416800,0,0x1C00,0x0000
0.0065446400,0,0x1C00,0x0000
0.0065476000,0,0x1C00,0x0000
0.0065505700,0,0x1C00,0x0000
0.0065535300,0,0x1C00,0x0000
0.0065564900,0,0x1C00,0x0000
0.0065594600,0,0x1C00,0x0000
0.0065624200,0,0x1C00,0x0000
0.0065653800,0,0x1C00,0x0000
0.0065683500,0,0x1C00,0x0000
0.0065713100,0,0x1C00,0x0000
0.0065742700,0,0x1C00,0x0000
0.0065772300,0,0x1C00,0x0000
0.0065802000,0,0x1C00,0x0000
0.0065831600,0,0x1C00,0x0000
0.0065861200,0,0x1C00,0x0000
0.0065890900,0,0x1C00,0x0000
0.0065920500,0,0x1C00,0x0000
0.0065950100,0,0x1C00,0x0000
0.0065979800,0,0x1C00,0x0000
0.0066009400,0,0x1C00,0x0000
0.0066039000,0,0x1C00,0x0000
0.0066068600,0,0x1C00,0x0000
0.0066098300,0,0x1C00,0x0000
0.0066127900,0,0x1C00,0x0000
0.0066157500,0,0x1C00,0x0000
0.0066187200,0,0x1C00,0x0000
0.0066216800,0,0x1C00,0x0000
0.0066246400,0,0x1C00,0x0000
0.0066276000,0,0x1C00,0x0000
0.0066305700,0,0x1C00,0x0000
0.0066335300,0,0x1C00,0x0000
0.0066364900,0,0x1C00,0x0000
0.0066394600,0,0x1C00,0x0000
0.0066424200,0,0x1C00,0x0000
0.0066453800,0,0x1C00,0x0000
0.0066483500,0,0x1C00,0x0000
0.0066513100,0,0x1C00,0x0000
0.0066542700,0,0x1C00,0x0000
0.0066572300,0,0x1C00,0x0000
0.0066602000,0,0x1C00,0x0000
0.0066631600,0,0x1C00,0x0000
0.0066661200,0,0x1C00,0x0000
0.0066690900,0,0x1C00,0x0000
0.0066720500,0,0x1C00,0x0000
0.0066750100,0,0x1C00,0x0000
0.0066779800,0,0x1C00,0x0000
0.0066809400,0,0x1C00,0x0000
0.0066839000,0,0x1C00,0x0000
0.0066868600,0,0x1C00,0x0000
0.0066898300,0,0x1C00,0x0000
0.0066927900,0,0x1C00,0x0000
0.0066957500,0,0x1C00,0x0000
0.0066987200,0,0x1C00,0x0000
0.0067016800,0,0x1C00,0x0000
0.0067046400,0,0x1C00,0x0000
0.0067076100,0,0x1C00,0x0000
0.0067105700,0,0x1C00,0x0000
0.0067135300,0,0x1C00,0x0000
0.0067164900,0,0x1C00,0x0000
0.0067194600,0,0x1C00,0x0000
0.0067224200,0,0x1C00,0x0000
0.0067253800,0,0x1C00,0x0000
0.0067283500,0,0x1C00,0x0000
0.0067313100,0,0x1C00,0x0000
0.0067342700,0,0x1C00,0x0000
0.0067372300,0,0x1C00,0x0000
0.0067402000,0,0x1C00,0x0000
0.0067431600,0,0x1C00,0x0000
0.0067461200,0,0x1C00,0x0000
0.0067490900,0,0x1C00,0x0000
0.0067520500,0,0x1C00,0x0000
0.0067550100,0,0x1C00,0x0000
0.0067579800,0,0x1C00,0x0000
0.0067609400,0,0x1C00,0x0000
0.0067639000,0,0x1C00,0x0000
0.0067668600,0,0x1C00,0x0000
0.0067698300,0,0x1C00,0x0000
0.0067727900,0,0x1C00,0x0000
0.0067757500,0,0x1C00,0x0000
0.0067787100,0,0x1C00,0x0000
0.0067816800,0,0x1C00,0x0000
0.0067846400,0,0x1C00,0x0000
0.0067876000,0,0x1C00,0x0000
0.0067905700,0,0x1C00,0x0000
0.0067935300,0,0x1C00,0x0000
0.0067964900,0,0x1C00,0x0000
0.0067994600,0,0x1C00,0x0000
0.0068024200,0,0x1C00,0x0000
0.0068053800,0,0x1C00,0x0000
0.0068083500,0,0x1C00,0x0000
0.0068113100,0,0x1C00,0x0000
0.0068142700,0,0x1C00,0x0000
0.0068172300,0,0x1C00,0x0000
0.0068202000,0,0x1C00,0x0000
0.0068231600,0,0x1C00,0x0000
0.0068261200,0,0x1C00,0x0000
0.0068290900,0,0x1C00,0x0000
0.0068320500,0,0x1C00,0x0000
0.0068350100,0,0x1C00,0x0000
0.0068379800,0,0x1C00,0x0000
0.0068409400,0,0x1C00,0x0000
0.0068439000,0,0x1C00,0x0000
0.0068468600,0,0x1C00,0x0000
0.0068498300,0,0x1C00,0x0000
0.0068527900,0,0x1C00,0x0000
0.0068557500,0,0x1C00,0x0000
0.0068587200,0,0x1C00,0x0000
0.0068616800,0,0x1C00,0x0000
0.0068646400,0,0x1C00,0x0000
0.0068676100,0,0x1C00,0x0000
0.0068705700,0,0x1C00,0x0000
0.0068735300,0,0x1C00,0x0000
0.0068764900,0,0x1C00,0x0000
0.0068794600,0,0x1C00,0x0000
0.0068824200,0,0x1C00,0x0000
0.0068853800,0,0x1C00,0x0000
0.0068883500,0,0x1C00,0x0000
0.0068913100,0,0x1C00,0x0000
0.0068942700,0,0x1C00,0x0000
0.0068972300,0,0x1C00,0x0000
0.0069002000,0,0x1C00,0x0000
0.0069031600,0,0x1C00,0x0000
0.0069061200,0,0x1C00,0x0000
0.0069090900,0,0x1C00,0x0000
0.0069120500,0,0x1C00,0x0000
0.0069150100,0,0x1C00,0x0000
0.0069179800,0,0x1C00,0x0000
0.0069209400,0,0x1C00,0x0000
0.0069239000,0,0x1C00,0x0000
0.0069268600,0,0x1C00,0x0000
0.0069298300,0,0x1C00,0x0000
0.0069327900,0,0x1C00,0x0000
0.0069357500,0,0x1C00,0x0000
0.0069387200,0,0x1C00,0x0000
0.0069416800,0,0x1C00,0x0000
0.0069446400,0,0x1C00,0x0000
0.0069476100,0,0x1C00,0x0000
0.0069505700,0,0x1C00,0x0000
0.0069535300,0,0x1C00,0x0000
0.0069564900,0,0x1C00,0x0000
0.0069594600,0,0x1C00,0x0000
0.0069624200,0,0x1C00,0x0000
0.0069653800,0,0x1C00,0x0000
0.0069683500,0,0x1C00,0x0000
0.0069713100,0,0x1C00,0x0000
0.0069742700,0,0x1C00,0x0000
0.0069772300,0,0x1C00,0x0000
0.0069802000,0,0x1C00,0x0000
0.0069831600,0,0x1C00,0x0000
0.0069861200,0,0x1C00,0x0000
0.0069890900,0,0x1C00,0x0000
0.0069920500,0,0x1C00,0x0000
0.0069950100,0,0x1C00,0x0000
0.0069979800,0,0x1C00,0x0000
0.0070009400,0,0x1C00,0x0000
0.0070039000,0,0x1C00,0x0000
0.0070068600,0,0x1C00,0x0000
0.0070098300,0,0x1C00,0x0000
0.0070127900,0,0x1C00,0x0000
0.0070157500,0,0x1C00,0x0000
0.0070187200,0,0x1C00,0x0000
0.0070216800,0,0x1C00,0x0000
0.0070246400,0,0x1C00,0x0000
0.0070276100,0,0x1C00,0x0000
0.0070305700,0,0x1C00,0x0000
0.0070335300,0,0x1C00,0x0000
0.0070364900,0,0x1C00,0x0000
0.0070394600,0,0x1C00,0x0000
0.0070424200,0,0x1C00,0x0000
0.0070453800,0,0x1C00,0x0000
0.0070483500,0,0x1C00,0x0000
0.0070513100,0,0x1C00,0x0000
0.0070542700,0,0x1C00,0x0000
0.0070572400,0,0x1C00,0x0000
0.0070602000,0,0x1C00,0x0000
0.0070631600,0,0x1C00,0x0000
0.0070661200,0,0x1C00,0x0000
0.0070690900,0,0x1C00,0x0000
0.0070720500,0,0x1C00,0x0000
0.0070750100,0,0x1C00,0x0000
0.0070779800,0,0x1C00,0x0000
0.0070809400,0,0x1C00,0x0000
0.0070839000,0,0x1C00,0x0000
0.0070868600,0,0x1C00,0x0000
0.0070898300,0,0x1C00,0x0000
0.0070927900,0,0x1C00,0x0000
0.0070957500,0,0x1C00,0x0000
0.0070987200,0,0x1C00,0x0000
0.0071016800,0,0x1C00,0x0000
0.0071046400,0,0x1C00,0x0000
0.0071076100,0,0x1C00,0x0000
0.0071105700,0,0x1C00,0x0000
0.0071135300,0,0x1C00,0x0000
0.0071164900,0,0x1C00,0x0000
0.0071194600,0,0x1C00,0x0000
0.0071224200,0,0x1C00,0x0000
0.0071253800,0,0x1C00,0x0000
0.0071283500,0,0x1C00,0x0000
0.0071313100,0,0x1C00,0x0000
0.0071342700,0,0x1C00,0x0000
0.0071372400,0,0x1C00,0x0000
0.0071402000,0,0x1C00,0x0000
0.0071431600,0,0x1C00,0x0000
0.0071461200,0,0x1C00,0x0000
0.0071490900,0,0x1C00,0x0000
0.0071520500,0,0x1C00,0x0000
0.0071550100,0,0x1C00,0x0000
0.0071579800,0,0x1C00,0x0000
0.0071609400,0,0x1C00,0x0000
0.0071639000,0,0x1C00,0x0000
0.0071668600,0,0x1C00,0x0000
0.0071698300,0,0x1C00,0x0000
0.0071727900,0,0x1C00,0x0000
0.0071757500,0,0x1C00,0x0000
0.0071787200,0,0x1C00,0x0000
0.0071816800,0,0x1C00,0x0000
0.0071846400,0,0x1C00,0x0000
0.0071876100,0,0x1C00,0x0000
0.0071905700,0,0x1C00,0x0000
0.0071935300,0,0x1C00,0x0000
0.0071964900,0,0x1C00,0x0000
0.0071994600,0,0x1C00,0x0000
0.0072024200,0,0x1C00,0x0000
0.0072053800,0,0x1C00,0x0000
0.0072083500,0,0x1C00,0x0000
0.0072113100,0,0x1C00,0x0000
0.0072142700,0,0x1C00,0x0000
0.0072172400,0,0x1C00,0x0000
0.0072202000,0,0x1C00,0x0000
0.0072231600,0,0x1C00,0x0000
0.0072261200,0,0x1C00,0x0000
0.0072290900,0,0x1C00,0x0000
0.0072320500,0,0x1C00,0x0000
0.0072350100,0,0x1C00,0x0000
0.0072379800,0,0x1C00,0x0000
0.0072409400,0,0x1C00,0x0000
0.0072439000,0,0x1C00,0x0000
0.0072468600,0,0x1C00,0x0000
0.0072498300,0,0x1C00,0x0000
0.0072527900,0,0x1C00,0x0000
0.0072557500,0,0x1C00,0x0000
0.0072587200,0,0x1C00,0x0000
0.0072616800,0,0x1C00,0x0000
0.0072646400,0,0x1C00,0x0000
0.0072676100,0,0x1C00,0x0000
0.0072705700,0,0x1C00,0x0000
0.0072735300,0,0x1C00,0x0000
0.0072764900,0,0x1C00,0x0000
0.0072794600,0,0x1C00,0x0000
0.0072824200,0,0x1C00,0x0000
0.0072853800,0,0x1C00,0x0000
0.0072883500,0,0x1C00,0x0000
0.0072913100,0,0x1C00,0x0000
0.0072942700,0,0x1C00,0x0000
0.0072972400,0,0x1C00,0x0000
0.0073002000,0,0x1C00,0x0000
0.0073031600,0,0x1C00,0x0000
0.0073061200,0,0x1C00,0x0000
0.0073090900,0,0x1C00,0x0000
0.0073120500,0,0x1C00,0x0000
0.0073150100,0,0x1C00,0x0000
0.0073179800,0,0x1C00,0x0000
0.0073209400,0,0x1C00,0x0000
0.0073239000,0,0x1C00,0x0000
0.0073268600,0,0x1C00,0x0000
0.0073298300,0,0x1C00,0x0000
0.0073327900,0,0x1C00,0x0000
0.0073357500,0,0x1C00,0x0000
0.0073387200,0,0x1C00,0x0000
0.0073416800,0,0x1C00,0x0000
0.0073446400,0,0x1C00,0x0000
0.0073476100,0,0x1C00,0x0000
0.0073505700,0,0x1C00,0x0000
0.0073535300,0,0x1C00,0x0000
0.0073564900,0,0x1C00,0x0000
0.0073594600,0,0x1C00,0x0000
0.0073624200,0,0x1C00,0x0000
0.0073653800,0,0x1C00,0x0000
0.0073683500,0,0x1C00,0x0000
0.0073713100,0,0x1C00,0x0000
0.0073742700,0,0x1C00,0x0000
0.0073772400,0,0x1C00,0x0000
0.0073802000,0,0x1C00,0x0000
0.0073831600,0,0x1C00,0x0000
0.0073861200,0,0x1C00,0x0000
0.0073890900,0,0x1C00,0x0000
0.0073920500,0,0x1C00,0x0000
0.0073950100,0,0x1C00,0x0000
0.0073979800,0,0x1C00,0x0000
0.0074009400,0,0x1C00,0x0000
0.0074039000,0,0x1C00,0x0000
0.0074068600,0,0x1C00,0x0000
0.0074098300,0,0x1C00,0x0000
0.0074127900,0,0x1C00,0x0000
0.0074157500,0,0x1C00,0x0000
0.0074187200,0,0x1C00,0x0000
0.0074216800,0,0x1C00,0x0000
0.0074246400,0,0x1C00,0x0000
0.0074276100,0,0x1C00,0x0000
0.0074305700,0,0x1C00,0x0000
0.0074335300,0,0x1C00,0x0000
0.0074365000,0,0x1C00,0x0000
0.0074394600,0,0x1C00,0x0000
0.0074424200,0,0x1C00,0x0000
0.0074453800,0,0x1C00,0x0000
0.0074483500,0,0x1C00,0x0000
0.0074513100,0,0x1C00,0x0000
0.0074542700,0,0x1C00,0x0000
0.0074572400,0,0x1C00,0x0000
0.0074602000,0,0x1C00,0x0000
0.0074631600,0,0x1C00,0x0000
0.0074661200,0,0x1C00,0x0000
0.0074690900,0,0x1C00,0x0000
0.0074720500,0,0x1C00,0x0000
0.0074750100,0,0x1C00,0x0000
0.0074779800,0,0x1C00,0x0000
0.0074809400,0,0x1C00,0x0000
0.0074839000,0,0x1C00,0x0000
0.0074868600,0,0x1C00,0x0000
0.0074898300,0,0x1C00,0x0000
0.0074927900,0,0x1C00,0x0000
0.0074957500,0,0x1C00,0x0000
0.0074987200,0,0x1C00,0x0000
0.0075016800,0,0x1C00,0x0000
0.0075046400,0,0x1C00,0x0000
0.0075076100,0,0x1C00,0x0000
0.0075105700,0,0x1C00,0x0000
0.0075135300,0,0x1C00,0x0000
0.0075165000,0,0x1C00,0x0000
0.0075194600,0,0x1C00,0x0000
0.0075224200,0,0x1C00,0x0000
0.0075253800,0,0x1C00,0x0000
0.0075283500,0,0x1C00,0x0000
0.0075313100,0,0x1C00,0x0000
0.0075342700,0,0x1C00,0x0000
0.0075372400,0,0x1C00,0x0000
0.0075402000,0,0x1C00,0x0000
0.0075431600,0,0x1C00,0x0000
0.0075461200,0,0x1C00,0x0000
0.0075490900,0,0x1C00,0x0000
0.0075520500,0,0x1C00,0x0000
0.0075550100,0,0x1C00,0x0000
0.0075579800,0,0x1C00,0x0000
0.0075609400,0,0x1C00,0x0000
0.0075639000,0,0x1C00,0x0000
0.0075668600,0,0x1C00,0x0000
0.0075698300,0,0x1C00,0x0000
0.0075727900,0,0x1C00,0x0000
0.0075757500,0,0x1C00,0x0000
0.0075787200,0,0x1C00,0x0000
0.0075816800,0,0x1C00,0x0000
0.0075846400,0,0x1C00,0x0000
0.0075876100,0,0x1C00,0x0000
0.0075905700,0,0x1C00,0x0000
0.0075935300,0,0x1C00,0x0000
0.0075964900,0,0x1C00,0x0000
0.0075994600,0,0x1C00,0x0000
0.0076024200,0,0x1C00,0x0000
0.0076053800,0,0x1C00,0x0000
0.0076083500,0,0x1C00,0x0000
0.0076113100,0,0x1C00,0x0000
0.0076142700,0,0x1C00,0x0000
0.0076172400,0,0x1C00,0x0000
0.0076202000,0,0x1C00,0x0000
0.0076231600,0,0x1C00,0x0000
0.0076261200,0,0x1C00,0x0000
0.0076290900,0,0x1C00,0x0000
0.0076320500,0,0x1C00,0x0000
0.0076350100,0,0x1C00,0x0000
0.0076379800,0,0x1C00,0x0000
0.0076409400,0,0x1C00,0x0000
0.0076439000,0,0x1C00,0x0000
0.0076468600,0,0x1C00,0x0000
0.0076498300,0,0x1C00,0x0000
0.0076527900,0,0x1C00,0x0000
0.0076557500,0,0x1C00,0x0000
0.0076587200,0,0x0000,0x0000
0.0076616800,0,0x0000,0x0000
0.0076646400,0,0x0000,0x0000
0.0122853900,1,0x55AA,0x0000
0.0122883500,1,0x2DEC,0x0000
0.0122913200,1,0x01FF,0x0000
0.0122942800,1,0x1C00,0x0000
0.0122972400,1,0x1C00,0x0000
0.0123002100,1,0x1C00,0x0000
0.0123031700,1,0x1C00,0x0000
0.0123061300,1,0x1C00,0x0000
0.0123090900,1,0x1C00,0x0000
0.0123120600,1,0x1C00,0x0000
0.0123150200,1,0x1C00,0x0000
0.0123179800,1,0x1C00,0x0000
0.0123209500,1,0x1C00,0x0000
0.0123239100,1,0x1C00,0x0000
0.0123268700,1,0x1C00,0x0000
0.0123298300,1,0x1C00,0x0000
0.0123328000,1,0x1C00,0x0000
0.0123357600,1,0x1C00,0x0000
0.0123387200,1,0x1C00,0x0000
0.0123416900,1,0x1C00,0x0000
0.0123446500,1,0x1C00,0x0000
0.0123476100,1,0x1C00,0x0000
0.0123505800,1,0x1C00,0x0000
0.0123535400,1,0x1C00,0x0000
0.0123565000,1,0x1C00,0x0000
0.0123594600,1,0x1C00,0x0000
0.0123624300,1,0x1C00,0x0000
0.0123653900,1,0x1C00,0x0000
0.0123683500,1,0x1C00,0x0000
0.0123713200,1,0x1C00,0x0000
0.0123742800,1,0x1C00,0x0000
0.0123772400,1,0x1C00,0x0000
0.0123802100,1,0x1C00,0x0000
0.0123831700,1,0x1C00,0x0000
0.0123861300,1,0x1C00,0x0000
0.0123890900,1,0x1C00,0x0000
0.0123920600,1,0x1C00,0x0000
0.0123950200,1,0x1C00,0x0000
0.0123979800,1,0x1C00,0x0000
0.0124009500,1,0x1C00,0x0000
0.0124039100,1,0x1C00,0x0000
0.0124068700,1,0x1C00,0x0000
0.0124098400,1,0x1C00,0x0000
0.0124128000,1,0x1C00,0x0000
0.0124157600,1,0x1C00,0x0000
0.0124187200,1,0x1C00,0x0000
0.0124216900,1,0x1C00,0x0000
0.0124246500,1,0x1C00,0x0000
0.0124276100,1,0x1C00,0x0000
0.0124305800,1,0x1C00,0x0000
0.0124335400,1,0x1C00,0x0000
0.0124365000,1,0x1C00,0x0000
0.0124394600,1,0x1C00,0x0000
0.0124424300,1,0x1C00,0x0000
0.0124453900,1,0x1C00,0x0000
0.0124483500,1,0x1C00,0x0000
0.0124513200,1,0x1C00,0x0000
0.0124542800,1,0x1C00,0x0000
0.0124572400,1,0x1C00,0x0000
0.0124602100,1,0x1C00,0x0000
0.0124631700,1,0x1C00,0x0000
0.0124661300,1,0x1C00,0x0000
0.0124690900,1,0x1C00,0x0000
0.0124720600,1,0x1C00,0x0000
0.0124750200,1,0x1C00,0x0000
0.0124779800,1,0x1C00,0x0000
0.0124809500,1,0x1C00,0x0000
0.0124839100,1,0x1C00,0x0000
0.0124868700,1,0x1C00,0x0000
0.0124898400,1,0x1C00,0x0000
0.0124928000,1,0x1C00,0x0000
0.0124957600,1,0x1C00,0x0000
0.0124987200,1,0x1C00,0x0000
0.0125016900,1,0x1C00,0x0000
0.0125046500,1,0x1C00,0x0000
0.0125076100,1,0x1C00,0x0000
0.0125105800,1,0x1C00,0x0000
0.0125135400,1,0x1C00,0x0000
0.0125165000,1,0x1C00,0x0000
0.0125194600,1,0x1C00,0x0000
0.0125224300,1,0x1C00,0x0000
0.0125253900,1,0x1C00,0x0000
0.0125283500,1,0x1C00,0x0000
0.0125313200,1,0x1C00,0x0000
0.0125342800,1,0x1C00,0x0000
0.0125372400,1,0x1C00,0x0000
0.0125402100,1,0x1C00,0x0000
0.0125431700,1,0x1C00,0x0000
0.0125461300,1,0x1C00,0x0000
0.0125490900,1,0x1C00,0x0000
0.0125520600,1,0x1C00,0x0000
0.0125550200,1,0x1C00,0x0000
0.0125579800,1,0x1C00,0x0000
0.0125609500,1,0x1C00,0x0000
0.0125639100,1,0x1C00,0x0000
0.0125668700,1,0x1C00,0x0000
0.0125698400,1,0x1C00,0x0000
0.0125728000,1,0x1C00,0x0000
0.0125757600,1,0x1C00,0x0000
0.0125787200,1,0x1C00,0x0000
0.0125816900,1,0x1C00,0x0000
0.0125846500,1,0x1C00,0x0000
0.0125876100,1,0x1C00,0x0000
0.0125905800,1,0x1C00,0x0000
0.0125935400,1,0x1C00,0x0000
0.0125965000,1,0x1C00,0x0000
0.0125994600,1,0x1C00,0x0000
0.0126024300,1,0x1C00,0x0000
0.0126053900,1,0x1C00,0x0000
0.0126083500,1,0x1C00,0x0000
0.0126113200,1,0x1C00,0x0000
0.0126142800,1,0x1C00,0x0000
0.0126172400,1,0x1C00,0x0000
0.0126202100,1,0x1C00,0x0000
0.0126231700,1,0x1C00,0x0000
0.0126261300,1,0x1C00,0x0000
0.0126290900,1,0x1C00,0x0000
0.0126320600,1,0x1C00,0x0000
0.0126350200,1,0x1C00,0x0000
0.0126379800,1,0x1C00,0x0000
0.0126409500,1,0x1C00,0x0000
0.0126439100,1,0x1C00,0x0000
0.0126468700,1,0x1C00,0x0000
0.0126498400,1,0x1C00,0x0000
0.0126528000,1,0x1C00,0x0000
0.0126557600,1,0x1C00,0x0000
0.0126587200,1,0x1C00,0x0000
0.0126616900,1,0x1C00,0x0000
0.0126646500,1,0x1C00,0x0000
0.0126676100,1,0x1C00,0x0000
0.0126705800,1,0x1C00,0x0000
0.0126735400,1,0x1C00,0x0000
0.0126765000,1,0x1C00,0x0000
0.0126794600,1,0x1C00,0x0000
0.0126824300,1,0x1C00,0x0000
0.0126853900,1,0x1C00,0x0000
0.0126883500,1,0x1C00,0x0000
0.0126913200,1,0x1C00,0x0000
0.0126942800,1,0x1C00,0x0000
0.0126972400,1,0x1C00,0x0000
0.0127002100,1,0x1C00,0x0000
0.0127031700,1,0x1C00,0x0000
0.0127061300,1,0x1C00,0x0000
0.0127090900,1,0x1C00,0x0000
0.0127120600,1,0x1C00,0x0000
0.0127150200,1,0x1C00,0x0000
0.0127179800,1,0x1C00,0x0000
0.0127209500,1,0x1C00,0x0000
0.0127239100,1,0x1C00,0x0000
0.0127268700,1,0x1C00,0x0000
0.0127298400,1,0x1C00,0x0000
0.0127328000,1,0x1C00,0x0000
0.0127357600,1,0x1C00,0x0000
0.0127387200,1,0x1C00,0x0000
0.0127416900,1,0x1C00,0x0000
0.0127446500,1,0x1C00,0x0000
0.0127476100,1,0x1C00,0x0000
0.0127505800,1,0x1C00,0x0000
0.0127535400,1,0x1C00,0x0000
0.0127565000,1,0x1C00,0x0000
0.0127594600,1,0x1C00,0x0000
0.0127624300,1,0x1C00,0x0000
0.0127653900,1,0x1C00,0x0000
0.0127683500,1,0x1C00,0x0000
0.0127713200,1,0x1C00,0x0000
0.0127742800,1,0x1C00,0x0000
0.0127772400,1,0x1C00,0x0000
0.0127802100,1,0x1C00,0x0000
0.0127831700,1,0x1C00,0x0000
0.0127861300,1,0x1C00,0x0000
0.0127891000,1,0x1C00,0x0000
0.0127920600,1,0x1C00,0x0000
0.0127950200,1,0x1C00,0x0000
0.0127979800,1,0x1C00,0x0000
0.0128009500,1,0x1C00,0x0000
0.0128039100,1,0x1C00,0x0000
0.0128068700,1,0x1C00,0x0000
0.0128098400,1,0x1C00,0x0000
0.0128128000,1,0x1C00,0x0000
0.0128157600,1,0x1C00,0x0000
0.0128187200,1,0x1C00,0x0000
0.0128216900,1,0x1C00,0x0000
0.0128246500,1,0x1C00,0x0000
0.0128276100,1,0x1C00,0x0000
0.0128305800,1,0x1C00,0x0000
0.0128335400,1,0x1C00,0x0000
0.0128365000,1,0x1C00,0x0000
0.0128394600,1,0x1C00,0x0000
0.0128424300,1,0x1C00,0x0000
0.0128453900,1,0x1C00,0x0000
0.0128483500,1,0x1C00,0x0000
0.0128513200,1,0x1C00,0x0000
0.0128542800,1,0x1C00,0x0000
0.0128572400,1,0x1C00,0x0000
0.0128602100,1,0x1C00,0x0000
0.0128631700,1,0x1C00,0x0000
0.0128661300,1,0x1C00,0x0000
0.0128691000,1,0x1C00,0x0000
0.0128720600,1,0x1C00,0x0000
0.0128750200,1,0x1C00,0x0000
0.0128779800,1,0x1C00,0x0000
0.0128809500,1,0x1C00,0x0000
0.0128839100,1,0x1C00,0x0000
0.0128868700,1,0x1C00,0x0000
0.0128898400,1,0x1C00,0x0000
0.0128928000,1,0x1C00,0x0000
0.0128957600,1,0x1C00,0x0000
0.0128987200,1,0x1C00,0x0000
0.0129016900,1,0x1C00,0x0000
0.0129046500,1,0x1C00,0x0000
0.0129076100,1,0x1C00,0x0000
0.0129105800,1,0x1C00,0x0000
0.0129135400,1,0x1C00,0x0000
0.0129165000,1,0x1C00,0x0000
0.0129194600,1,0x1C00,0x0000
0.0129224300,1,0x1C00,0x0000
0.0129253900,1,0x1C00,0x0000
0.0129283500,1,0x1C00,0x0000
0.0129313200,1,0x1C00,0x0000
0.0129342800,1,0x1C00,0x0000
0.0129372400,1,0x1C00,0x0000
0.0129402100,1,0x1C00,0x0000
0.0129431700,1,0x1C00,0x0000
0.0129461300,1,0x1C00,0x0000
0.0129491000,1,0x1C00,0x0000
0.0129520600,1,0x1C00,0x0000
0.0129550200,1,0x1C00,0x0000
0.0129579800,1,0x1C00,0x0000
0.0129609500,1,0x1C00,0x0000
0.0129639100,1,0x1C00,0x0000
0.0129668700,1,0x1C00,0x0000
0.0129698400,1,0x1C00,0x0000
0.0129728000,1,0x1C00,0x0000
0.0129757600,1,0x1C00,0x0000
0.0129787200,1,0x1C00,0x0000
0.0129816900,1,0x1C00,0x0000
0.0129846500,1,0x1C00,0x0000
0.0129876100,1,0x1C00,0x0000
0.0129905800,1,0x1C00,0x0000
0.0129935400,1,0x1C00,0x0000
0.0129965000,1,0x1C00,0x0000
0.0129994600,1,0x1C00,0x0000
0.0130024300,1,0x1C00,0x0000
0.0130053900,1,0x1C00,0x0000
0.0130083500,1,0x1C00,0x0000
0.0130113200,1,0x1C00,0x0000
0.0130142800,1,0x1C00,0x0000
0.0130172400,1,0x1C00,0x0000
0.0130202100,1,0x1C00,0x0000
0.0130231700,1,0x1C00,0x0000
0.0130261300,1,0x1C00,0x0000
0.0130291000,1,0x1C00,0x0000
0.0130320600,1,0x1C00,0x0000
0.0130350200,1,0x1C00,0x0000
0.0130379800,1,0x1C00,0x0000
0.0130409500,1,0x1C00,0x0000
0.0130439100,1,0x1C00,0x0000
0.0130468700,1,0x1C00,0x0000
0.0130498400,1,0x1C00,0x0000
0.0130528000,1,0x1C00,0x0000
0.0130557600,1,0x1C00,0x0000
0.0130587300,1,0x1C00,0x0000
0.0130616900,1,0x1C00,0x0000
0.0130646500,1,0x1C00,0x0000
0.0130676100,1,0x1C00,0x0000
0.0130705800,1,0x1C00,0x0000
0.0130735400,1,0x1C00,0x0000
0.0130765000,1,0x1C00,0x0000
0.0130794600,1,0x1C00,0x0000
0.0130824300,1,0x1C00,0x0000
0.0130853900,1,0x1C00,0x0000
0.0130883500,1,0x1C00,0x0000
0.0130913200,1,0x1C00,0x0000
0.0130942800,1,0x1C00,0x0000
0.0130972400,1,0x1C00,0x0000
0.0131002100,1,0x1C00,0x0000
0.0131031700,1,0x1C00,0x0000
0.0131061300,1,0x1C00,0x0000
0.0131091000,1,0x1C00,0x0000
0.0131120600,1,0x1C00,0x0000
0.0131150200,1,0x1C00,0x0000
0.0131179800,1,0x1C00,0x0000
0.0131209500,1,0x1C00,0x0000
0.0131239100,1,0x1C00,0x0000
0.0131268700,1,0x1C00,0x0000
0.0131298400,1,0x1C00,0x0000
0.0131328000,1,0x1C00,0x0000
0.0131357600,1,0x1C00,0x0000
0.0131387300,1,0x1C00,0x0000
0.0131416900,1,0x1C00,0x0000
0.0131446500,1,0x1C00,0x0000
0.0131476100,1,0x1C00,0x0000
0.0131505800,1,0x1C00,0x0000
0.0131535400,1,0x1C00,0x0000
0.0131565000,1,0x1C00,0x0000
0.0131594600,1,0x1C00,0x0000
0.0131624300,1,0x1C00,0x0000
0.0131653900,1,0x1C00,0x0000
0.0131683500,1,0x1C00,0x0000
0.0131713200,1,0x1C00,0x0000
0.0131742800,1,0x1C00,0x0000
0.0131772400,1,0x1C00,0x0000
0.0131802100,1,0x1C00,0x0000
0.0131831700,1,0x1C00,0x0000
0.0131861300,1,0x1C00,0x0000
0.0131891000,1,0x1C00,0x0000
0.0131920600,1,0x1C00,0x0000
0.0131950200,1,0x1C00,0x0000
0.0131979800,1,0x1C00,0x0000
0.0132009500,1,0x1C00,0x0000
0.0132039100,1,0x1C00,0x0000
0.0132068700,1,0x1C00,0x0000
0.0132098400,1,0x1C00,0x0000
0.0132128000,1,0x1C00,0x0000
0.0132157600,1,0x1C00,0x0000
0.0132187300,1,0x1C00,0x0000
0.0132216900,1,0x1C00,0x0000
0.0132246500,1,0x1C00,0x0000
0.0132276100,1,0x1C00,0x0000
0.0132305800,1,0x1C00,0x0000
0.0132335400,1,0x1C00,0x0000
0.0132365000,1,0x1C00,0x0000
0.0132394700,1,0x1C00,0x0000
0.0132424300,1,0x1C00,0x0000
0.0132453900,1,0x1C00,0x0000
0.0132483600,1,0x1C00,0x0000
0.0132513200,1,0x1C00,0x0000
0.0132542800,1,0x1C00,0x0000
0.0132572400,1,0x1C00,0x0000
0.0132602100,1,0x1C00,0x0000
0.0132631700,1,0x1C00,0x0000
0.0132661300,1,0x1C00,0x0000
0.0132691000,1,0x1C00,0x0000
0.0132720600,1,0x1C00,0x0000
0.0132750200,1,0x1C00,0x0000
0.0132779800,1,0x1C00,0x0000
0.0132809500,1,0x1C00,0x0000
0.0132839100,1,0x1C00,0x0000
0.0132868700,1,0x1C00,0x0000
0.0132898400,1,0x1C00,0x0000
0.0132928000,1,0x1C00,0x0000
0.0132957600,1,0x1C00,0x0000
0.0132987300,1,0x1C00,0x0000
0.0133016900,1,0x1C00,0x0000
0.0133046500,1,0x1C00,0x0000
0.0133076100,1,0x1C00,0x0000
0.0133105800,1,0x1C00,0x0000
0.0133135400,1,0x1C00,0x0000
0.0133165000,1,0x1C00,0x0000
0.0133194600,1,0x1C00,0x0000
0.0133224300,1,0x1C00,0x0000
0.0133253900,1,0x1C00,0x0000
0.0133283600,1,0x1C00,0x0000
0.0133313200,1,0x1C00,0x0000
0.0133342800,1,0x1C00,0x0000
0.0133372400,1,0x1C00,0x0000
0.0133402100,1,0x1C00,0x0000
0.0133431700,1,0x1C00,0x0000
0.0133461300,1,0x1C00,0x0000
0.0133491000,1,0x1C00,0x0000
0.0133520600,1,0x1C00,0x0000
0.0133550200,1,0x1C00,0x0000
0.0133579800,1,0x1C00,0x0000
0.0133609500,1,0x1C00,0x0000
0.0133639100,1,0x1C00,0x0000
0.0133668700,1,0x1C00,0x0000
0.0133698400,1,0x1C00,0x0000
0.0133728000,1,0x1C00,0x0000
0.0133757600,1,0x1C00,0x0000
0.0133787300,1,0x1C00,0x0000
0.0133816900,1,0x1C00,0x0000
0.0133846500,1,0x1C00,0x0000
0.0133876100,1,0x1C00,0x0000
0.0133905800,1,0x1C00,0x0000
0.0133935400,1,0x1C00,0x0000
0.0133965000,1,0x1C00,0x0000
0.0133994700,1,0x1C00,0x0000
0.0134024300,1,0x1C00,0x0000
0.0134053900,1,0x1C00,0x0000
0.0134083600,1,0x1C00,0x0000
0.0134113200,1,0x1C00,0x0000
0.0134142800,1,0x1C00,0x0000
0.0134172400,1,0x1C00,0x0000
0.0134202100,1,0x1C00,0x0000
0.0134231700,1,0x1C00,0x0000
0.0134261300,1,0x1C00,0x0000
0.0134291000,1,0x1C00,0x0000
0.0134320600,1,0x1C00,0x0000
0.0134350200,1,0x1C00,0x0000
0.0134379800,1,0x1C00,0x0000
0.0134409500,1,0x1C00,0x0000
0.0134439100,1,0x1C00,0x0000
0.0134468700,1,0x1C00,0x0000
0.0134498400,1,0x1C00,0x0000
0.0134528000,1,0x1C00,0x0000
0.0134557600,1,0x1C00,0x0000
0.0134587300,1,0x1C00,0x0000
0.0134616900,1,0x1C00,0x0000
0.0134646500,1,0x1C00,0x0000
0.0134676100,1,0x1C00,0x0000
0.0134705800,1,0x1C00,0x0000
0.0134735400,1,0x1C00,0x0000
0.0134765000,1,0x83E7,0x0000
0.0134794600,1,0xAFFF,0x0000
0.0134824300,1,0xAFFF,0x0000
0.0134853900,1,0xAFFF,0x0000
0.0134883600,1,0xAFFF,0x0000
0.0134913200,1,0xAFFF,0x0000
0.0134942800,1,0xAFFF,0x0000
0.0134972400,1,0xAFFF,0x0000
0.0135002100,1,0xAFFF,0x0000
0.0135031700,1,0xAFFF,0x0000
0.0135061300,1,0xAFFF,0x0000
0.0135091000,1,0xAFFF,0x0000
0.0135120600,1,0xAFFF,0x0000
0.0135150200,1,0xAFFF,0x0000
0.0135179800,1,0xAFFF,0x0000
0.0135209500,1,0xAFFF,0x0000
0.0135239100,1,0xAFFF,0x0000
0.0135268700,1,0x83E1,0x0000
0.0135298400,1,0x1C00,0x0000
0.0135328000,1,0x1C00,0x0000
0.0135357600,1,0x1C00,0x0000
0.0135387300,1,0x1C00,0x0000
0.0135416900,1,0x1C00,0x0000
0.0135446500,1,0x1C00,0x0000
0.0135476100,1,0x1C00,0x0000
0.0135505800,1,0x1C00,0x0000
0.0135535400,1,0x1C00,0x0000
0.0135565000,1,0x1C00,0x0000
0.0135594700,1,0x1C00,0x0000
0.0135624300,1,0x1C00,0x0000
0.0135653900,1,0x1C00,0x0000
0.0135683600,1,0x1C00,0x0000
0.0135713200,1,0x1C00,0x0000
0.0135742800,1,0x1C00,0x0000
0.0135772400,1,0x1C00,0x0000
0.0135802100,1,0x1C00,0x0000
0.0135831700,1,0x1C00,0x0000
0.0135861300,1,0x1C00,0x0000
0.0135891000,1,0x1C00,0x0000
0.0135920600,1,0x1C00,0x0000
0.0135950200,1,0x1C00,0x0000
0.0135979800,1,0x1C00,0x0000
0.0136009500,1,0x1C00,0x0000
0.0136039100,1,0x1C00,0x0000
0.0136068700,1,0x1C00,0x0000
0.0136098400,1,0x1C00,0x0000
0.0136128000,1,0x1C00,0x0000
0.0136157600,1,0x1C00,0x0000
0.0136187300,1,0x93E7,0x0000
0.0136216900,1,0xBBEF,0x0000
0.0136246500,1,0xBBEF,0x0000
0.0136276100,1,0xBBEF,0x0000
0.0136305800,1,0xBBEF,0x0000
0.0136335400,1,0xBBEF,0x0000
0.0136365000,1,0xBBEF,0x0000
0.0136394700,1,0xBBEF,0x0000
0.0136424300,1,0xBBEF,0x0000
0.0136453900,1,0xBBEF,0x0000
0.0136483600,1,0xBBEF,0x0000
0.0136513200,1,0xBBEF,0x0000
0.0136542800,1,0xBBEF,0x0000
0.0136572400,1,0xBBEF,0x0000
0.0136602100,1,0xBBEF,0x0000
0.0136631700,1,0xBBEF,0x0000
0.0136661300,1,0xBBEF,0x0000
0.0136691000,1,0x8FEF,0x0000
0.0136720600,1,0x1C00,0x0000
0.0136750200,1,0x1C00,0x0000
0.0136779900,1,0x1C00,0x0000
0.0136809500,1,0x1C00,0x0000
0.0136839100,1,0x1C00,0x0000
0.0136868700,1,0x1C00,0x0000
0.0136898400,1,0x1C00,0x0000
0.0136928000,1,0x1C00,0x0000
0.0136957600,1,0x1C00,0x0000
0.0136987300,1,0x1C00,0x0000
0.0137016900,1,0x1C00,0x0000
0.0137046500,1,0x1C00,0x0000
0.0137076100,1,0x1C00,0x0000
0.0137105800,1,0x1C00,0x0000
0.0137135400,1,0x1C00,0x0000
0.0137165000,1,0x1C00,0x0000
0.0137194700,1,0x1C00,0x0000
0.0137224300,1,0x1C00,0x0000
0.0137253900,1,0x1C00,0x0000
0.0137283600,1,0x1C00,0x0000
0.0137313200,1,0x1C00,0x0000
0.0137342800,1,0x1C00,0x0000
0.0137372400,1,0x1C00,0x0000
0.0137402100,1,0x1C00,0x0000
0.0137431700,1,0x1C00,0x0000
0.0137461300,1,0x1C00,0x0000
0.0137491000,1,0x1C00,0x0000
0.0137520600,1,0x1C00,0x0000
0.0137550200,1,0x1C00,0x0000
0.0137579800,1,0x1C00,0x0000
0.0137609500,1,0x93E7,0x0000
0.0137639100,1,0xBBEF,0x0000
0.0137668700,1,0xBBEF,0x0000
0.0137698400,1,0xBBEF,0x0000
0.0137728000,1,0xBBEF,0x0000
0.0137757600,1,0xBBEF,0x0000
0.0137787300,1,0xBBEF,0x0000
0.0137816900,1,0xBBEF,0x0000
0.0137846500,1,0xBBEF,0x0000
0.0137876100,1,0xBBEF,0x0000
0.0137905800,1,0xBBEF,0x0000
0.0137935400,1,0xBBEF,0x0000
0.0137965000,1,0xBBEF,0x0000
0.0137994700,1,0xBBEF,0x0000
0.0138024300,1,0xBBEF,0x0000
0.0138053900,1,0xBBEF,0x0000
0.0138083600,1,0xBBEF,0x0000
0.0138113200,1,0x8FEF,0x0000
0.0138142800,1,0x1C00,0x0000
0.0138172400,1,0x1C00,0x0000
0.0138202100,1,0x1C00,0x0000
0.0138231700,1,0x1C00,0x0000
0.0138261300,1,0x1C00,0x0000
0.0138291000,1,0x1C00,0x0000
0.0138320600,1,0x1C00,0x0000
0.0138350200,1,0x1C00,0x0000
0.0138379900,1,0x1C00,0x0000
0.0138409500,1,0x1C00,0x0000
0.0138439100,1,0x1C00,0x0000
0.0138468700,1,0x1C00,0x0000
0.0138498400,1,0x1C00,0x0000
0.0138528000,1,0x1C00,0x0000
0.0138557600,1,0x1C00,0x0000
0.0138587300,1,0x1C00,0x0000
0.0138616900,1,0x1C00,0x0000
0.0138646500,1,0x1C00,0x0000
0.0138676100,1,0x1C00,0x0000
0.0138705800,1,0x1C00,0x0000
0.0138735400,1,0x1C00,0x0000
0.0138765000,1,0x1C00,0x0000
0.0138794700,1,0x1C00,0x0000
0.0138824300,1,0x1C00,0x0000
0.0138853900,1,0x1C00,0x0000
0.0138883600,1,0x1C00,0x0000
0.0138913200,1,0x1C00,0x0000
0.0138942800,1,0x1C00,0x0000
0.0138972400,1,0x1C00,0x0000
0.0139002100,1,0x1C00,0x0000
0.0139031700,1,0x93E7,0x0000
0.0139061300,1,0xBBEF,0x0000
0.0139091000,1,0xBBEF,0x0000
0.0139120600,1,0xBBEF,0x0000
0.0139150200,1,0xBBEF,0x0000
0.0139179900,1,0xBBEF,0x0000
0.0139209500,1,0xBBEF,0x0000
0.0139239100,1,0xBBEF,0x0000
0.0139268700,1,0xBBEF,0x0000
0.0139298400,1,0xBBEF,0x0000
0.0139328000,1,0xBBEF,0x0000
0.0139357600,1,0xBBEF,0x0000
0.0139387300,1,0xBBEF,0x0000
0.0139416900,1,0xBBEF,0x0000
0.0139446500,1,0xBBEF,0x0000
0.0139476100,1,0xBBEF,0x0000
0.0139505800,1,0xBBEF,0x0000
0.0139535400,1,0x8FEF,0x0000
0.0139565000,1,0x1C00,0x0000
0.0139594700,1,0x1C00,0x0000
0.0139624300,1,0x1C00,0x0000
0.0139653900,1,0x1C00,0x0000
0.0139683600,1,0x1C00,0x0000
0.0139713200,1,0x1C00,0x0000
0.0139742800,1,0x1C00,0x0000
0.0139772400,1,0x1C00,0x0000
0.0139802100,1,0x1C00,0x0000
0.0139831700,1,0x1C00,0x0000
0.0139861300,1,0x1C00,0x0000
0.0139891000,1,0x1C00,0x0000
0.0139920600,1,0x1C00,0x0000
0.0139950200,1,0x1C00,0x0000
0.0139979900,1,0x1C00,0x0000
0.0140009500,1,0x1C00,0x0000
0.0140039100,1,0x1C00,0x0000
0.0140068700,1,0x1C00,0x0000
0.0140098400,1,0x1C00,0x0000
0.0140128000,1,0x1C00,0x0000
0.0140157600,1,0x1C00,0x0000
0.0140187300,1,0x1C00,0x0000
0.0140216900,1,0x1C00,0x0000
0.0140246500,1,0x1C00,0x0000
0.0140276100,1,0x1C00,0x0000
0.0140305800,1,0x1C00,0x0000
0.0140335400,1,0x1C00,0x0000
0.0140365000,1,0x1C00,0x0000
0.0140394700,1,0x1C00,0x0000
0.0140424300,1,0x1C00,0x0000
0.0140453900,1,0x93E7,0x0000
0.0140483600,1,0xBBEF,0x0000
0.0140513200,1,0xBBEF,0x0000
0.0140542800,1,0xBBEF,0x0000
0.0140572400,1,0xBBEF,0x0000
0.0140602100,1,0xBBEF,0x0000
0.0140631700,1,0xBBEF,0x0000
0.0140661300,1,0xBBEF,0x0000
0.0140691000,1,0xBBEF,0x0000
0.0140720600,1,0xBBEF,0x0000
0.0140750200,1,0xBBEF,0x0000
0.0140779900,1,0xBBEF,0x0000
0.0140809500,1,0xBBEF,0x0000
0.0140839100,1,0xBBEF,0x0000
0.0140868700,1,0xBBEF,0x0000
0.0140898400,1,0xBBEF,0x0000
0.0140928000,1,0xBBEF,0x0000
0.0140957600,1,0x8FEF,0x0000
0.0140987300,1,0x1C00,0x0000
0.0141016900,1,0x1C00,0x0000
0.0141046500,1,0x1C00,0x0000
0.0141076100,1,0x1C00,0x0000
0.0141105800,1,0x1C00,0x0000
0.0141135400,1,0x1C00,0x0000
0.0141165000,1,0x1C00,0x0000
0.0141194700,1,0x1C00,0x0000
0.0141224300,1,0x1C00,0x0000
0.0141253900,1,0x1C00,0x0000
0.0141283600,1,0x1C00,0x0000
0.0141313200,1,0x1C00,0x0000
0.0141342800,1,0x1C00,0x0000
0.0141372500,1,0x1C00,0x0000
0.0141402100,1,0x1C00,0x0000
0.0141431700,1,0x1C00,0x0000
0.0141461300,1,0x1C00,0x0000
0.0141491000,1,0x1C00,0x0000
0.0141520600,1,0x1C00,0x0000
0.0141550200,1,0x1C00,0x0000
0.0141579900,1,0x1C00,0x0000
0.0141609500,1,0x1C00,0x0000
0.0141639100,1,0x1C00,0x0000
0.0141668700,1,0x1C00,0x0000
0.0141698400,1,0x1C00,0x0000
0.0141728000,1,0x1C00,0x0000
0.0141757600,1,0x1C00,0x0000
0.0141787300,1,0x1C00,0x0000
0.0141816900,1,0x1C00,0x0000
0.0141846500,1,0x1C00,0x0000
0.0141876100,1,0x93E7,0x0000
0.0141905800,1,0xBBEF,0x0000
0.0141935400,1,0xBBEF,0x0000
0.0141965000,1,0xBBEF,0x0000
0.0141994700,1,0xBBEF,0x0000
0.0142024300,1,0xBBEF,0x0000
0.0142053900,1,0xBBEF,0x0000
0.0142083600,1,0xBBEF,0x0000
0.0142113200,1,0xBBEF,0x0000
0.0142142800,1,0xBBEF,0x0000
0.0142172400,1,0xBBEF,0x0000
0.0142202100,1,0xBBEF,0x0000
0.0142231700,1,0xBBEF,0x0000
0.0142261300,1,0xBBEF,0x0000
0.0142291000,1,0xBBEF,0x0000
0.0142320600,1,0xBBEF,0x0000
0.0142350200,1,0xBBEF,0x0000
0.0142379900,1,0x8FEF,0x0000
0.0142409500,1,0x1C00,0x0000
0.0142439100,1,0x1C00,0x0000
0.0142468800,1,0x1C00,0x0000
0.0142498400,1,0x1C00,0x0000
0.0142528000,1,0x1C00,0x0000
0.0142557600,1,0x1C00,0x0000
0.0142587300,1,0x1C00,0x0000
0.0142616900,1,0x1C00,0x0000
0.0142646500,1,0x1C00,0x0000
0.0142676100,1,0x1C00,0x0000
0.0142705800,1,0x1C00,0x0000
0.0142735400,1,0x1C00,0x0000
0.0142765000,1,0x1C00,0x0000
0.0142794700,1,0x1C00,0x0000
0.0142824300,1,0x1C00,0x0000
0.0142853900,1,0x1C00,0x0000
0.0142883600,1,0x1C00,0x0000
0.0142913200,1,0x1C00,0x0000
0.0142942800,1,0x1C00,0x0000
0.0142972500,1,0x1C00,0x0000
0.0143002100,1,0x1C00,0x0000
0.0143031700,1,0x1C00,0x0000
0.0143061300,1,0x1C00,0x0000
0.0143091000,1,0x1C00,0x0000
0.0143120600,1,0x1C00,0x0000
0.0143150200,1,0x1C00,0x0000
0.0143179900,1,0x1C00,0x0000
0.0143209500,1,0x1C00,0x0000
0.0143239100,1,0x1C00,0x0000
0.0143268800,1,0x1C00,0x0000
0.0143298400,1,0x93E7,0x0000
0.0143328000,1,0xBBEF,0x0000
0.0143357600,1,0xBBEF,0x0000
0.0143387300,1,0xBBEF,0x0000
0.0143416900,1,0xBBEF,0x0000
0.0143446500,1,0xBBEF,0x0000
0.0143476100,1,0xBBEF,0x0000
0.0143505800,1,0xBBEF,0x0000
0.0143535400,1,0xBBEF,0x0000
0.0143565000,1,0xBBEF,0x0000
0.0143594700,1,0xBBEF,0x0000
0.0143624300,1,0xBBEF,0x0000
0.0143653900,1,0xBBEF,0x0000
0.0143683600,1,0xBBEF,0x0000
0.0143713200,1,0xBBEF,0x0000
0.0143742800,1,0xBBEF,0x0000
0.0143772500,1,0xBBEF,0x0000
0.0143802100,1,0x8FEF,0x0000
0.0143831700,1,0x1C00,0x0000
0.0143861300,1,0x1C00,0x0000
0.0143891000,1,0x1C00,0x0000
0.0143920600,1,0x1C00,0x0000
0.0143950200,1,0x1C00,0x0000
0.0143979900,1,0x1C00,0x0000
0.0144009500,1,0x1C00,0x0000
0.0144039100,1,0x1C00,0x0000
0.0144068800,1,0x1C00,0x0000
0.0144098400,1,0x1C00,0x0000
0.0144128000,1,0x1C00,0x0000
0.0144157600,1,0x1C00,0x0000
0.0144187300,1,0x1C00,0x0000
0.0144216900,1,0x1C00,0x0000
0.0144246500,1,0x1C00,0x0000
0.0144276200,1,0x1C00,0x0000
0.0144305800,1,0x1C00,0x0000
0.0144335400,1,0x1C00,0x0000
0.0144365000,1,0x1C00,0x0000
0.0144394700,1,0x1C00,0x0000
0.0144424300,1,0x1C00,0x0000
0.0144453900,1,0x1C00,0x0000
0.0144483600,1,0x1C00,0x0000
0.0144513200,1,0x1C00,0x0000
0.0144542800,1,0x1C00,0x0000
0.0144572500,1,0x1C00,0x0000
0.0144602100,1,0x1C00,0x0000
0.0144631700,1,0x1C00,0x0000
0.0144661300,1,0x1C00,0x0000
0.0144691000,1,0x1C00,0x0000
0.0144720600,1,0x93E7,0x0000
0.0144750200,1,0xBBEF,0x0000
0.0144779900,1,0xBBEF,0x0000
0.0144809500,1,0xBBEF,0x0000
0.0144839100,1,0xBBEF,0x0000
0.0144868800,1,0xBBEF,0x0000
0.0144898400,1,0xBBEF,0x0000
0.0144928000,1,0xBBEF,0x0000
0.0144957600,1,0xBBEF,0x0000
0.0144987300,1,0xBBEF,0x0000
0.0145016900,1,0xBBEF,0x0000
0.0145046500,1,0xBBEF,0x0000
0.0145076100,1,0xBBEF,0x0000
0.0145105800,1,0xBBEF,0x0000
0.0145135400,1,0xBBEF,0x0000
0.0145165000,1,0xBBEF,0x0000
0.0145194700,1,0xBBEF,0x0000
0.0145224300,1,0x8FEF,0x0000
0.0145253900,1,0x1C00,0x0000
0.0145283600,1,0x1C00,0x0000
0.0145313200,1,0x1C00,0x0000
0.0145342800,1,0x1C00,0x0000
0.0145372500,1,0x1C00,0x0000
0.0145402100,1,0x1C00,0x0000
0.0145431700,1,0x1C00,0x0000
0.0145461300,1,0x1C00,0x0000
0.0145491000,1,0x1C00,0x0000
0.0145520600,1,0x1C00,0x0000
0.0145550200,1,0x1C00,0x0000
0.0145579900,1,0x1C00,0x0000
0.0145609500,1,0x1C00,0x0000
0.0145639100,1,0x1C00,0x0000
0.0145668800,1,0x1C00,0x0000
0.0145698400,1,0x1C00,0x0000
0.0145728000,1,0x1C00,0x0000
0.0145757600,1,0x1C00,0x0000
0.0145787300,1,0x1C00,0x0000
0.0145816900,1,0x1C00,0x0000
0.0145846500,1,0x1C00,0x0000
0.0145876200,1,0x1C00,0x0000
0.0145905800,1,0x1C00,0x0000
0.0145935400,1,0x1C00,0x0000
0.0145965100,1,0x1C00,0x0000
0.0145994700,1,0x1C00,0x0000
0.0146024300,1,0x1C00,0x0000
0.0146053900,1,0x1C00,0x0000
0.0146083600,1,0x1C00,0x0000
0.0146113200,1,0x1C00,0x0000
0.0146142800,1,0x93E7,0x0000
0.0146172500,1,0xBBEF,0x0000
0.0146202100,1,0xBBEF,0x0000
0.0146231700,1,0xBBEF,0x0000
0.0146261300,1,0xBBEF,0x0000
0.0146291000,1,0xBBEF,0x0000
0.0146320600,1,0xBBEF,0x0000
0.0146350200,1,0xBBEF,0x0000
0.0146379900,1,0xBBEF,0x0000
0.0146409500,1,0xBBEF,0x0000
0.0146439100,1,0xBBEF,0x0000
0.0146468800,1,0xBBEF,0x0000
0.0146498400,1,0xBBEF,0x0000
0.0146528000,1,0xBBEF,0x0000
0.0146557600,1,0xBBEF,0x0000
0.0146587300,1,0xBBEF,0x0000
0.0146616900,1,0xBBEF,0x0000
0.0146646500,1,0x8FEF,0x0000
0.0146676100,1,0x1C00,0x0000
0.0146705800,1,0x1C00,0x0000
0.0146735400,1,0x1C00,0x0000
0.0146765000,1,0x1C00,0x0000
0.0146794700,1,0x1C00,0x0000
0.0146824300,1,0x1C00,0x0000
0.0146853900,1,0x1C00,0x0000
0.0146883600,1,0x1C00,0x0000
0.0146913200,1,0x1C00,0x0000
0.0146942800,1,0x1C00,0x0000
0.0146972500,1,0x1C00,0x0000
0.0147002100,1,0x1C00,0x0000
0.0147031700,1,0x1C00,0x0000
0.0147061300,1,0x1C00,0x0000
0.0147091000,1,0x1C00,0x0000
0.0147120600,1,0x1C00,0x0000
0.0147150200,1,0x1C00,0x0000
0.0147179900,1,0x1C00,0x0000
0.0147209500,1,0x1C00,0x0000
0.0147239100,1,0x1C00,0x0000
0.0147268800,1,0x1C00,0x0000
0.0147298400,1,0x1C00,0x0000
0.0147328000,1,0x1C00,0x0000
0.0147357600,1,0x1C00,0x0000
0.0147387300,1,0x1C00,0x0000
0.0147416900,1,0x1C00,0x0000
0.0147446500,1,0x1C00,0x0000
0.0147476200,1,0x1C00,0x0000
0.0147505800,1,0x1C00,0x0000
0.0147535400,1,0x1C00,0x0000
0.0147565000,1,0x83E1,0x0000
0.0147594700,1,0xAFF6,0x0000
0.0147624300,1,0xAFF6,0x0000
0.0147653900,1,0xAFF6,0x0000
0.0147683600,1,0xAFF6,0x0000
0.0147713200,1,0xAFF6,0x0000
0.0147742800,1,0xAFF6,0x0000
0.0147772500,1,0xAFF6,0x0000
0.0147802100,1,0xAFF6,0x0000
0.0147831700,1,0xAFF6,0x0000
0.0147861300,1,0xAFF6,0x0000
0.0147891000,1,0xAFF6,0x0000
0.0147920600,1,0xAFF6,0x0000
0.0147950200,1,0xAFF6,0x0000
0.0147979900,1,0xAFF6,0x0000
0.0148009500,1,0xAFF6,0x0000
0.0148039100,1,0xAFF6,0x0000
0.0148068800,1,0x83E1,0x0000
0.0148098400,1,0x1C00,0x0000
0.0148128000,1,0x1C00,0x0000
0.0148157600,1,0x1C00,0x0000
0.0148187300,1,0x1C00,0x0000
0.0148216900,1,0x1C00,0x0000
0.0148246500,1,0x1C00,0x0000
0.0148276200,1,0x1C00,0x0000
0.0148305800,1,0x1C00,0x0000
0.0148335400,1,0x1C00,0x0000
0.0148365100,1,0x1C00,0x0000
0.0148394700,1,0x1C00,0x0000
0.0148424300,1,0x1C00,0x0000
0.0148453900,1,0x1C00,0x0000
0.0148483600,1,0x1C00,0x0000
0.0148513200,1,0x1C00,0x0000
0.0148542800,1,0x1C00,0x0000
0.0148572500,1,0x1C00,0x0000
0.0148602100,1,0x1C00,0x0000
0.0148631700,1,0x1C00,0x0000
0.0148661300,1,0x1C00,0x0000
0.0148691000,1,0x1C00,0x0000
0.0148720600,1,0x1C00,0x0000
0.0148750200,1,0x1C00,0x0000
0.0148779900,1,0x1C00,0x0000
0.0148809500,1,0x1C00,0x0000
0.0148839100,1,0x1C00,0x0000
0.0148868800,1,0x1C00,0x0000
0.0148898400,1,0x1C00,0x0000
0.0148928000,1,0x1C00,0x0000
0.0148957600,1,0x1C00,0x0000
0.0148987300,1,0x1C00,0x0000
0.0149016900,1,0x1C00,0x0000
0.0149046500,1,0x1C00,0x0000
0.0149076200,1,0x1C00,0x0000
0.0149105800,1,0x1C00,0x0000
0.0149135400,1,0x1C00,0x0000
0.0149165100,1,0x1C00,0x0000
0.0149194700,1,0x1C00,0x0000
0.0149224300,1,0x1C00,0x0000
0.0149253900,1,0x1C00,0x0000
0.0149283600,1,0x1C00,0x0000
0.0149313200,1,0x1C00,0x0000
0.0149342800,1,0x1C00,0x0000
0.0149372500,1,0x1C00,0x0000
0.0149402100,1,0x1C00,0x0000
0.0149431700,1,0x1C00,0x0000
0.0149461300,1,0x1C00,0x0000
0.0149491000,1,0x1C00,0x0000
0.0149520600,1,0x1C00,0x0000
0.0149550200,1,0x1C00,0x0000
0.0149579900,1,0x1C00,0x0000
0.0149609500,1,0x1C00,0x0000
0.0149639100,1,0x1C00,0x0000
0.0149668800,1,0x1C00,0x0000
0.0149698400,1,0x1C00,0x0000
0.0149728000,1,0x1C00,0x0000
0.0149757600,1,0x1C00,0x0000
0.0149787300,1,0x1C00,0x0000
0.0149816900,1,0x1C00,0x0000
0.0149846500,1,0x1C00,0x0000
0.0149876200,1,0x1C00,0x0000
0.0149905800,1,0x1C00,0x0000
0.0149935400,1,0x1C00,0x0000
0.0149965100,1,0x1C00,0x0000
0.0149994700,1,0x1C00,0x0000
0.0150024300,1,0x1C00,0x0000
0.0150053900,1,0x1C00,0x0000
0.0150083600,1,0x1C00,0x0000
0.0150113200,1,0x1C00,0x0000
0.0150142800,1,0x1C00,0x0000
0.0150172500,1,0x1C00,0x0000
0.0150202100,1,0x1C00,0x0000
0.0150231700,1,0x1C00,0x0000
0.0150261400,1,0x1C00,0x0000
0.0150291000,1,0x1C00,0x0000
0.0150320600,1,0x1C00,0x0000
0.0150350200,1,0x1C00,0x0000
0.0150379900,1,0x1C00,0x0000
0.0150409500,1,0x1C00,0x0000
0.0150439100,1,0x1C00,0x0000
0.0150468800,1,0x1C00,0x0000
0.0150498400,1,0x1C00,0x0000
0.0150528000,1,0x1C00,0x0000
0.0150557600,1,0x1C00,0x0000
0.0150587300,1,0x1C00,0x0000
0.0150616900,1,0x1C00,0x0000
0.0150646500,1,0x1C00,0x0000
0.0150676200,1,0x1C00,0x0000
0.0150705800,1,0x1C00,0x0000
0.0150735400,1,0x1C00,0x0000
0.0150765100,1,0x1C00,0x0000
0.0150794700,1,0x1C00,0x0000
0.0150824300,1,0x1C00,0x0000
0.0150853900,1,0x1C00,0x0000
0.0150883600,1,0x1C00,0x0000
0.0150913200,1,0x1C00,0x0000
0.0150942800,1,0x1C00,0x0000
0.0150972500,1,0x1C00,0x0000
0.0151002100,1,0x1C00,0x0000
0.0151031700,1,0x1C00,0x0000
0.0151061400,1,0x1C00,0x0000
0.0151091000,1,0x1C00,0x0000
0.0151120600,1,0x1C00,0x0000
0.0151150200,1,0x1C00,0x0000
0.0151179900,1,0x1C00,0x0000
0.0151209500,1,0x1C00,0x0000
0.0151239100,1,0x1C00,0x0000
0.0151268800,1,0x1C00,0x0000
0.0151298400,1,0x1C00,0x0000
0.0151328000,1,0x1C00,0x0000
0.0151357600,1,0x1C00,0x0000
0.0151387300,1,0x1C00,0x0000
0.0151416900,1,0x1C00,0x0000
0.0151446500,1,0x1C00,0x0000
0.0151476200,1,0x1C00,0x0000
0.0151505800,1,0x1C00,0x0000
0.0151535400,1,0x1C00,0x0000
0.0151565100,1,0x1C00,0x0000
0.0151594700,1,0x1C00,0x0000
0.0151624300,1,0x1C00,0x0000
0.0151653900,1,0x1C00,0x0000
0.0151683600,1,0x1C00,0x0000
0.0151713200,1,0x1C00,0x0000
0.0151742800,1,0x1C00,0x0000
0.0151772500,1,0x1C00,0x0000
0.0151802100,1,0x1C00,0x0000
0.0151831700,1,0x1C00,0x0000
0.0151861400,1,0x1C00,0x0000
0.0151891000,1,0x1C00,0x0000
0.0151920600,1,0x1C00,0x0000
0.0151950200,1,0x1C00,0x0000
0.0151979900,1,0x1C00,0x0000
0.0152009500,1,0x1C00,0x0000
0.0152039100,1,0x1C00,0x0000
0.0152068800,1,0x1C00,0x0000
0.0152098400,1,0x1C00,0x0000
0.0152128000,1,0x1C00,0x0000
0.0152157600,1,0x1C00,0x0000
0.0152187300,1,0x1C00,0x0000
0.0152216900,1,0x1C00,0x0000
0.0152246500,1,0x1C00,0x0000
0.0152276200,1,0x1C00,0x0000
0.0152305800,1,0x1C00,0x0000
0.0152335400,1,0x1C00,0x0000
0.0152365100,1,0x1C00,0x0000
0.0152394700,1,0x1C00,0x0000
0.0152424300,1,0x1C00,0x0000
0.0152453900,1,0x1C00,0x0000
0.0152483600,1,0x1C00,0x0000
0.0152513200,1,0x1C00,0x0000
0.0152542800,1,0x1C00,0x0000
0.0152572500,1,0x1C00,0x0000
0.0152602100,1,0x1C00,0x0000
0.0152631700,1,0x1C00,0x0000
0.0152661400,1,0x1C00,0x0000
0.0152691000,1,0x1C00,0x0000
0.0152720600,1,0x1C00,0x0000
0.0152750200,1,0x1C00,0x0000
0.0152779900,1,0x1C00,0x0000
0.0152809500,1,0x1C00,0x0000
0.0152839100,1,0x1C00,0x0000
0.0152868800,1,0x1C00,0x0000
0.0152898400,1,0x1C00,0x0000
0.0152928000,1,0x1C00,0x0000
0.0152957600,1,0x1C00,0x0000
0.0152987300,1,0x1C00,0x0000
0.0153016900,1,0x1C00,0x0000
0.0153046500,1,0x1C00,0x0000
0.0153076200,1,0x1C00,0x0000
0.0153105800,1,0x1C00,0x0000
0.0153135400,1,0x1C00,0x0000
0.0153165100,1,0x1C00,0x0000
0.0153194700,1,0x1C00,0x0000
0.0153224300,1,0x1C00,0x0000
0.0153253900,1,0x1C00,0x0000
0.0153283600,1,0x1C00,0x0000
0.0153313200,1,0x1C00,0x0000
0.0153342800,1,0x1C00,0x0000
0.0153372500,1,0x1C00,0x0000
0.0153402100,1,0x1C00,0x0000
0.0153431700,1,0x1C00,0x0000
0.0153461400,1,0x1C00,0x0000
0.0153491000,1,0x1C00,0x0000
0.0153520600,1,0x1C00,0x0000
0.0153550200,1,0x1C00,0x0000
0.0153579900,1,0x1C00,0x0000
0.0153609500,1,0x1C00,0x0000
0.0153639100,1,0x1C00,0x0000
0.0153668800,1,0x1C00,0x0000
0.0153698400,1,0x1C00,0x0000
0.0153728000,1,0x1C00,0x0000
0.0153757600,1,0x1C00,0x0000
0.0153787300,1,0x1C00,0x0000
0.0153816900,1,0x1C00,0x0000
0.0153846500,1,0x1C00,0x0000
0.0153876200,1,0x1C00,0x0000
0.0153905800,1,0x1C00,0x0000
0.0153935400,1,0x1C00,0x0000
0.0153965100,1,0x1C00,0x0000
0.0153994700,1,0x1C00,0x0000
0.0154024300,1,0x1C00,0x0000
0.0154053900,1,0x1C00,0x0000
0.0154083600,1,0x1C00,0x0000
0.0154113200,1,0x1C00,0x0000
0.0154142800,1,0x1C00,0x0000
0.0154172500,1,0x1C00,0x0000
0.0154202100,1,0x1C00,0x0000
0.0154231700,1,0x1C00,0x0000
0.0154261400,1,0x1C00,0x0000
0.0154291000,1,0x1C00,0x0000
0.0154320600,1,0x1C00,0x0000
0.0154350200,1,0x1C00,0x0000
0.0154379900,1,0x1C00,0x0000
0.0154409500,1,0x1C00,0x0000
0.0154439100,1,0x1C00,0x0000
0.0154468800,1,0x1C00,0x0000
0.0154498400,1,0x1C00,0x0000
0.0154528000,1,0x1C00,0x0000
0.0154557600,1,0x1C00,0x0000
0.0154587300,1,0x1C00,0x0000
0.0154616900,1,0x1C00,0x0000
0.0154646500,1,0x1C00,0x0000
0.0154676200,1,0x1C00,0x0000
0.0154705800,1,0x1C00,0x0000
0.0154735400,1,0x1C00,0x0000
0.0154765100,1,0x1C00,0x0000
0.0154794700,1,0x1C00,0x0000
0.0154824300,1,0x1C00,0x0000
0.0154853900,1,0x1C00,0x0000
0.0154883600,1,0x1C00,0x0000
0.0154913200,1,0x1C00,0x0000
0.0154942800,1,0x1C00,0x0000
0.0154972500,1,0x1C00,0x0000
0.0155002100,1,0x1C00,0x0000
0.0155031700,1,0x1C00,0x0000
0.0155061400,1,0x1C00,0x0000
0.0155091000,1,0x1C00,0x0000
0.0155120600,1,0x1C00,0x0000
0.0155150300,1,0x1C00,0x0000
0.0155179900,1,0x1C00,0x0000
0.0155209500,1,0x1C00,0x0000
0.0155239100,1,0x1C00,0x0000
0.0155268800,1,0x1C00,0x0000
0.0155298400,1,0x1C00,0x0000
0.0155328000,1,0x1C00,0x0000
0.0155357600,1,0x1C00,0x0000
0.0155387300,1,0x1C00,0x0000
0.0155416900,1,0x1C00,0x0000
0.0155446500,1,0x1C00,0x0000
0.0155476200,1,0x1C00,0x0000
0.0155505800,1,0x1C00,0x0000
0.0155535400,1,0x1C00,0x0000
0.0155565100,1,0x1C00,0x0000
0.0155594700,1,0x1C00,0x0000
0.0155624300,1,0x1C00,0x0000
0.0155654000,1,0x1C00,0x0000
0.0155683600,1,0x1C00,0x0000
0.0155713200,1,0x1C00,0x0000
0.0155742800,1,0x1C00,0x0000
0.0155772500,1,0x1C00,0x0000
0.0155802100,1,0x1C00,0x0000
0.0155831700,1,0x1C00,0x0000
0.0155861400,1,0x1C00,0x0000
0.0155891000,1,0x1C00,0x0000
0.0155920600,1,0x1C00,0x0000
0.0155950200,1,0x1C00,0x0000
0.0155979900,1,0x1C00,0x0000
0.0156009500,1,0x1C00,0x0000
0.0156039100,1,0x1C00,0x0000
0.0156068800,1,0x1C00,0x0000
0.0156098400,1,0x1C00,0x0000
0.0156128000,1,0x1C00,0x0000
0.0156157600,1,0x1C00,0x0000
0.0156187300,1,0x1C00,0x0000
0.0156216900,1,0x1C00,0x0000
0.0156246500,1,0x1C00,0x0000
0.0156276200,1,0x1C00,0x0000
0.0156305800,1,0x1C00,0x0000
0.0156335400,1,0x1C00,0x0000
0.0156365100,1,0x1C00,0x0000
0.0156394700,1,0x1C00,0x0000
0.0156424300,1,0x1C00,0x0000
0.0156454000,1,0x1C00,0x0000
0.0156483600,1,0x1C00,0x0000
0.0156513200,1,0x1C00,0x0000
0.0156542800,1,0x1C00,0x0000
0.0156572500,1,0x1C00,0x0000
0.0156602100,1,0x1C00,0x0000
0.0156631700,1,0x1C00,0x0000
0.0156661400,1,0x1C00,0x0000
0.0156691000,1,0x1C00,0x0000
0.0156720600,1,0x1C00,0x0000
0.0156750300,1,0x1C00,0x0000
0.0156779900,1,0x1C00,0x0000
0.0156809500,1,0x1C00,0x0000
0.0156839100,1,0x1C00,0x0000
0.0156868800,1,0x1C00,0x0000
0.0156898400,1,0x1C00,0x0000
0.0156928000,1,0x1C00,0x0000
0.0156957600,1,0x1C00,0x0000
0.0156987300,1,0x1C00,0x0000
0.0157016900,1,0x1C00,0x0000
0.0157046500,1,0x1C00,0x0000
0.0157076200,1,0x1C00,0x0000
0.0157105800,1,0x1C00,0x0000
0.0157135400,1,0x1C00,0x0000
0.0157165100,1,0x1C00,0x0000
0.0157194700,1,0x1C00,0x0000
0.0157224300,1,0x1C00,0x0000
0.0157254000,1,0x1C00,0x0000
0.0157283600,1,0x1C00,0x0000
0.0157313200,1,0x1C00,0x0000
0.0157342800,1,0x1C00,0x0000
0.0157372500,1,0x1C00,0x0000
0.0157402100,1,0x1C00,0x0000
0.0157431700,1,0x1C00,0x0000
0.0157461400,1,0x1C00,0x0000
0.0157491000,1,0x1C00,0x0000
0.0157520600,1,0x1C00,0x0000
0.0157550300,1,0x1C00,0x0000
0.0157579900,1,0x1C00,0x0000
0.0157609500,1,0x1C00,0x0000
0.0157639100,1,0x1C00,0x0000
0.0157668800,1,0x1C00,0x0000
0.0157698400,1,0x1C00,0x0000
0.0157728000,1,0x1C00,0x0000
0.0157757600,1,0x1C00,0x0000
0.0157787300,1,0x1C00,0x0000
0.0157816900,1,0x1C00,0x0000
0.0157846500,1,0x1C00,0x0000
0.0157876200,1,0x1C00,0x0000
0.0157905800,1,0x1C00,0x0000
0.0157935400,1,0x1C00,0x0000
0.0157965100,1,0x1C00,0x0000
0.0157994700,1,0x1C00,0x0000
0.0158024300,1,0x1C00,0x0000
0.0158054000,1,0x1C00,0x0000
0.0158083600,1,0x1C00,0x0000
0.0158113200,1,0x1C00,0x0000
0.0158142800,1,0x1C00,0x0000
0.0158172500,1,0x1C00,0x0000
0.0158202100,1,0x1C00,0x0000
0.0158231700,1,0x1C00,0x0000
0.0158261400,1,0x1C00,0x0000
0.0158291000,1,0x1C00,0x0000
0.0158320600,1,0x1C00,0x0000
0.0158350300,1,0x1C00,0x0000
0.0158379900,1,0x1C00,0x0000
0.0158409500,1,0x1C00,0x0000
0.0158439100,1,0x1C00,0x0000
0.0158468800,1,0x1C00,0x0000
0.0158498400,1,0x1C00,0x0000
0.0158528000,1,0x1C00,0x0000
0.0158557700,1,0x1C00,0x0000
0.0158587300,1,0x1C00,0x0000
0.0158616900,1,0x1C00,0x0000
0.0158646500,1,0x1C00,0x0000
0.0158676200,1,0x1C00,0x0000
0.0158705800,1,0x1C00,0x0000
0.0158735400,1,0x1C00,0x0000
0.0158765100,1,0x1C00,0x0000
0.0158794700,1,0x1C00,0x0000
0.0158824300,1,0x1C00,0x0000
0.0158854000,1,0x1C00,0x0000
0.0158883600,1,0x1C00,0x0000
0.0158913200,1,0x1C00,0x0000
0.0158942800,1,0x1C00,0x0000
0.0158972500,1,0x1C00,0x0000
0.0159002100,1,0x1C00,0x0000
0.0159031700,1,0x1C00,0x0000
0.0159061400,1,0x1C00,0x0000
0.0159091000,1,0x1C00,0x0000
0.0159120600,1,0x1C00,0x0000
0.0159150300,1,0x1C00,0x0000
0.0159179900,1,0x1C00,0x0000
0.0159209500,1,0x1C00,0x0000
0.0159239100,1,0x1C00,0x0000
0.0159268800,1,0x1C00,0x0000
0.0159298400,1,0x1C00,0x0000
0.0159328000,1,0x1C00,0x0000
0.0159357600,1,0x1C00,0x0000
0.0159387300,1,0x1C00,0x0000
0.0159416900,1,0x1C00,0x0000
0.0159446500,1,0x1C00,0x0000
0.0159476200,1,0x1C00,0x0000
0.0159505800,1,0x1C00,0x0000
0.0159535400,1,0x1C00,0x0000
0.0159565100,1,0x1C00,0x0000
0.0159594700,1,0x1C00,0x0000
0.0159624300,1,0x1C00,0x0000
0.0159654000,1,0x1C00,0x0000
0.0159683600,1,0x1C00,0x0000
0.0159713200,1,0x1C00,0x0000
0.0159742800,1,0x1C00,0x0000
0.0159772500,1,0x1C00,0x0000
0.0159802100,1,0x1C00,0x0000
0.0159831700,1,0x1C00,0x0000
0.0159861400,1,0x1C00,0x0000
0.0159891000,1,0x1C00,0x0000
0.0159920600,1,0x0000,0x0000
0.0159950300,1,0x0000,0x0000
0.0159979900,1,0x0000,0x0000
0.0206187400,2,0x55AA,0x0000
0.0206217000,2,0x2DEC,0x0000
0.0206246600,2,0x01FF,0x0000
0.0206276200,2,0x1C00,0x0000
0.0206305900,2,0x1C00,0x0000
0.0206335500,2,0x1C00,0x0000
0.0206365100,2,0x1C00,0x0000
0.0206394800,2,0x1C00,0x0000
0.0206424400,2,0x1C00,0x0000
0.0206454000,2,0x1C00,0x0000
0.0206483600,2,0x1C00,0x0000
0.0206513300,2,0x1C00,0x0000
0.0206542900,2,0x1C00,0x0000
0.0206572500,2,0x1C00,0x0000
0.0206602200,2,0x1C00,0x0000
0.0206631800,2,0x1C00,0x0000
0.0206661400,2,0x1C00,0x0000
0.0206691100,2,0x1C00,0x0000
0.0206720700,2,0x1C00,0x0000
0.0206750300,2,0x1C00,0x0000
0.0206780000,2,0x1C00,0x0000
0.0206809600,2,0x1C00,0x0000
0.0206839200,2,0x1C00,0x0000
0.0206868800,2,0x1C00,0x0000
0.0206898500,2,0x1C00,0x0000
0.0206928100,2,0x1C00,0x0000
0.0206957700,2,0x1C00,0x0000
0.0206987400,2,0x1C00,0x0000
0.0207017000,2,0x1C00,0x0000
0.0207046600,2,0x1C00,0x0000
0.0207076200,2,0x1C00,0x0000
0.0207105900,2,0x1C00,0x0000
0.0207135500,2,0x1C00,0x0000
0.0207165100,2,0x1C00,0x0000
0.0207194800,2,0x1C00,0x0000
0.0207224400,2,0x1C00,0x0000
0.0207254000,2,0x1C00,0x0000
0.0207283600,2,0x1C00,0x0000
0.0207313300,2,0x1C00,0x0000
0.0207342900,2,0x1C00,0x0000
0.0207372500,2,0x1C00,0x0000
0.0207402200,2,0x1C00,0x0000
0.0207431800,2,0x1C00,0x0000
0.0207461400,2,0x1C00,0x0000
0.0207491100,2,0x1C00,0x0000
0.0207520700,2,0x1C00,0x0000
0.0207550300,2,0x1C00,0x0000
0.0207580000,2,0x1C00,0x0000
0.0207609600,2,0x1C00,0x0000
0.0207639200,2,0x1C00,0x0000
0.0207668800,2,0x1C00,0x0000
0.0207698500,2,0x1C00,0x0000
0.0207728100,2,0x1C00,0x0000
0.0207757700,2,0x1C00,0x0000
0.0207787400,2,0x1C00,0x0000
0.0207817000,2,0x1C00,0x0000
0.0207846600,2,0x1C00,0x0000
0.0207876200,2,0x1C00,0x0000
0.0207905900,2,0x1C00,0x0000
0.0207935500,2,0x1C00,0x0000
0.0207965100,2,0x1C00,0x0000
0.0207994800,2,0x1C00,0x0000
0.0208024400,2,0x1C00,0x0000
0.0208054000,2,0x1C00,0x0000
0.0208083600,2,0x1C00,0x0000
0.0208113300,2,0x1C00,0x0000
0.0208142900,2,0x1C00,0x0000
0.0208172500,2,0x1C00,0x0000
0.0208202200,2,0x1C00,0x0000
0.0208231800,2,0x1C00,0x0000
0.0208261400,2,0x1C00,0x0000
0.0208291100,2,0x1C00,0x0000
0.0208320700,2,0x1C00,0x0000
0.0208350300,2,0x1C00,0x0000
0.0208380000,2,0x1C00,0x0000
0.0208409600,2,0x1C00,0x0000
0.0208439200,2,0x1C00,0x0000
0.0208468800,2,0x1C00,0x0000
0.0208498500,2,0x1C00,0x0000
0.0208528100,2,0x1C00,0x0000
0.0208557700,2,0x1C00,0x0000
0.0208587400,2,0x1C00,0x0000
0.0208617000,2,0x1C00,0x0000
0.0208646600,2,0x1C00,0x0000
0.0208676200,2,0x1C00,0x0000
0.0208705900,2,0x1C00,0x0000
0.0208735500,2,0x1C00,0x0000
0.0208765100,2,0x1C00,0x0000
0.0208794800,2,0x1C00,0x0000
0.0208824400,2,0x1C00,0x0000
0.0208854000,2,0x1C00,0x0000
0.0208883600,2,0x1C00,0x0000
0.0208913300,2,0x1C00,0x0000
0.0208942900,2,0x1C00,0x0000
0.0208972500,2,0x1C00,0x0000
0.0209002200,2,0x1C00,0x0000
0.0209031800,2,0x1C00,0x0000
0.0209061400,2,0x1C00,0x0000
0.0209091100,2,0x1C00,0x0000
0.0209120700,2,0x1C00,0x0000
0.0209150300,2,0x1C00,0x0000
0.0209180000,2,0x1C00,0x0000
0.0209209600,2,0x1C00,0x0000
0.0209239200,2,0x1C00,0x0000
0.0209268800,2,0x1C00,0x0000
0.0209298500,2,0x1C00,0x0000
0.0209328100,2,0x1C00,0x0000
0.0209357700,2,0x1C00,0x0000
0.0209387400,2,0x1C00,0x0000
0.0209417000,2,0x1C00,0x0000
0.0209446600,2,0x1C00,0x0000
0.0209476200,2,0x1C00,0x0000
0.0209505900,2,0x1C00,0x0000
0.0209535500,2,0x1C00,0x0000
0.0209565100,2,0x1C00,0x0000
0.0209594800,2,0x1C00,0x0000
0.0209624400,2,0x1C00,0x0000
0.0209654000,2,0x1C00,0x0000
0.0209683600,2,0x1C00,0x0000
0.0209713300,2,0x1C00,0x0000
0.0209742900,2,0x1C00,0x0000
0.0209772500,2,0x1C00,0x0000
0.0209802200,2,0x1C00,0x0000
0.0209831800,2,0x1C00,0x0000
0.0209861400,2,0x1C00,0x0000
0.0209891100,2,0x1C00,0x0000
0.0209920700,2,0x1C00,0x0000
0.0209950300,2,0x1C00,0x0000
0.0209980000,2,0x1C00,0x0000
0.0210009600,2,0x1C00,0x0000
0.0210039200,2,0x1C00,0x0000
0.0210068800,2,0x1C00,0x0000
0.0210098500,2,0x1C00,0x0000
0.0210128100,2,0x1C00,0x0000
0.0210157700,2,0x1C00,0x0000
0.0210187400,2,0x1C00,0x0000
0.0210217000,2,0x1C00,0x0000
0.0210246600,2,0x1C00,0x0000
0.0210276300,2,0x1C00,0x0000
0.0210305900,2,0x1C00,0x0000
0.0210335500,2,0x1C00,0x0000
0.0210365100,2,0x1C00,0x0000
0.0210394800,2,0x1C00,0x0000
0.0210424400,2,0x1C00,0x0000
0.0210454000,2,0x1C00,0x0000
0.0210483600,2,0x1C00,0x0000
0.0210513300,2,0x1C00,0x0000
0.0210542900,2,0x1C00,0x0000
0.0210572500,2,0x1C00,0x0000
0.0210602200,2,0x1C00,0x0000
0.0210631800,2,0x1C00,0x0000
0.0210661400,2,0x1C00,0x0000
0.0210691100,2,0x1C00,0x0000
0.0210720700,2,0x1C00,0x0000
0.0210750300,2,0x1C00,0x0000
0.0210779900,2,0x1C00,0x0000
0.0210809600,2,0x1C00,0x0000
0.0210839200,2,0x1C00,0x0000
0.0210868800,2,0x1C00,0x0000
0.0210898500,2,0x1C00,0x0000
0.0210928100,2,0x1C00,0x0000
0.0210957700,2,0x1C00,0x0000
0.0210987400,2,0x1C00,0x0000
0.0211017000,2,0x1C00,0x0000
0.0211046600,2,0x1C00,0x0000
0.0211076300,2,0x1C00,0x0000
0.0211105900,2,0x1C00,0x0000
0.0211135500,2,0x1C00,0x0000
0.0211165100,2,0x1C00,0x0000
0.0211194800,2,0x1C00,0x0000
0.0211224400,2,0x1C00,0x0000
0.0211254000,2,0x1C00,0x0000
0.0211283600,2,0x1C00,0x0000
0.0211313300,2,0x1C00,0x0000
0.0211342900,2,0x1C00,0x0000
0.0211372500,2,0x1C00,0x0000
0.0211402200,2,0x1C00,0x0000
0.0211431800,2,0x1C00,0x0000
0.0211461400,2,0x1C00,0x0000
0.0211491100,2,0x1C00,0x0000
0.0211520700,2,0x1C00,0x0000
0.0211550300,2,0x1C00,0x0000
0.0211580000,2,0x1C00,0x0000
0.0211609600,2,0x1C00,0x0000
0.0211639200,2,0x1C00,0x0000
0.0211668800,2,0x1C00,0x0000
0.0211698500,2,0x1C00,0x0000
0.0211728100,2,0x1C00,0x0000
0.0211757700,2,0x1C00,0x0000
0.0211787400,2,0x1C00,0x0000
0.0211817000,2,0x1C00,0x0000
0.0211846600,2,0x1C00,0x0000
0.0211876300,2,0x1C00,0x0000
0.0211905900,2,0x1C00,0x0000
0.0211935500,2,0x1C00,0x0000
0.0211965100,2,0x1C00,0x0000
0.0211994800,2,0x1C00,0x0000
0.0212024400,2,0x1C00,0x0000
0.0212054000,2,0x1C00,0x0000
0.0212083600,2,0x1C00,0x0000
0.0212113300,2,0x1C00,0x0000
0.0212142900,2,0x1C00,0x0000
0.0212172600,2,0x1C00,0x0000
0.0212202200,2,0x1C00,0x0000
0.0212231800,2,0x1C00,0x0000
0.0212261400,2,0x1C00,0x0000
0.0212291100,2,0x1C00,0x0000
0.0212320700,2,0x1C00,0x0000
0.0212350300,2,0x1C00,0x0000
0.0212380000,2,0x1C00,0x0000
0.0212409600,2,0x1C00,0x0000
0.0212439200,2,0x1C00,0x0000
0.0212468800,2,0x1C00,0x0000
0.0212498500,2,0x1C00,0x0000
0.0212528100,2,0x1C00,0x0000
0.0212557700,2,0x1C00,0x0000
0.0212587400,2,0x1C00,0x0000
0.0212617000,2,0x1C00,0x0000
0.0212646600,2,0x1C00,0x0000
0.0212676300,2,0x1C00,0x0000
0.0212705900,2,0x1C00,0x0000
0.0212735500,2,0x1C00,0x0000
0.0212765100,2,0x1C00,0x0000
0.0212794800,2,0x1C00,0x0000
0.0212824400,2,0x1C00,0x0000
0.0212854000,2,0x1C00,0x0000
0.0212883700,2,0x1C00,0x0000
0.0212913300,2,0x1C00,0x0000
0.0212942900,2,0x1C00,0x0000
0.0212972600,2,0x1C00,0x0000
0.0213002200,2,0x1C00,0x0000
0.0213031800,2,0x1C00,0x0000
0.0213061400,2,0x1C00,0x0000
0.0213091100,2,0x1C00,0x0000
0.0213120700,2,0x1C00,0x0000
0.0213150300,2,0x1C00,0x0000
0.0213180000,2,0x1C00,0x0000
0.0213209600,2,0x1C00,0x0000
0.0213239200,2,0x1C00,0x0000
0.0213268800,2,0x1C00,0x0000
0.0213298500,2,0x1C00,0x0000
0.0213328100,2,0x1C00,0x0000
0.0213357700,2,0x1C00,0x0000
0.0213387400,2,0x1C00,0x0000
0.0213417000,2,0x1C00,0x0000
0.0213446600,2,0x1C00,0x0000
0.0213476300,2,0x1C00,0x0000
0.0213505900,2,0x1C00,0x0000
0.0213535500,2,0x1C00,0x0000
0.0213565100,2,0x1C00,0x0000
0.0213594800,2,0x1C00,0x0000
0.0213624400,2,0x1C00,0x0000
0.0213654000,2,0x1C00,0x0000
0.0213683700,2,0x1C00,0x0000
0.0213713300,2,0x1C00,0x0000
0.0213742900,2,0x1C00,0x0000
0.0213772600,2,0x1C00,0x0000
0.0213802200,2,0x1C00,0x0000
0.0213831800,2,0x1C00,0x0000
0.0213861400,2,0x1C00,0x0000
0.0213891100,2,0x1C00,0x0000
0.0213920700,2,0x1C00,0x0000
0.0213950300,2,0x1C00,0x0000
0.0213980000,2,0x1C00,0x0000
0.0214009600,2,0x1C00,0x0000
0.0214039200,2,0x1C00,0x0000
0.0214068800,2,0x1C00,0x0000
0.0214098500,2,0x1C00,0x0000
0.0214128100,2,0x1C00,0x0000
0.0214157700,2,0x1C00,0x0000
0.0214187400,2,0x1C00,0x0000
0.0214217000,2,0x1C00,0x0000
0.0214246600,2,0x1C00,0x0000
0.0214276300,2,0x1C00,0x0000
0.0214305900,2,0x1C00,0x0000
0.0214335500,2,0x1C00,0x0000
0.0214365100,2,0x1C00,0x0000
0.0214394800,2,0x1C00,0x0000
0.0214424400,2,0x1C00,0x0000
0.0214454000,2,0x1C00,0x0000
0.0214483700,2,0x1C00,0x0000
0.0214513300,2,0x1C00,0x0000
0.0214542900,2,0x1C00,0x0000
0.0214572600,2,0x1C00,0x0000
0.0214602200,2,0x1C00,0x0000
0.0214631800,2,0x1C00,0x0000
0.0214661400,2,0x1C00,0x0000
0.0214691100,2,0x1C00,0x0000
0.0214720700,2,0x1C00,0x0000
0.0214750300,2,0x1C00,0x0000
0.0214780000,2,0x1C00,0x0000
0.0214809600,2,0x1C00,0x0000
0.0214839200,2,0x1C00,0x0000
0.0214868800,2,0x1C00,0x0000
0.0214898500,2,0x1C00,0x0000
0.0214928100,2,0x1C00,0x0000
0.0214957700,2,0x1C00,0x0000
0.0214987400,2,0x1C00,0x0000
0.0215017000,2,0x1C00,0x0000
0.0215046600,2,0x1C00,0x0000
0.0215076300,2,0x1C00,0x0000
0.0215105900,2,0x1C00,0x0000
0.0215135500,2,0x1C00,0x0000
0.0215165100,2,0x1C00,0x0000
0.0215194800,2,0x1C00,0x0000
0.0215224400,2,0x1C00,0x0000
0.0215254000,2,0x1C00,0x0000
0.0215283700,2,0x1C00,0x0000
0.0215313300,2,0x1C00,0x0000
0.0215342900,2,0x1C00,0x0000
0.0215372600,2,0x1C00,0x0000
0.0215402200,2,0x1C00,0x0000
0.0215431800,2,0x1C00,0x0000
0.0215461400,2,0x1C00,0x0000
0.0215491100,2,0x1C00,0x0000
0.0215520700,2,0x1C00,0x0000
0.0215550300,2,0x1C00,0x0000
0.0215580000,2,0x1C00,0x0000
0.0215609600,2,0x1C00,0x0000
0.0215639200,2,0x1C00,0x0000
0.0215668900,2,0x1C00,0x0000
0.0215698500,2,0x1C00,0x0000
0.0215728100,2,0x1C00,0x0000
0.0215757700,2,0x1C00,0x0000
0.0215787400,2,0x1C00,0x0000
0.0215817000,2,0x1C00,0x0000
0.0215846600,2,0x1C00,0x0000
0.0215876300,2,0x1C00,0x0000
0.0215905900,2,0x1C00,0x0000
0.0215935500,2,0x1C00,0x0000
0.0215965100,2,0x1C00,0x0000
0.0215994800,2,0x1C00,0x0000
0.0216024400,2,0x1C00,0x0000
0.0216054000,2,0x1C00,0x0000
0.0216083700,2,0x1C00,0x0000
0.0216113300,2,0x1C00,0x0000
0.0216142900,2,0x1C00,0x0000
0.0216172600,2,0x1C00,0x0000
0.0216202200,2,0x1C00,0x0000
0.0216231800,2,0x1C00,0x0000
0.0216261400,2,0x1C00,0x0000
0.0216291100,2,0x1C00,0x0000
0.0216320700,2,0x1C00,0x0000
0.0216350300,2,0x1C00,0x0000
0.0216380000,2,0x1C00,0x0000
0.0216409600,2,0x1C00,0x0000
0.0216439200,2,0x1C00,0x0000
0.0216468900,2,0x1C00,0x0000
0.0216498500,2,0x1C00,0x0000
0.0216528100,2,0x1C00,0x0000
0.0216557700,2,0x1C00,0x0000
0.0216587400,2,0x1C00,0x0000
0.0216617000,2,0x1C00,0x0000
0.0216646600,2,0x1C00,0x0000
0.0216676300,2,0x1C00,0x0000
0.0216705900,2,0x1C00,0x0000
0.0216735500,2,0x1C00,0x0000
0.0216765100,2,0x1C00,0x0000
0.0216794800,2,0x1C00,0x0000
0.0216824400,2,0x1C00,0x0000
0.0216854000,2,0x1C00,0x0000
0.0216883700,2,0x1C00,0x0000
0.0216913300,2,0x1C00,0x0000
0.0216942900,2,0x1C00,0x0000
0.0216972600,2,0x1C00,0x0000
0.0217002200,2,0x1C00,0x0000
0.0217031800,2,0x1C00,0x0000
0.0217061400,2,0x1C00,0x0000
0.0217091100,2,0x1C00,0x0000
0.0217120700,2,0x1C00,0x0000
0.0217150300,2,0x1C00,0x0000
0.0217180000,2,0x1C00,0x0000
0.0217209600,2,0x1C00,0x0000
0.0217239200,2,0x1C00,0x0000
0.0217268900,2,0x1C00,0x0000
0.0217298500,2,0x1C00,0x0000
0.0217328100,2,0x1C00,0x0000
0.0217357700,2,0x1C00,0x0000
0.0217387400,2,0x1C00,0x0000
0.0217417000,2,0x1C00,0x0000
0.0217446600,2,0x1C00,0x0000
0.0217476300,2,0x1C00,0x0000
0.0217505900,2,0x1C00,0x0000
0.0217535500,2,0x1C00,0x0000
0.0217565100,2,0x1C00,0x0000
0.0217594800,2,0x1C00,0x0000
0.0217624400,2,0x1C00,0x0000
0.0217654000,2,0x1C00,0x0000
0.0217683700,2,0x1C00,0x0000
0.0217713300,2,0x1C00,0x0000
0.0217742900,2,0x1C00,0x0000
0.0217772600,2,0x1C00,0x0000
0.0217802200,2,0x1C00,0x0000
0.0217831800,2,0x1C00,0x0000
0.0217861400,2,0x1C00,0x0000
0.0217891100,2,0x1C00,0x0000
0.0217920700,2,0x1C00,0x0000
0.0217950300,2,0x1C00,0x0000
0.0217980000,2,0x1C00,0x0000
0.0218009600,2,0x1C00,0x0000
0.0218039200,2,0x1C00,0x0000
0.0218068900,2,0x1C00,0x0000
0.0218098500,2,0x83E7,0x0000
0.0218128100,2,0xAFFF,0x0000
0.0218157700,2,0xAFFF,0x0000
0.0218187400,2,0xAFFF,0x0000
0.0218217000,2,0xAFFF,0x0000
0.0218246600,2,0xAFFF,0x0000
0.0218276300,2,0xAFFF,0x0000
0.0218305900,2,0xAFFF,0x0000
0.0218335500,2,0xAFFF,0x0000
0.0218365100,2,0xAFFF,0x0000
0.0218394800,2,0xAFFF,0x0000
0.0218424400,2,0xAFFF,0x0000
0.0218454000,2,0xAFFF,0x0000
0.0218483700,2,0xAFFF,0x0000
0.0218513300,2,0xAFFF,0x0000
0.0218542900,2,0xAFFF,0x0000
0.0218572600,2,0xAFFF,0x0000
0.0218602200,2,0x83E1,0x0000
0.0218631800,2,0x1C00,0x0000
0.0218661400,2,0x1C00,0x0000
0.0218691100,2,0x1C00,0x0000
0.0218720700,2,0x1C00,0x0000
0.0218750300,2,0x1C00,0x0000
0.0218780000,2,0x1C00,0x0000
0.0218809600,2,0x1C00,0x0000
0.0218839200,2,0x1C00,0x0000
0.0218868800,2,0x1C00,0x0000
0.0218898500,2,0x1C00,0x0000
0.0218928100,2,0x1C00,0x0000
0.0218957700,2,0x1C00,0x0000
0.0218987400,2,0x1C00,0x0000
0.0219017000,2,0x1C00,0x0000
0.0219046600,2,0x1C00,0x0000
0.0219076300,2,0x1C00,0x0000
0.0219105900,2,0x1C00,0x0000
0.0219135500,2,0x1C00,0x0000
0.0219165100,2,0x1C00,0x0000
0.0219194800,2,0x1C00,0x0000
0.0219224400,2,0x1C00,0x0000
0.0219254000,2,0x1C00,0x0000
0.0219283700,2,0x1C00,0x0000
0.0219313300,2,0x1C00,0x0000
0.0219342900,2,0x1C00,0x0000
0.0219372600,2,0x1C00,0x0000
0.0219402200,2,0x1C00,0x0000
0.0219431800,2,0x1C00,0x0000
0.0219461500,2,0x1C00,0x0000
0.0219491100,2,0x1C00,0x0000
0.0219520700,2,0x93E7,0x0000
0.0219550300,2,0xBBEF,0x0000
0.0219580000,2,0xBBEF,0x0000
0.0219609600,2,0xBBEF,0x0000
0.0219639200,2,0xBBEF,0x0000
0.0219668900,2,0xBBEF,0x0000
0.0219698500,2,0xBBEF,0x0000
0.0219728100,2,0xBBEF,0x0000
0.0219757700,2,0xBBEF,0x0000
0.0219787400,2,0xBBEF,0x0000
0.0219817000,2,0xBBEF,0x0000
0.0219846600,2,0xBBEF,0x0000
0.0219876300,2,0xBBEF,0x0000
0.0219905900,2,0xBBEF,0x0000
0.0219935500,2,0xBBEF,0x0000
0.0219965100,2,0xBBEF,0x0000
0.0219994800,2,0xBBEF,0x0000
0.0220024400,2,0x8FEF,0x0000
0.0220054000,2,0x1C00,0x0000
0.0220083700,2,0x1C00,0x0000
0.0220113300,2,0x1C00,0x0000
0.0220142900,2,0x1C00,0x0000
0.0220172600,2,0x1C00,0x0000
0.0220202200,2,0x1C00,0x0000
0.0220231800,2,0x1C00,0x0000
0.0220261500,2,0x1C00,0x0000
0.0220291100,2,0x1C00,0x0000
0.0220320700,2,0x1C00,0x0000
0.0220350300,2,0x1C00,0x0000
0.0220380000,2,0x1C00,0x0000
0.0220409600,2,0x1C00,0x0000
0.0220439200,2,0x1C00,0x0000
0.0220468900,2,0x1C00,0x0000
0.0220498500,2,0x1C00,0x0000
0.0220528100,2,0x1C00,0x0000
0.0220557700,2,0x1C00,0x0000
0.0220587400,2,0x1C00,0x0000
0.0220617000,2,0x1C00,0x0000
0.0220646600,2,0x1C00,0x0000
0.0220676300,2,0x1C00,0x0000
0.0220705900,2,0x1C00,0x0000
0.0220735500,2,0x1C00,0x0000
0.0220765100,2,0x1C00,0x0000
0.0220794800,2,0x1C00,0x0000
0.0220824400,2,0x1C00,0x0000
0.0220854000,2,0x1C00,0x0000
0.0220883700,2,0x1C00,0x0000
0.0220913300,2,0x1C00,0x0000
0.0220942900,2,0x93E7,0x0000
0.0220972600,2,0xBBEF,0x0000
0.0221002200,2,0xBBEF,0x0000
0.0221031800,2,0xBBEF,0x0000
0.0221061400,2,0xBBEF,0x0000
0.0221091100,2,0xBBEF,0x0000
0.0221120700,2,0xBBEF,0x0000
0.0221150300,2,0xBBEF,0x0000
0.0221180000,2,0xBBEF,0x0000
0.0221209600,2,0xBBEF,0x0000
0.0221239200,2,0xBBEF,0x0000
0.0221268900,2,0xBBEF,0x0000
0.0221298500,2,0xBBEF,0x0000
0.0221328100,2,0xBBEF,0x0000
0.0221357800,2,0xBBEF,0x0000
0.0221387400,2,0xBBEF,0x0000
0.0221417000,2,0xBBEF,0x0000
0.0221446600,2,0x8FEF,0x0000
0.0221476300,2,0x1C00,0x0000
0.0221505900,2,0x1C00,0x0000
0.0221535500,2,0x1C00,0x0000
0.0221565100,2,0x1C00,0x0000
0.0221594800,2,0x1C00,0x0000
0.0221624400,2,0x1C00,0x0000
0.0221654000,2,0x1C00,0x0000
0.0221683700,2,0x1C00,0x0000
0.0221713300,2,0x1C00,0x0000
0.0221742900,2,0x1C00,0x0000
0.0221772600,2,0x1C00,0x0000
0.0221802200,2,0x1C00,0x0000
0.0221831800,2,0x1C00,0x0000
0.0221861500,2,0x1C00,0x0000
0.0221891100,2,0x1C00,0x0000
0.0221920700,2,0x1C00,0x0000
0.0221950300,2,0x1C00,0x0000
0.0221980000,2,0x1C00,0x0000
0.0222009600,2,0x1C00,0x0000
0.0222039200,2,0x1C00,0x0000
0.0222068900,2,0x1C00,0x0000
0.0222098500,2,0x1C00,0x0000
0.0222128100,2,0x1C00,0x0000
0.0222157700,2,0x1C00,0x0000
0.0222187400,2,0x1C00,0x0000
0.0222217000,2,0x1C00,0x0000
0.0222246600,2,0x1C00,0x0000
0.0222276300,2,0x1C00,0x0000
0.0222305900,2,0x1C00,0x0000
0.0222335500,2,0x1C00,0x0000
0.0222365100,2,0x93E7,0x0000
0.0222394800,2,0xBBEF,0x0000
0.0222424400,2,0xBBEF,0x0000
0.0222454000,2,0xBBEF,0x0000
0.0222483700,2,0xBBEF,0x0000
0.0222513300,2,0xBBEF,0x0000
0.0222542900,2,0xBBEF,0x0000
0.0222572600,2,0xBBEF,0x0000
0.0222602200,2,0xBBEF,0x0000
0.0222631800,2,0xBBEF,0x0000
0.0222661500,2,0xBBEF,0x0000
0.0222691100,2,0xBBEF,0x0000
0.0222720700,2,0xBBEF,0x0000
0.0222750300,2,0xBBEF,0x0000
0.0222780000,2,0xBBEF,0x0000
0.0222809600,2,0xBBEF,0x0000
0.0222839200,2,0xBBEF,0x0000
0.0222868900,2,0x8FEF,0x0000
0.0222898500,2,0x1C00,0x0000
0.0222928100,2,0x1C00,0x0000
0.0222957800,2,0x1C00,0x0000
0.0222987400,2,0x1C00,0x0000
0.0223017000,2,0x1C00,0x0000
0.0223046600,2,0x1C00,0x0000
0.0223076300,2,0x1C00,0x0000
0.0223105900,2,0x1C00,0x0000
0.0223135500,2,0x1C00,0x0000
0.0223165100,2,0x1C00,0x0000
0.0223194800,2,0x1C00,0x0000
0.0223224400,2,0x1C00,0x0000
0.0223254000,2,0x1C00,0x0000
0.0223283700,2,0x1C00,0x0000
0.0223313300,2,0x1C00,0x0000
0.0223342900,2,0x1C00,0x0000
0.0223372600,2,0x1C00,0x0000
0.0223402200,2,0x1C00,0x0000
0.0223431800,2,0x1C00,0x0000
0.0223461500,2,0x1C00,0x0000
0.0223491100,2,0x1C00,0x0000
0.0223520700,2,0x1C00,0x0000
0.0223550300,2,0x1C00,0x0000
0.0223580000,2,0x1C00,0x0000
0.0223609600,2,0x1C00,0x0000
0.0223639200,2,0x1C00,0x0000
0.0223668900,2,0x1C00,0x0000
0.0223698500,2,0x1C00,0x0000
0.0223728100,2,0x1C00,0x0000
0.0223757800,2,0x1C00,0x0000
0.0223787400,2,0x93E7,0x0000
0.0223817000,2,0xBBEF,0x0000
0.0223846600,2,0xBBEF,0x0000
0.0223876300,2,0xBBEF,0x0000
0.0223905900,2,0xBBEF,0x0000
0.0223935500,2,0xBBEF,0x0000
0.0223965100,2,0xBBEF,0x0000
0.0223994800,2,0xBBEF,0x0000
0.0224024400,2,0xBBEF,0x0000
0.0224054000,2,0xBBEF,0x0000
0.0224083700,2,0xBBEF,0x0000
0.0224113300,2,0xBBEF,0x0000
0.0224142900,2,0xBBEF,0x0000
0.0224172600,2,0xBBEF,0x0000
0.0224202200,2,0xBBEF,0x0000
0.0224231800,2,0xBBEF,0x0000
0.0224261500,2,0xBBEF,0x0000
0.0224291100,2,0x8FEF,0x0000
0.0224320700,2,0x1C00,0x0000
0.0224350300,2,0x1C00,0x0000
0.0224380000,2,0x1C00,0x0000
0.0224409600,2,0x1C00,0x0000
0.0224439200,2,0x1C00,0x0000
0.0224468900,2,0x1C00,0x0000
0.0224498500,2,0x1C00,0x0000
0.0224528100,2,0x1C00,0x0000
0.0224557800,2,0x1C00,0x0000
0.0224587400,2,0x1C00,0x0000
0.0224617000,2,0x1C00,0x0000
0.0224646600,2,0x1C00,0x0000
0.0224676300,2,0x1C00,0x0000
0.0224705900,2,0x1C00,0x0000
0.0224735500,2,0x1C00,0x0000
0.0224765200,2,0x1C00,0x0000
0.0224794800,2,0x1C00,0x0000
0.0224824400,2,0x1C00,0x0000
0.0224854100,2,0x1C00,0x0000
0.0224883700,2,0x1C00,0x0000
0.0224913300,2,0x1C00,0x0000
0.0224942900,2,0x1C00,0x0000
0.0224972600,2,0x1C00,0x0000
0.0225002200,2,0x1C00,0x0000
0.0225031800,2,0x1C00,0x0000
0.0225061500,2,0x1C00,0x0000
0.0225091100,2,0x1C00,0x0000
0.0225120700,2,0x1C00,0x0000
0.0225150300,2,0x1C00,0x0000
0.0225180000,2,0x1C00,0x0000
0.0225209600,2,0x93E7,0x0000
0.0225239200,2,0xBBEF,0x0000
0.0225268900,2,0xBBEF,0x0000
0.0225298500,2,0xBBEF,0x0000
0.0225328100,2,0xBBEF,0x0000
0.0225357800,2,0xBBEF,0x0000
0.0225387400,2,0xBBEF,0x0000
0.0225417000,2,0xBBEF,0x0000
0.0225446600,2,0xBBEF,0x0000
0.0225476300,2,0xBBEF,0x0000
0.0225505900,2,0xBBEF,0x0000
0.0225535500,2,0xBBEF,0x0000
0.0225565100,2,0xBBEF,0x0000
0.0225594800,2,0xBBEF,0x0000
0.0225624400,2,0xBBEF,0x0000
0.0225654000,2,0xBBEF,0x0000
0.0225683700,2,0xBBEF,0x0000
0.0225713300,2,0x8FEF,0x0000
0.0225742900,2,0x1C00,0x0000
0.0225772600,2,0x1C00,0x0000
0.0225802200,2,0x1C00,0x0000
0.0225831800,2,0x1C00,0x0000
0.0225861500,2,0x1C00,0x0000
0.0225891100,2,0x1C00,0x0000
0.0225920700,2,0x1C00,0x0000
0.0225950400,2,0x1C00,0x0000
0.0225980000,2,0x1C00,0x0000
0.0226009600,2,0x1C00,0x0000
0.0226039200,2,0x1C00,0x0000
0.0226068900,2,0x1C00,0x0000
0.0226098500,2,0x1C00,0x0000
0.0226128100,2,0x1C00,0x0000
0.0226157800,2,0x1C00,0x0000
0.0226187400,2,0x1C00,0x0000
0.0226217000,2,0x1C00,0x0000
0.0226246600,2,0x1C00,0x0000
0.0226276300,2,0x1C00,0x0000
0.0226305900,2,0x1C00,0x0000
0.0226335500,2,0x1C00,0x0000
0.0226365200,2,0x1C00,0x0000
0.0226394800,2,0x1C00,0x0000
0.0226424400,2,0x1C00,0x0000
0.0226454100,2,0x1C00,0x0000
0.0226483700,2,0x1C00,0x0000
0.0226513300,2,0x1C00,0x0000
0.0226542900,2,0x1C00,0x0000
0.0226572600,2,0x1C00,0x0000
0.0226602200,2,0x1C00,0x0000
0.0226631800,2,0x93E7,0x0000
0.0226661500,2,0xBBEF,0x0000
0.0226691100,2,0xBBEF,0x0000
0.0226720700,2,0xBBEF,0x0000
0.0226750300,2,0xBBEF,0x0000
0.0226780000,2,0xBBEF,0x0000
0.0226809600,2,0xBBEF,0x0000
0.0226839200,2,0xBBEF,0x0000
0.0226868900,2,0xBBEF,0x0000
0.0226898500,2,0xBBEF,0x0000
0.0226928100,2,0xBBEF,0x0000
0.0226957800,2,0xBBEF,0x0000
0.0226987400,2,0xBBEF,0x0000
0.0227017000,2,0xBBEF,0x0000
0.0227046600,2,0xBBEF,0x0000
0.0227076300,2,0xBBEF,0x0000
0.0227105900,2,0xBBEF,0x0000
0.0227135500,2,0x8FEF,0x0000
0.0227165200,2,0x1C00,0x0000
0.0227194800,2,0x1C00,0x0000
0.0227224400,2,0x1C00,0x0000
0.0227254100,2,0x1C00,0x0000
0.0227283700,2,0x1C00,0x0000
0.0227313300,2,0x1C00,0x0000
0.0227342900,2,0x1C00,0x0000
0.0227372600,2,0x1C00,0x0000
0.0227402200,2,0x1C00,0x0000
0.0227431800,2,0x1C00,0x0000
0.0227461500,2,0x1C00,0x0000
0.0227491100,2,0x1C00,0x0000
0.0227520700,2,0x1C00,0x0000
0.0227550300,2,0x1C00,0x0000
0.0227580000,2,0x1C00,0x0000
0.0227609600,2,0x1C00,0x0000
0.0227639200,2,0x1C00,0x0000
0.0227668900,2,0x1C00,0x0000
0.0227698500,2,0x1C00,0x0000
0.0227728100,2,0x1C00,0x0000
0.0227757800,2,0x1C00,0x0000
0.0227787400,2,0x1C00,0x0000
0.0227817000,2,0x1C00,0x0000
0.0227846600,2,0x1C00,0x0000
0.0227876300,2,0x1C00,0x0000
0.0227905900,2,0x1C00,0x0000
0.0227935500,2,0x1C00,0x0000
0.0227965200,2,0x1C00,0x0000
0.0227994800,2,0x1C00,0x0000
0.0228024400,2,0x1C00,0x0000
0.0228054000,2,0x93E7,0x0000
0.0228083700,2,0xBBEF,0x0000
0.0228113300,2,0xBBEF,0x0000
0.0228142900,2,0xBBEF,0x0000
0.0228172600,2,0xBBEF,0x0000
0.0228202200,2,0xBBEF,0x0000
0.0228231800,2,0xBBEF,0x0000
0.0228261500,2,0xBBEF,0x0000
0.0228291100,2,0xBBEF,0x0000
0.0228320700,2,0xBBEF,0x0000
0.0228350300,2,0xBBEF,0x0000
0.0228380000,2,0xBBEF,0x0000
0.0228409600,2,0xBBEF,0x0000
0.0228439200,2,0xBBEF,0x0000
0.0228468900,2,0xBBEF,0x0000
0.0228498500,2,0xBBEF,0x0000
0.0228528100,2,0xBBEF,0x0000
0.0228557800,2,0x8FEF,0x0000
0.0228587400,2,0x1C00,0x0000
0.0228617000,2,0x1C00,0x0000
0.0228646600,2,0x1C00,0x0000
0.0228676300,2,0x1C00,0x0000
0.0228705900,2,0x1C00,0x0000
0.0228735500,2,0x1C00,0x0000
0.0228765200,2,0x1C00,0x0000
0.0228794800,2,0x1C00,0x0000
0.0228824400,2,0x1C00,0x0000
0.0228854100,2,0x1C00,0x0000
0.0228883700,2,0x1C00,0x0000
0.0228913300,2,0x1C00,0x0000
0.0228942900,2,0x1C00,0x0000
0.0228972600,2,0x1C00,0x0000
0.0229002200,2,0x1C00,0x0000
0.0229031800,2,0x1C00,0x0000
0.0229061500,2,0x1C00,0x0000
0.0229091100,2,0x1C00,0x0000
0.0229120700,2,0x1C00,0x0000
0.0229150400,2,0x1C00,0x0000
0.0229180000,2,0x1C00,0x0000
0.0229209600,2,0x1C00,0x0000
0.0229239200,2,0x1C00,0x0000
0.0229268900,2,0x1C00,0x0000
0.0229298500,2,0x1C00,0x0000
0.0229328100,2,0x1C00,0x0000
0.0229357800,2,0x1C00,0x0000
0.0229387400,2,0x1C00,0x0000
0.0229417000,2,0x1C00,0x0000
0.0229446600,2,0x1C00,0x0000
0.0229476300,2,0x93E7,0x0000
0.0229505900,2,0xBBEF,0x0000
0.0229535500,2,0xBBEF,0x0000
0.0229565200,2,0xBBEF,0x0000
0.0229594800,2,0xBBEF,0x0000
0.0229624400,2,0xBBEF,0x0000
0.0229654100,2,0xBBEF,0x0000
0.0229683700,2,0xBBEF,0x0000
0.0229713300,2,0xBBEF,0x0000
0.0229742900,2,0xBBEF,0x0000
0.0229772600,2,0xBBEF,0x0000
0.0229802200,2,0xBBEF,0x0000
0.0229831800,2,0xBBEF,0x0000
0.0229861500,2,0xBBEF,0x0000
0.0229891100,2,0xBBEF,0x0000
0.0229920700,2,0xBBEF,0x0000
0.0229950400,2,0xBBEF,0x0000
0.0229980000,2,0x8FEF,0x0000
0.0230009600,2,0x1C00,0x0000
0.0230039200,2,0x1C00,0x0000
0.0230068900,2,0x1C00,0x0000
0.0230098500,2,0x1C00,0x0000
0.0230128100,2,0x1C00,0x0000
0.0230157800,2,0x1C00,0x0000
0.0230187400,2,0x1C00,0x0000
0.0230217000,2,0x1C00,0x0000
0.0230246600,2,0x1C00,0x0000
0.0230276300,2,0x1C00,0x0000
0.0230305900,2,0x1C00,0x0000
0.0230335500,2,0x1C00,0x0000
0.0230365200,2,0x1C00,0x0000
0.0230394800,2,0x1C00,0x0000
0.0230424400,2,0x1C00,0x0000
0.0230454100,2,0x1C00,0x0000
0.0230483700,2,0x1C00,0x0000
0.0230513300,2,0x1C00,0x0000
0.0230542900,2,0x1C00,0x0000
0.0230572600,2,0x1C00,0x0000
0.0230602200,2,0x1C00,0x0000
0.0230631800,2,0x1C00,0x0000
0.0230661500,2,0x1C00,0x0000
0.0230691100,2,0x1C00,0x0000
0.0230720700,2,0x1C00,0x0000
0.0230750400,2,0x1C00,0x0000
0.0230780000,2,0x1C00,0x0000
0.0230809600,2,0x1C00,0x0000
0.0230839200,2,0x1C00,0x0000
0.0230868900,2,0x1C00,0x0000
0.0230898500,2,0x83E1,0x0000
0.0230928100,2,0xAFF6,0x0000
0.0230957800,2,0xAFF6,0x0000
0.0230987400,2,0xAFF6,0x0000
0.0231017000,2,0xAFF6,0x0000
0.0231046600,2,0xAFF6,0x0000
0.0231076300,2,0xAFF6,0x0000
0.0231105900,2,0xAFF6,0x0000
0.0231135500,2,0xAFF6,0x0000
0.0231165200,2,0xAFF6,0x0000
0.0231194800,2,0xAFF6,0x0000
0.0231224400,2,0xAFF6,0x0000
0.0231254000,2,0xAFF6,0x0000
0.0231283700,2,0xAFF6,0x0000
0.0231313300,2,0xAFF6,0x0000
0.0231342900,2,0xAFF6,0x0000
0.0231372600,2,0xAFF6,0x0000
0.0231402200,2,0x83E1,0x0000
0.0231431800,2,0x1C00,0x0000
0.0231461500,2,0x1C00,0x0000
0.0231491100,2,0x1C00,0x0000
0.0231520700,2,0x1C00,0x0000
0.0231550400,2,0x1C00,0x0000
0.0231580000,2,0x1C00,0x0000
0.0231609600,2,0x1C00,0x0000
0.0231639200,2,0x1C00,0x0000
0.0231668900,2,0x1C00,0x0000
0.0231698500,2,0x1C00,0x0000
0.0231728100,2,0x1C00,0x0000
0.0231757800,2,0x1C00,0x0000
0.0231787400,2,0x1C00,0x0000
0.0231817000,2,0x1C00,0x0000
0.0231846600,2,0x1C00,0x0000
0.0231876300,2,0x1C00,0x0000
0.0231905900,2,0x1C00,0x0000
0.0231935500,2,0x1C00,0x0000
0.0231965200,2,0x1C00,0x0000
0.0231994800,2,0x1C00,0x0000
0.0232024400,2,0x1C00,0x0000
0.0232054100,2,0x1C00,0x0000
0.0232083700,2,0x1C00,0x0000
0.0232113300,2,0x1C00,0x0000
0.0232142900,2,0x1C00,0x0000
0.0232172600,2,0x1C00,0x0000
0.0232202200,2,0x1C00,0x0000
0.0232231800,2,0x1C00,0x0000
0.0232261500,2,0x1C00,0x0000
0.0232291100,2,0x1C00,0x0000
0.0232320700,2,0x1C00,0x0000
0.0232350300,2,0x1C00,0x0000
0.0232380000,2,0x1C00,0x0000
0.0232409600,2,0x1C00,0x0000
0.0232439200,2,0x1C00,0x0000
0.0232468900,2,0x1C00,0x0000
0.0232498500,2,0x1C00,0x0000
0.0232528100,2,0x1C00,0x0000
0.0232557800,2,0x1C00,0x0000
0.0232587400,2,0x1C00,0x0000
0.0232617000,2,0x1C00,0x0000
0.0232646600,2,0x1C00,0x0000
0.0232676300,2,0x1C00,0x0000
0.0232705900,2,0x1C00,0x0000
0.0232735500,2,0x1C00,0x0000
0.0232765200,2,0x1C00,0x0000
0.0232794800,2,0x1C00,0x0000
0.0232824400,2,0x1C00,0x0000
0.0232854100,2,0x1C00,0x0000
0.0232883700,2,0x1C00,0x0000
0.0232913300,2,0x1C00,0x0000
0.0232942900,2,0x1C00,0x0000
0.0232972600,2,0x1C00,0x0000
0.0233002200,2,0x1C00,0x0000
0.0233031800,2,0x1C00,0x0000
0.0233061500,2,0x1C00,0x0000
0.0233091100,2,0x1C00,0x0000
0.0233120700,2,0x1C00,0x0000
0.0233150400,2,0x1C00,0x0000
0.0233180000,2,0x1C00,0x0000
0.0233209600,2,0x1C00,0x0000
0.0233239200,2,0x1C00,0x0000
0.0233268900,2,0x1C00,0x0000
0.0233298500,2,0x1C00,0x0000
0.0233328100,2,0x1C00,0x0000
0.0233357800,2,0x1C00,0x0000
0.0233387400,2,0x1C00,0x0000
0.0233417000,2,0x1C00,0x0000
0.0233446600,2,0x1C00,0x0000
0.0233476300,2,0x1C00,0x0000
0.0233505900,2,0x1C00,0x0000
0.0233535500,2,0x1C00,0x0000
0.0233565200,2,0x1C00,0x0000
0.0233594800,2,0x1C00,0x0000
0.0233624400,2,0x1C00,0x0000
0.0233654100,2,0x1C00,0x0000
0.0233683700,2,0x1C00,0x0000
0.0233713300,2,0x1C00,0x0000
0.0233743000,2,0x1C00,0x0000
0.0233772600,2,0x1C00,0x0000
0.0233802200,2,0x1C00,0x0000
0.0233831800,2,0x1C00,0x0000
0.0233861500,2,0x1C00,0x0000
0.0233891100,2,0x1C00,0x0000
0.0233920700,2,0x1C00,0x0000
0.0233950400,2,0x1C00,0x0000
0.0233980000,2,0x1C00,0x0000
0.0234009600,2,0x1C00,0x0000
0.0234039200,2,0x1C00,0x0000
0.0234068900,2,0x1C00,0x0000
0.0234098500,2,0x1C00,0x0000
0.0234128100,2,0x1C00,0x0000
0.0234157800,2,0x1C00,0x0000
0.0234187400,2,0x1C00,0x0000
0.0234217000,2,0x1C00,0x0000
0.0234246600,2,0x1C00,0x0000
0.0234276300,2,0x1C00,0x0000
0.0234305900,2,0x1C00,0x0000
0.0234335500,2,0x1C00,0x0000
0.0234365200,2,0x1C00,0x0000
0.0234394800,2,0x1C00,0x0000
0.0234424400,2,0x1C00,0x0000
0.0234454100,2,0x1C00,0x0000
0.0234483700,2,0x1C00,0x0000
0.0234513300,2,0x1C00,0x0000
0.0234543000,2,0x1C00,0x0000
0.0234572600,2,0x1C00,0x0000
0.0234602200,2,0x1C00,0x0000
0.0234631800,2,0x1C00,0x0000
0.0234661500,2,0x1C00,0x0000
0.0234691100,2,0x1C00,0x0000
0.0234720700,2,0x1C00,0x0000
0.0234750400,2,0x1C00,0x0000
0.0234780000,2,0x1C00,0x0000
0.0234809600,2,0x1C00,0x0000
0.0234839300,2,0x1C00,0x0000
0.0234868900,2,0x1C00,0x0000
0.0234898500,2,0x1C00,0x0000
0.0234928100,2,0x1C00,0x0000
0.0234957800,2,0x1C00,0x0000
0.0234987400,2,0x1C00,0x0000
0.0235017000,2,0x1C00,0x0000
0.0235046600,2,0x1C00,0x0000
0.0235076300,2,0x1C00,0x0000
0.0235105900,2,0x1C00,0x0000
0.0235135500,2,0x1C00,0x0000
0.0235165200,2,0x1C00,0x0000
0.0235194800,2,0x1C00,0x0000
0.0235224400,2,0x1C00,0x0000
0.0235254100,2,0x1C00,0x0000
0.0235283700,2,0x1C00,0x0000
0.0235313300,2,0x1C00,0x0000
0.0235343000,2,0x1C00,0x0000
0.0235372600,2,0x1C00,0x0000
0.0235402200,2,0x1C00,0x0000
0.0235431800,2,0x1C00,0x0000
0.0235461500,2,0x1C00,0x0000
0.0235491100,2,0x1C00,0x0000
0.0235520700,2,0x1C00,0x0000
0.0235550400,2,0x1C00,0x0000
0.0235580000,2,0x1C00,0x0000
0.0235609600,2,0x1C00,0x0000
0.0235639300,2,0x1C00,0x0000
0.0235668900,2,0x1C00,0x0000
0.0235698500,2,0x1C00,0x0000
0.0235728100,2,0x1C00,0x0000
0.0235757800,2,0x1C00,0x0000
0.0235787400,2,0x1C00,0x0000
0.0235817000,2,0x1C00,0x0000
0.0235846600,2,0x1C00,0x0000
0.0235876300,2,0x1C00,0x0000
0.0235905900,2,0x1C00,0x0000
0.0235935500,2,0x1C00,0x0000
0.0235965200,2,0x1C00,0x0000
0.0235994800,2,0x1C00,0x0000
0.0236024400,2,0x1C00,0x0000
0.0236054100,2,0x1C00,0x0000
0.0236083700,2,0x1C00,0x0000
0.0236113300,2,0x1C00,0x0000
0.0236143000,2,0x1C00,0x0000
0.0236172600,2,0x1C00,0x0000
0.0236202200,2,0x1C00,0x0000
0.0236231800,2,0x1C00,0x0000
0.0236261500,2,0x1C00,0x0000
0.0236291100,2,0x1C00,0x0000
0.0236320700,2,0x1C00,0x0000
0.0236350400,2,0x1C00,0x0000
0.0236380000,2,0x1C00,0x0000
0.0236409600,2,0x1C00,0x0000
0.0236439300,2,0x1C00,0x0000
0.0236468900,2,0x1C00,0x0000
0.0236498500,2,0x1C00,0x0000
0.0236528100,2,0x1C00,0x0000
0.0236557800,2,0x1C00,0x0000
0.0236587400,2,0x1C00,0x0000
0.0236617000,2,0x1C00,0x0000
0.0236646600,2,0x1C00,0x0000
0.0236676300,2,0x1C00,0x0000
0.0236705900,2,0x1C00,0x0000
0.0236735500,2,0x1C00,0x0000
0.0236765200,2,0x1C00,0x0000
0.0236794800,2,0x1C00,0x0000
0.0236824400,2,0x1C00,0x0000
0.0236854100,2,0x1C00,0x0000
0.0236883700,2,0x1C00,0x0000
0.0236913300,2,0x1C00,0x0000
0.0236943000,2,0x1C00,0x0000
0.0236972600,2,0x1C00,0x0000
0.0237002200,2,0x1C00,0x0000
0.0237031800,2,0x1C00,0x0000
0.0237061500,2,0x1C00,0x0000
0.0237091100,2,0x1C00,0x0000
0.0237120700,2,0x1C00,0x0000
0.0237150400,2,0x1C00,0x0000
0.0237180000,2,0x1C00,0x0000
0.0237209600,2,0x1C00,0x0000
0.0237239300,2,0x1C00,0x0000
0.0237268900,2,0x1C00,0x0000
0.0237298500,2,0x1C00,0x0000
0.0237328100,2,0x1C00,0x0000
0.0237357800,2,0x1C00,0x0000
0.0237387400,2,0x1C00,0x0000
0.0237417000,2,0x1C00,0x0000
0.0237446700,2,0x1C00,0x0000
0.0237476300,2,0x1C00,0x0000
0.0237505900,2,0x1C00,0x0000
0.0237535500,2,0x1C00,0x0000
0.0237565200,2,0x1C00,0x0000
0.0237594800,2,0x1C00,0x0000
0.0237624400,2,0x1C00,0x0000
0.0237654100,2,0x1C00,0x0000
0.0237683700,2,0x1C00,0x0000
0.0237713300,2,0x1C00,0x0000
0.0237743000,2,0x1C00,0x0000
0.0237772600,2,0x1C00,0x0000
0.0237802200,2,0x1C00,0x0000
0.0237831800,2,0x1C00,0x0000
0.0237861500,2,0x1C00,0x0000
0.0237891100,2,0x1C00,0x0000
0.0237920700,2,0x1C00,0x0000
0.0237950400,2,0x1C00,0x0000
0.0237980000,2,0x1C00,0x0000
0.0238009600,2,0x1C00,0x0000
0.0238039300,2,0x1C00,0x0000
0.0238068900,2,0x1C00,0x0000
0.0238098500,2,0x1C00,0x0000
0.0238128100,2,0x1C00,0x0000
0.0238157800,2,0x1C00,0x0000
0.0238187400,2,0x1C00,0x0000
0.0238217000,2,0x1C00,0x0000
0.0238246600,2,0x1C00,0x0000
0.0238276300,2,0x1C00,0x0000
0.0238305900,2,0x1C00,0x0000
0.0238335600,2,0x1C00,0x0000
0.0238365200,2,0x1C00,0x0000
0.0238394800,2,0x1C00,0x0000
0.0238424400,2,0x1C00,0x0000
0.0238454100,2,0x1C00,0x0000
0.0238483700,2,0x1C00,0x0000
0.0238513300,2,0x1C00,0x0000
0.0238543000,2,0x1C00,0x0000
0.0238572600,2,0x1C00,0x0000
0.0238602200,2,0x1C00,0x0000
0.0238631800,2,0x1C00,0x0000
0.0238661500,2,0x1C00,0x0000
0.0238691100,2,0x1C00,0x0000
0.0238720700,2,0x1C00,0x0000
0.0238750400,2,0x1C00,0x0000
0.0238780000,2,0x1C00,0x0000
0.0238809600,2,0x1C00,0x0000
0.0238839300,2,0x1C00,0x0000
0.0238868900,2,0x1C00,0x0000
0.0238898500,2,0x1C00,0x0000
0.0238928100,2,0x1C00,0x0000
0.0238957800,2,0x1C00,0x0000
0.0238987400,2,0x1C00,0x0000
0.0239017000,2,0x1C00,0x0000
0.0239046700,2,0x1C00,0x0000
0.0239076300,2,0x1C00,0x0000
0.0239105900,2,0x1C00,0x0000
0.0239135600,2,0x1C00,0x0000
0.0239165200,2,0x1C00,0x0000
0.0239194800,2,0x1C00,0x0000
0.0239224400,2,0x1C00,0x0000
0.0239254100,2,0x1C00,0x0000
0.0239283700,2,0x1C00,0x0000
0.0239313300,2,0x1C00,0x0000
0.0239343000,2,0x1C00,0x0000
0.0239372600,2,0x1C00,0x0000
0.0239402200,2,0x1C00,0x0000
0.0239431800,2,0x1C00,0x0000
0.0239461500,2,0x1C00,0x0000
0.0239491100,2,0x1C00,0x0000
0.0239520700,2,0x1C00,0x0000
0.0239550400,2,0x1C00,0x0000
0.0239580000,2,0x1C00,0x0000
0.0239609600,2,0x1C00,0x0000
0.0239639300,2,0x1C00,0x0000
0.0239668900,2,0x1C00,0x0000
0.0239698500,2,0x1C00,0x0000
0.0239728100,2,0x1C00,0x0000
0.0239757800,2,0x1C00,0x0000
0.0239787400,2,0x1C00,0x0000
0.0239817000,2,0x1C00,0x0000
0.0239846700,2,0x1C00,0x0000
0.0239876300,2,0x1C00,0x0000
0.0239905900,2,0x1C00,0x0000
0.0239935600,2,0x1C00,0x0000
0.0239965200,2,0x1C00,0x0000
0.0239994800,2,0x1C00,0x0000
0.0240024400,2,0x1C00,0x0000
0.0240054100,2,0x1C00,0x0000
0.0240083700,2,0x1C00,0x0000
0.0240113300,2,0x1C00,0x0000
0.0240143000,2,0x1C00,0x0000
0.0240172600,2,0x1C00,0x0000
0.0240202200,2,0x1C00,0x0000
0.0240231800,2,0x1C00,0x0000
0.0240261500,2,0x1C00,0x0000
0.0240291100,2,0x1C00,0x0000
0.0240320700,2,0x1C00,0x0000
0.0240350400,2,0x1C00,0x0000
0.0240380000,2,0x1C00,0x0000
0.0240409600,2,0x1C00,0x0000
0.0240439300,2,0x1C00,0x0000
0.0240468900,2,0x1C00,0x0000
0.0240498500,2,0x1C00,0x0000
0.0240528100,2,0x1C00,0x0000
0.0240557800,2,0x1C00,0x0000
0.0240587400,2,0x1C00,0x0000
0.0240617000,2,0x1C00,0x0000
0.0240646700,2,0x1C00,0x0000
0.0240676300,2,0x1C00,0x0000
0.0240705900,2,0x1C00,0x0000
0.0240735600,2,0x1C00,0x0000
0.0240765200,2,0x1C00,0x0000
0.0240794800,2,0x1C00,0x0000
0.0240824400,2,0x1C00,0x0000
0.0240854100,2,0x1C00,0x0000
0.0240883700,2,0x1C00,0x0000
0.0240913300,2,0x1C00,0x0000
0.0240943000,2,0x1C00,0x0000
0.0240972600,2,0x1C00,0x0000
0.0241002200,2,0x1C00,0x0000
0.0241031800,2,0x1C00,0x0000
0.0241061500,2,0x1C00,0x0000
0.0241091100,2,0x1C00,0x0000
0.0241120700,2,0x1C00,0x0000
0.0241150400,2,0x1C00,0x0000
0.0241180000,2,0x1C00,0x0000
0.0241209600,2,0x1C00,0x0000
0.0241239300,2,0x1C00,0x0000
0.0241268900,2,0x1C00,0x0000
0.0241298500,2,0x1C00,0x0000
0.0241328100,2,0x1C00,0x0000
0.0241357800,2,0x1C00,0x0000
0.0241387400,2,0x1C00,0x0000
0.0241417000,2,0x1C00,0x0000
0.0241446700,2,0x1C00,0x0000
0.0241476300,2,0x1C00,0x0000
0.0241505900,2,0x1C00,0x0000
0.0241535600,2,0x1C00,0x0000
0.0241565200,2,0x1C00,0x0000
0.0241594800,2,0x1C00,0x0000
0.0241624400,2,0x1C00,0x0000
0.0241654100,2,0x1C00,0x0000
0.0241683700,2,0x1C00,0x0000
0.0241713300,2,0x1C00,0x0000
0.0241743000,2,0x1C00,0x0000
0.0241772600,2,0x1C00,0x0000
0.0241802200,2,0x1C00,0x0000
0.0241831800,2,0x1C00,0x0000
0.0241861500,2,0x1C00,0x0000
0.0241891100,2,0x1C00,0x0000
0.0241920700,2,0x1C00,0x0000
0.0241950400,2,0x1C00,0x0000
0.0241980000,2,0x1C00,0x0000
0.0242009600,2,0x1C00,0x0000
0.0242039300,2,0x1C00,0x0000
0.0242068900,2,0x1C00,0x0000
0.0242098500,2,0x1C00,0x0000
0.0242128100,2,0x1C00,0x0000
0.0242157800,2,0x1C00,0x0000
0.0242187400,2,0x1C00,0x0000
0.0242217000,2,0x1C00,0x0000
0.0242246700,2,0x1C00,0x0000
0.0242276300,2,0x1C00,0x0000
0.0242305900,2,0x1C00,0x0000
0.0242335600,2,0x1C00,0x0000
0.0242365200,2,0x1C00,0x0000
0.0242394800,2,0x1C00,0x0000
0.0242424400,2,0x1C00,0x0000
0.0242454100,2,0x1C00,0x0000
0.0242483700,2,0x1C00,0x0000
0.0242513300,2,0x1C00,0x0000
0.0242543000,2,0x1C00,0x0000
0.0242572600,2,0x1C00,0x0000
0.0242602200,2,0x1C00,0x0000
0.0242631800,2,0x1C00,0x0000
0.0242661500,2,0x1C00,0x0000
0.0242691100,2,0x1C00,0x0000
0.0242720700,2,0x1C00,0x0000
0.0242750400,2,0x1C00,0x0000
0.0242780000,2,0x1C00,0x0000
0.0242809600,2,0x1C00,0x0000
0.0242839300,2,0x1C00,0x0000
0.0242868900,2,0x1C00,0x0000
0.0242898500,2,0x1C00,0x0000
0.0242928100,2,0x1C00,0x0000
0.0242957800,2,0x1C00,0x0000
0.0242987400,2,0x1C00,0x0000
0.0243017000,2,0x1C00,0x0000
0.0243046700,2,0x1C00,0x0000
0.0243076300,2,0x1C00,0x0000
0.0243105900,2,0x1C00,0x0000
0.0243135600,2,0x1C00,0x0000
0.0243165200,2,0x1C00,0x0000
0.0243194800,2,0x1C00,0x0000
0.0243224400,2,0x1C00,0x0000
0.0243254100,2,0x0000,0x0000
0.0243283700,2,0x0000,0x0000
0.0243313300,2,0x0000,0x0000
0.0289522700,3,0x55AA,0x0000
0.0289552300,3,0x2DEC,0x0000
0.0289581900,3,0x01FF,0x0000
0.0289611500,3,0x1C00,0x0000
0.0289641200,3,0x1C00,0x0000
0.0289670800,3,0x1C00,0x0000
0.0289700400,3,0x1C00,0x0000
0.0289730100,3,0x1C00,0x0000
0.0289759700,3,0x1C00,0x0000
0.0289789300,3,0x1C00,0x0000
0.0289819000,3,0x1C00,0x0000
0.0289848600,3,0x1C00,0x0000
0.0289878200,3,0x1C00,0x0000
0.0289907800,3,0x1C00,0x0000
0.0289937500,3,0x1C00,0x0000
0.0289967100,3,0x1C00,0x0000
0.0289996700,3,0x1C00,0x0000
0.0290026400,3,0x1C00,0x0000
0.0290056000,3,0x1C00,0x0000
0.0290085600,3,0x1C00,0x0000
0.0290115300,3,0x1C00,0x0000
0.0290144900,3,0x1C00,0x0000
0.0290174500,3,0x1C00,0x0000
0.0290204100,3,0x1C00,0x0000
0.0290233800,3,0x1C00,0x0000
0.0290263400,3,0x1C00,0x0000
0.0290293000,3,0x1C00,0x0000
0.0290322700,3,0x1C00,0x0000
0.0290352300,3,0x1C00,0x0000
0.0290381900,3,0x1C00,0x0000
0.0290411500,3,0x1C00,0x0000
0.0290441200,3,0x1C00,0x0000
0.0290470800,3,0x1C00,0x0000
0.0290500400,3,0x1C00,0x0000
0.0290530100,3,0x1C00,0x0000
0.0290559700,3,0x1C00,0x0000
0.0290589300,3,0x1C00,0x0000
0.0290619000,3,0x1C00,0x0000
0.0290648600,3,0x1C00,0x0000
0.0290678200,3,0x1C00,0x0000
0.0290707800,3,0x1C00,0x0000
0.0290737500,3,0x1C00,0x0000
0.0290767100,3,0x1C00,0x0000
0.0290796700,3,0x1C00,0x0000
0.0290826400,3,0x1C00,0x0000
0.0290856000,3,0x1C00,0x0000
0.0290885600,3,0x1C00,0x0000
0.0290915300,3,0x1C00,0x0000
0.0290944900,3,0x1C00,0x0000
0.0290974500,3,0x1C00,0x0000
0.0291004100,3,0x1C00,0x0000
0.0291033800,3,0x1C00,0x0000
0.0291063400,3,0x1C00,0x0000
0.0291093000,3,0x1C00,0x0000
0.0291122700,3,0x1C00,0x0000
0.0291152300,3,0x1C00,0x0000
0.0291181900,3,0x1C00,0x0000
0.0291211600,3,0x1C00,0x0000
0.0291241200,3,0x1C00,0x0000
0.0291270800,3,0x1C00,0x0000
0.0291300400,3,0x1C00,0x0000
0.0291330100,3,0x1C00,0x0000
0.0291359700,3,0x1C00,0x0000
0.0291389300,3,0x1C00,0x0000
0.0291419000,3,0x1C00,0x0000
0.0291448600,3,0x1C00,0x0000
0.0291478200,3,0x1C00,0x0000
0.0291507800,3,0x1C00,0x0000
0.0291537500,3,0x1C00,0x0000
0.0291567100,3,0x1C00,0x0000
0.0291596700,3,0x1C00,0x0000
0.0291626400,3,0x1C00,0x0000
0.0291656000,3,0x1C00,0x0000
0.0291685600,3,0x1C00,0x0000
0.0291715300,3,0x1C00,0x0000
0.0291744900,3,0x1C00,0x0000
0.0291774500,3,0x1C00,0x0000
0.0291804100,3,0x1C00,0x0000
0.0291833800,3,0x1C00,0x0000
0.0291863400,3,0x1C00,0x0000
0.0291893000,3,0x1C00,0x0000
0.0291922600,3,0x1C00,0x0000
0.0291952300,3,0x1C00,0x0000
0.0291981900,3,0x1C00,0x0000
0.0292011500,3,0x1C00,0x0000
0.0292041200,3,0x1C00,0x0000
0.0292070800,3,0x1C00,0x0000
0.0292100400,3,0x1C00,0x0000
0.0292130100,3,0x1C00,0x0000
0.0292159700,3,0x1C00,0x0000
0.0292189300,3,0x1C00,0x0000
0.0292219000,3,0x1C00,0x0000
0.0292248600,3,0x1C00,0x0000
0.0292278200,3,0x1C00,0x0000
0.0292307800,3,0x1C00,0x0000
0.0292337500,3,0x1C00,0x0000
0.0292367100,3,0x1C00,0x0000
0.0292396700,3,0x1C00,0x0000
0.0292426400,3,0x1C00,0x0000
0.0292456000,3,0x1C00,0x0000
0.0292485600,3,0x1C00,0x0000
0.0292515300,3,0x1C00,0x0000
0.0292544900,3,0x1C00,0x0000
0.0292574500,3,0x1C00,0x0000
0.0292604100,3,0x1C00,0x0000
0.0292633800,3,0x1C00,0x0000
0.0292663400,3,0x1C00,0x0000
0.0292693000,3,0x1C00,0x0000
0.0292722700,3,0x1C00,0x0000
0.0292752300,3,0x1C00,0x0000
0.0292781900,3,0x1C00,0x0000
0.0292811600,3,0x1C00,0x0000
0.0292841200,3,0x1C00,0x0000
0.0292870800,3,0x1C00,0x0000
0.0292900400,3,0x1C00,0x0000
0.0292930100,3,0x1C00,0x0000
0.0292959700,3,0x1C00,0x0000
0.0292989300,3,0x1C00,0x0000
0.0293019000,3,0x1C00,0x0000
0.0293048600,3,0x1C00,0x0000
0.0293078200,3,0x1C00,0x0000
0.0293107800,3,0x1C00,0x0000
0.0293137500,3,0x1C00,0x0000
0.0293167100,3,0x1C00,0x0000
0.0293196700,3,0x1C00,0x0000
0.0293226400,3,0x1C00,0x0000
0.0293256000,3,0x1C00,0x0000
0.0293285600,3,0x1C00,0x0000
0.0293315300,3,0x1C00,0x0000
0.0293344900,3,0x1C00,0x0000
0.0293374500,3,0x1C00,0x0000
0.0293404100,3,0x1C00,0x0000
0.0293433800,3,0x1C00,0x0000
0.0293463400,3,0x1C00,0x0000
0.0293493000,3,0x1C00,0x0000
0.0293522700,3,0x1C00,0x0000
0.0293552300,3,0x1C00,0x0000
0.0293581900,3,0x1C00,0x0000
0.0293611600,3,0x1C00,0x0000
0.0293641200,3,0x1C00,0x0000
0.0293670800,3,0x1C00,0x0000
0.0293700400,3,0x1C00,0x0000
0.0293730100,3,0x1C00,0x0000
0.0293759700,3,0x1C00,0x0000
0.0293789300,3,0x1C00,0x0000
0.0293819000,3,0x1C00,0x0000
0.0293848600,3,0x1C00,0x0000
0.0293878200,3,0x1C00,0x0000
0.0293907800,3,0x1C00,0x0000
0.0293937500,3,0x1C00,0x0000
0.0293967100,3,0x1C00,0x0000
0.0293996700,3,0x1C00,0x0000
0.0294026400,3,0x1C00,0x0000
0.0294056000,3,0x1C00,0x0000
0.0294085600,3,0x1C00,0x0000
0.0294115300,3,0x1C00,0x0000
0.0294144900,3,0x1C00,0x0000
0.0294174500,3,0x1C00,0x0000
0.0294204100,3,0x1C00,0x0000
0.0294233800,3,0x1C00,0x0000
0.0294263400,3,0x1C00,0x0000
0.0294293000,3,0x1C00,0x0000
0.0294322700,3,0x1C00,0x0000
0.0294352300,3,0x1C00,0x0000
0.0294381900,3,0x1C00,0x0000
0.0294411600,3,0x1C00,0x0000
0.0294441200,3,0x1C00,0x0000
0.0294470800,3,0x1C00,0x0000
0.0294500400,3,0x1C00,0x0000
0.0294530100,3,0x1C00,0x0000
0.0294559700,3,0x1C00,0x0000
0.0294589300,3,0x1C00,0x0000
0.0294619000,3,0x1C00,0x0000
0.0294648600,3,0x1C00,0x0000
0.0294678200,3,0x1C00,0x0000
0.0294707900,3,0x1C00,0x0000
0.0294737500,3,0x1C00,0x0000
0.0294767100,3,0x1C00,0x0000
0.0294796700,3,0x1C00,0x0000
0.0294826400,3,0x1C00,0x0000
0.0294856000,3,0x1C00,0x0000
0.0294885600,3,0x1C00,0x0000
0.0294915300,3,0x1C00,0x0000
0.0294944900,3,0x1C00,0x0000
0.0294974500,3,0x1C00,0x0000
0.0295004100,3,0x1C00,0x0000
0.0295033800,3,0x1C00,0x0000
0.0295063400,3,0x1C00,0x0000
0.0295093000,3,0x1C00,0x0000
0.0295122700,3,0x1C00,0x0000
0.0295152300,3,0x1C00,0x0000
0.0295181900,3,0x1C00,0x0000
0.0295211600,3,0x1C00,0x0000
0.0295241200,3,0x1C00,0x0000
0.0295270800,3,0x1C00,0x0000
0.0295300400,3,0x1C00,0x0000
0.0295330100,3,0x1C00,0x0000
0.0295359700,3,0x1C00,0x0000
0.0295389300,3,0x1C00,0x0000
0.0295419000,3,0x1C00,0x0000
0.0295448600,3,0x1C00,0x0000
0.0295478200,3,0x1C00,0x0000
0.0295507900,3,0x1C00,0x0000
0.0295537500,3,0x1C00,0x0000
0.0295567100,3,0x1C00,0x0000
0.0295596700,3,0x1C00,0x0000
0.0295626400,3,0x1C00,0x0000
0.0295656000,3,0x1C00,0x0000
0.0295685600,3,0x1C00,0x0000
0.0295715300,3,0x1C00,0x0000
0.0295744900,3,0x1C00,0x0000
0.0295774500,3,0x1C00,0x0000
0.0295804100,3,0x1C00,0x0000
0.0295833800,3,0x1C00,0x0000
0.0295863400,3,0x1C00,0x0000
0.0295893000,3,0x1C00,0x0000
0.0295922700,3,0x1C00,0x0000
0.0295952300,3,0x1C00,0x0000
0.0295981900,3,0x1C00,0x0000
0.0296011600,3,0x1C00,0x0000
0.0296041200,3,0x1C00,0x0000
0.0296070800,3,0x1C00,0x0000
0.0296100400,3,0x1C00,0x0000
0.0296130100,3,0x1C00,0x0000
0.0296159700,3,0x1C00,0x0000
0.0296189300,3,0x1C00,0x0000
0.0296219000,3,0x1C00,0x0000
0.0296248600,3,0x1C00,0x0000
0.0296278200,3,0x1C00,0x0000
0.0296307900,3,0x1C00,0x0000
0.0296337500,3,0x1C00,0x0000
0.0296367100,3,0x1C00,0x0000
0.0296396700,3,0x1C00,0x0000
0.0296426400,3,0x1C00,0x0000
0.0296456000,3,0x1C00,0x0000
0.0296485600,3,0x1C00,0x0000
0.0296515300,3,0x1C00,0x0000
0.0296544900,3,0x1C00,0x0000
0.0296574500,3,0x1C00,0x0000
0.0296604100,3,0x1C00,0x0000
0.0296633800,3,0x1C00,0x0000
0.0296663400,3,0x1C00,0x0000
0.0296693000,3,0x1C00,0x0000
0.0296722700,3,0x1C00,0x0000
0.0296752300,3,0x1C00,0x0000
0.0296781900,3,0x1C00,0x0000
0.0296811600,3,0x1C00,0x0000
0.0296841200,3,0x1C00,0x0000
0.0296870800,3,0x1C00,0x0000
0.0296900400,3,0x1C00,0x0000
0.0296930100,3,0x1C00,0x0000
0.0296959700,3,0x1C00,0x0000
0.0296989300,3,0x1C00,0x0000
0.0297019000,3,0x1C00,0x0000
0.0297048600,3,0x1C00,0x0000
0.0297078200,3,0x1C00,0x0000
0.0297107900,3,0x1C00,0x0000
0.0297137500,3,0x1C00,0x0000
0.0297167100,3,0x1C00,0x0000
0.0297196700,3,0x1C00,0x0000
0.0297226400,3,0x1C00,0x0000
0.0297256000,3,0x1C00,0x0000
0.0297285600,3,0x1C00,0x0000
0.0297315300,3,0x1C00,0x0000
0.0297344900,3,0x1C00,0x0000
0.0297374500,3,0x1C00,0x0000
0.0297404100,3,0x1C00,0x0000
0.0297433800,3,0x1C00,0x0000
0.0297463400,3,0x1C00,0x0000
0.0297493000,3,0x1C00,0x0000
0.0297522700,3,0x1C00,0x0000
0.0297552300,3,0x1C00,0x0000
0.0297581900,3,0x1C00,0x0000
0.0297611600,3,0x1C00,0x0000
0.0297641200,3,0x1C00,0x0000
0.0297670800,3,0x1C00,0x0000
0.0297700400,3,0x1C00,0x0000
0.0297730100,3,0x1C00,0x0000
0.0297759700,3,0x1C00,0x0000
0.0297789300,3,0x1C00,0x0000
0.0297819000,3,0x1C00,0x0000
0.0297848600,3,0x1C00,0x0000
0.0297878200,3,0x1C00,0x0000
0.0297907900,3,0x1C00,0x0000
0.0297937500,3,0x1C00,0x0000
0.0297967100,3,0x1C00,0x0000
0.0297996700,3,0x1C00,0x0000
0.0298026400,3,0x1C00,0x0000
0.0298056000,3,0x1C00,0x0000
0.0298085600,3,0x1C00,0x0000
0.0298115300,3,0x1C00,0x0000
0.0298144900,3,0x1C00,0x0000
0.0298174500,3,0x1C00,0x0000
0.0298204100,3,0x1C00,0x0000
0.0298233800,3,0x1C00,0x0000
0.0298263400,3,0x1C00,0x0000
0.0298293000,3,0x1C00,0x0000
0.0298322700,3,0x1C00,0x0000
0.0298352300,3,0x1C00,0x0000
0.0298381900,3,0x1C00,0x0000
0.0298411600,3,0x1C00,0x0000
0.0298441200,3,0x1C00,0x0000
0.0298470800,3,0x1C00,0x0000
0.0298500400,3,0x1C00,0x0000
0.0298530100,3,0x1C00,0x0000
0.0298559700,3,0x1C00,0x0000
0.0298589300,3,0x1C00,0x0000
0.0298619000,3,0x1C00,0x0000
0.0298648600,3,0x1C00,0x0000
0.0298678200,3,0x1C00,0x0000
0.0298707900,3,0x1C00,0x0000
0.0298737500,3,0x1C00,0x0000
0.0298767100,3,0x1C00,0x0000
0.0298796700,3,0x1C00,0x0000
0.0298826400,3,0x1C00,0x0000
0.0298856000,3,0x1C00,0x0000
0.0298885600,3,0x1C00,0x0000
0.0298915300,3,0x1C00,0x0000
0.0298944900,3,0x1C00,0x0000
0.0298974500,3,0x1C00,0x0000
0.0299004100,3,0x1C00,0x0000
0.0299033800,3,0x1C00,0x0000
0.0299063400,3,0x1C00,0x0000
0.0299093000,3,0x1C00,0x0000
0.0299122700,3,0x1C00,0x0000
0.0299152300,3,0x1C00,0x0000
0.0299181900,3,0x1C00,0x0000
0.0299211600,3,0x1C00,0x0000
0.0299241200,3,0x1C00,0x0000
0.0299270800,3,0x1C00,0x0000
0.0299300400,3,0x1C00,0x0000
0.0299330100,3,0x1C00,0x0000
0.0299359700,3,0x1C00,0x0000
0.0299389300,3,0x1C00,0x0000
0.0299419000,3,0x1C00,0x0000
0.0299448600,3,0x1C00,0x0000
0.0299478200,3,0x1C00,0x0000
0.0299507900,3,0x1C00,0x0000
0.0299537500,3,0x1C00,0x0000
0.0299567100,3,0x1C00,0x0000
0.0299596700,3,0x1C00,0x0000
0.0299626400,3,0x1C00,0x0000
0.0299656000,3,0x1C00,0x0000
0.0299685600,3,0x1C00,0x0000
0.0299715300,3,0x1C00,0x0000
0.0299744900,3,0x1C00,0x0000
0.0299774500,3,0x1C00,0x0000
0.0299804100,3,0x1C00,0x0000
0.0299833800,3,0x1C00,0x0000
0.0299863400,3,0x1C00,0x0000
0.0299893000,3,0x1C00,0x0000
0.0299922700,3,0x1C00,0x0000
0.0299952300,3,0x1C00,0x0000
0.0299981900,3,0x1C00,0x0000
0.0300011600,3,0x1C00,0x0000
0.0300041200,3,0x1C00,0x0000
0.0300070800,3,0x1C00,0x0000
0.0300100400,3,0x1C00,0x0000
0.0300130100,3,0x1C00,0x0000
0.0300159700,3,0x1C00,0x0000
0.0300189300,3,0x1C00,0x0000
0.0300219000,3,0x1C00,0x0000
0.0300248600,3,0x1C00,0x0000
0.0300278200,3,0x1C00,0x0000
0.0300307900,3,0x1C00,0x0000
0.0300337500,3,0x1C00,0x0000
0.0300367100,3,0x1C00,0x0000
0.0300396800,3,0x1C00,0x0000
0.0300426400,3,0x1C00,0x0000
0.0300456000,3,0x1C00,0x0000
0.0300485600,3,0x1C00,0x0000
0.0300515300,3,0x1C00,0x0000
0.0300544900,3,0x1C00,0x0000
0.0300574500,3,0x1C00,0x0000
0.0300604100,3,0x1C00,0x0000
0.0300633800,3,0x1C00,0x0000
0.0300663400,3,0x1C00,0x0000
0.0300693000,3,0x1C00,0x0000
0.0300722700,3,0x1C00,0x0000
0.0300752300,3,0x1C00,0x0000
0.0300781900,3,0x1C00,0x0000
0.0300811600,3,0x1C00,0x0000
0.0300841200,3,0x1C00,0x0000
0.0300870800,3,0x1C00,0x0000
0.0300900500,3,0x1C00,0x0000
0.0300930100,3,0x1C00,0x0000
0.0300959700,3,0x1C00,0x0000
0.0300989300,3,0x1C00,0x0000
0.0301019000,3,0x1C00,0x0000
0.0301048600,3,0x1C00,0x0000
0.0301078200,3,0x1C00,0x0000
0.0301107900,3,0x1C00,0x0000
0.0301137500,3,0x1C00,0x0000
0.0301167100,3,0x1C00,0x0000
0.0301196700,3,0x1C00,0x0000
0.0301226400,3,0x1C00,0x0000
0.0301256000,3,0x1C00,0x0000
0.0301285600,3,0x1C00,0x0000
0.0301315300,3,0x1C00,0x0000
0.0301344900,3,0x1C00,0x0000
0.0301374500,3,0x1C00,0x0000
0.0301404100,3,0x1C00,0x0000
0.0301433800,3,0x83E7,0x0000
0.0301463400,3,0xAFFF,0x0000
0.0301493000,3,0xAFFF,0x0000
0.0301522700,3,0xAFFF,0x0000
0.0301552300,3,0xAFFF,0x0000
0.0301581900,3,0xAFFF,0x0000
0.0301611600,3,0xAFFF,0x0000
0.0301641200,3,0xAFFF,0x0000
0.0301670800,3,0xAFFF,0x0000
0.0301700500,3,0xAFFF,0x0000
0.0301730100,3,0xAFFF,0x0000
0.0301759700,3,0xAFFF,0x0000
0.0301789300,3,0xAFFF,0x0000
0.0301819000,3,0xAFFF,0x0000
0.0301848600,3,0xAFFF,0x0000
0.0301878200,3,0xAFFF,0x0000
0.0301907900,3,0xAFFF,0x0000
0.0301937500,3,0x83E1,0x0000
0.0301967100,3,0x1C00,0x0000
0.0301996800,3,0x1C00,0x0000
0.0302026400,3,0x1C00,0x0000
0.0302056000,3,0x1C00,0x0000
0.0302085600,3,0x1C00,0x0000
0.0302115300,3,0x1C00,0x0000
0.0302144900,3,0x1C00,0x0000
0.0302174500,3,0x1C00,0x0000
0.0302204100,3,0x1C00,0x0000
0.0302233800,3,0x1C00,0x0000
0.0302263400,3,0x1C00,0x0000
0.0302293000,3,0x1C00,0x0000
0.0302322700,3,0x1C00,0x0000
0.0302352300,3,0x1C00,0x0000
0.0302381900,3,0x1C00,0x0000
0.0302411600,3,0x1C00,0x0000
0.0302441200,3,0x1C00,0x0000
0.0302470800,3,0x1C00,0x0000
0.0302500500,3,0x1C00,0x0000
0.0302530100,3,0x1C00,0x0000
0.0302559700,3,0x1C00,0x0000
0.0302589300,3,0x1C00,0x0000
0.0302619000,3,0x1C00,0x0000
0.0302648600,3,0x1C00,0x0000
0.0302678200,3,0x1C00,0x0000
0.0302707900,3,0x1C00,0x0000
0.0302737500,3,0x1C00,0x0000
0.0302767100,3,0x1C00,0x0000
0.0302796800,3,0x1C00,0x0000
0.0302826400,3,0x1C00,0x0000
0.0302856000,3,0x93E7,0x0000
0.0302885600,3,0xBBEF,0x0000
0.0302915300,3,0xBBEF,0x0000
0.0302944900,3,0xBBEF,0x0000
0.0302974500,3,0xBBEF,0x0000
0.0303004100,3,0xBBEF,0x0000
0.0303033800,3,0xBBEF,0x0000
0.0303063400,3,0xBBEF,0x0000
0.0303093000,3,0xBBEF,0x0000
0.0303122700,3,0xBBEF,0x0000
0.0303152300,3,0xBBEF,0x0000
0.0303181900,3,0xBBEF,0x0000
0.0303211600,3,0xBBEF,0x0000
0.0303241200,3,0xBBEF,0x0000
0.0303270800,3,0xBBEF,0x0000
0.0303300500,3,0xBBEF,0x0000
0.0303330100,3,0xBBEF,0x0000
0.0303359700,3,0x8FEF,0x0000
0.0303389300,3,0x1C00,0x0000
0.0303419000,3,0x1C00,0x0000
0.0303448600,3,0x1C00,0x0000
0.0303478200,3,0x1C00,0x0000
0.0303507900,3,0x1C00,0x0000
0.0303537500,3,0x1C00,0x0000
0.0303567100,3,0x1C00,0x0000
0.0303596800,3,0x1C00,0x0000
0.0303626400,3,0x1C00,0x0000
0.0303656000,3,0x1C00,0x0000
0.0303685600,3,0x1C00,0x0000
0.0303715300,3,0x1C00,0x0000
0.0303744900,3,0x1C00,0x0000
0.0303774500,3,0x1C00,0x0000
0.0303804200,3,0x1C00,0x0000
0.0303833800,3,0x1C00,0x0000
0.0303863400,3,0x1C00,0x0000
0.0303893000,3,0x1C00,0x0000
0.0303922700,3,0x1C00,0x0000
0.0303952300,3,0x1C00,0x0000
0.0303981900,3,0x1C00,0x0000
0.0304011600,3,0x1C00,0x0000
0.0304041200,3,0x1C00,0x0000
0.0304070800,3,0x1C00,0x0000
0.0304100500,3,0x1C00,0x0000
0.0304130100,3,0x1C00,0x0000
0.0304159700,3,0x1C00,0x0000
0.0304189300,3,0x1C00,0x0000
0.0304219000,3,0x1C00,0x0000
0.0304248600,3,0x1C00,0x0000
0.0304278200,3,0x93E7,0x0000
0.0304307900,3,0xBBEF,0x0000
0.0304337500,3,0xBBEF,0x0000
0.0304367100,3,0xBBEF,0x0000
0.0304396800,3,0xBBEF,0x0000
0.0304426400,3,0xBBEF,0x0000
0.0304456000,3,0xBBEF,0x0000
0.0304485600,3,0xBBEF,0x0000
0.0304515300,3,0xBBEF,0x0000
0.0304544900,3,0xBBEF,0x0000
0.0304574500,3,0xBBEF,0x0000
0.0304604100,3,0xBBEF,0x0000
0.0304633800,3,0xBBEF,0x0000
0.0304663400,3,0xBBEF,0x0000
0.0304693000,3,0xBBEF,0x0000
0.0304722700,3,0xBBEF,0x0000
0.0304752300,3,0xBBEF,0x0000
0.0304781900,3,0x8FEF,0x0000
0.0304811600,3,0x1C00,0x0000
0.0304841200,3,0x1C00,0x0000
0.0304870800,3,0x1C00,0x0000
0.0304900500,3,0x1C00,0x0000
0.0304930100,3,0x1C00,0x0000
0.0304959700,3,0x1C00,0x0000
0.0304989300,3,0x1C00,0x0000
0.0305019000,3,0x1C00,0x0000
0.0305048600,3,0x1C00,0x0000
0.0305078200,3,0x1C00,0x0000
0.0305107900,3,0x1C00,0x0000
0.0305137500,3,0x1C00,0x0000
0.0305167100,3,0x1C00,0x0000
0.0305196800,3,0x1C00,0x0000
0.0305226400,3,0x1C00,0x0000
0.0305256000,3,0x1C00,0x0000
0.0305285600,3,0x1C00,0x0000
0.0305315300,3,0x1C00,0x0000
0.0305344900,3,0x1C00,0x0000
0.0305374500,3,0x1C00,0x0000
0.0305404200,3,0x1C00,0x0000
0.0305433800,3,0x1C00,0x0000
0.0305463400,3,0x1C00,0x0000
0.0305493100,3,0x1C00,0x0000
0.0305522700,3,0x1C00,0x0000
0.0305552300,3,0x1C00,0x0000
0.0305581900,3,0x1C00,0x0000
0.0305611600,3,0x1C00,0x0000
0.0305641200,3,0x1C00,0x0000
0.0305670800,3,0x1C00,0x0000
0.0305700400,3,0x93E7,0x0000
0.0305730100,3,0xBBEF,0x0000
0.0305759700,3,0xBBEF,0x0000
0.0305789300,3,0xBBEF,0x0000
0.0305819000,3,0xBBEF,0x0000
0.0305848600,3,0xBBEF,0x0000
0.0305878200,3,0xBBEF,0x0000
0.0305907900,3,0xBBEF,0x0000
0.0305937500,3,0xBBEF,0x0000
0.0305967100,3,0xBBEF,0x0000
0.0305996800,3,0xBBEF,0x0000
0.0306026400,3,0xBBEF,0x0000
0.0306056000,3,0xBBEF,0x0000
0.0306085600,3,0xBBEF,0x0000
0.0306115300,3,0xBBEF,0x0000
0.0306144900,3,0xBBEF,0x0000
0.0306174500,3,0xBBEF,0x0000
0.0306204100,3,0x8FEF,0x0000
0.0306233800,3,0x1C00,0x0000
0.0306263400,3,0x1C00,0x0000
0.0306293100,3,0x1C00,0x0000
0.0306322700,3,0x1C00,0x0000
0.0306352300,3,0x1C00,0x0000
0.0306381900,3,0x1C00,0x0000
0.0306411600,3,0x1C00,0x0000
0.0306441200,3,0x1C00,0x0000
0.0306470800,3,0x1C00,0x0000
0.0306500500,3,0x1C00,0x0000
0.0306530100,3,0x1C00,0x0000
0.0306559700,3,0x1C00,0x0000
0.0306589300,3,0x1C00,0x0000
0.0306619000,3,0x1C00,0x0000
0.0306648600,3,0x1C00,0x0000
0.0306678200,3,0x1C00,0x0000
0.0306707900,3,0x1C00,0x0000
0.0306737500,3,0x1C00,0x0000
0.0306767100,3,0x1C00,0x0000
0.0306796800,3,0x1C00,0x0000
0.0306826400,3,0x1C00,0x0000
0.0306856000,3,0x1C00,0x0000
0.0306885600,3,0x1C00,0x0000
0.0306915300,3,0x1C00,0x0000
0.0306944900,3,0x1C00,0x0000
0.0306974500,3,0x1C00,0x0000
0.0307004200,3,0x1C00,0x0000
0.0307033800,3,0x1C00,0x0000
0.0307063400,3,0x1C00,0x0000
0.0307093100,3,0x1C00,0x0000
0.0307122700,3,0x93E7,0x0000
0.0307152300,3,0xBBEF,0x0000
0.0307181900,3,0xBBEF,0x0000
0.0307211600,3,0xBBEF,0x0000
0.0307241200,3,0xBBEF,0x0000
0.0307270800,3,0xBBEF,0x0000
0.0307300500,3,0xBBEF,0x0000
0.0307330100,3,0xBBEF,0x0000
0.0307359700,3,0xBBEF,0x0000
0.0307389300,3,0xBBEF,0x0000
0.0307419000,3,0xBBEF,0x0000
0.0307448600,3,0xBBEF,0x0000
0.0307478200,3,0xBBEF,0x0000
0.0307507900,3,0xBBEF,0x0000
0.0307537500,3,0xBBEF,0x0000
0.0307567100,3,0xBBEF,0x0000
0.0307596800,3,0xBBEF,0x0000
0.0307626400,3,0x8FEF,0x0000
0.0307656000,3,0x1C00,0x0000
0.0307685600,3,0x1C00,0x0000
0.0307715300,3,0x1C00,0x0000
0.0307744900,3,0x1C00,0x0000
0.0307774500,3,0x1C00,0x0000
0.0307804200,3,0x1C00,0x0000
0.0307833800,3,0x1C00,0x0000
0.0307863400,3,0x1C00,0x0000
0.0307893000,3,0x1C00,0x0000
0.0307922700,3,0x1C00,0x0000
0.0307952300,3,0x1C00,0x0000
0.0307981900,3,0x1C00,0x0000
0.0308011600,3,0x1C00,0x0000
0.0308041200,3,0x1C00,0x0000
0.0308070800,3,0x1C00,0x0000
0.0308100500,3,0x1C00,0x0000
0.0308130100,3,0x1C00,0x0000
0.0308159700,3,0x1C00,0x0000
0.0308189400,3,0x1C00,0x0000
0.0308219000,3,0x1C00,0x0000
0.0308248600,3,0x1C00,0x0000
0.0308278200,3,0x1C00,0x0000
0.0308307900,3,0x1C00,0x0000
0.0308337500,3,0x1C00,0x0000
0.0308367100,3,0x1C00,0x0000
0.0308396800,3,0x1C00,0x0000
0.0308426400,3,0x1C00,0x0000
0.0308456000,3,0x1C00,0x0000
0.0308485600,3,0x1C00,0x0000
0.0308515300,3,0x1C00,0x0000
0.0308544900,3,0x93E7,0x0000
0.0308574500,3,0xBBEF,0x0000
0.0308604200,3,0xBBEF,0x0000
0.0308633800,3,0xBBEF,0x0000
0.0308663400,3,0xBBEF,0x0000
0.0308693100,3,0xBBEF,0x0000
0.0308722700,3,0xBBEF,0x0000
0.0308752300,3,0xBBEF,0x0000
0.0308781900,3,0xBBEF,0x0000
0.0308811600,3,0xBBEF,0x0000
0.0308841200,3,0xBBEF,0x0000
0.0308870800,3,0xBBEF,0x0000
0.0308900500,3,0xBBEF,0x0000
0.0308930100,3,0xBBEF,0x0000
0.0308959700,3,0xBBEF,0x0000
0.0308989400,3,0xBBEF,0x0000
0.0309019000,3,0xBBEF,0x0000
0.0309048600,3,0x8FEF,0x0000
0.0309078200,3,0x1C00,0x0000
0.0309107900,3,0x1C00,0x0000
0.0309137500,3,0x1C00,0x0000
0.0309167100,3,0x1C00,0x0000
0.0309196800,3,0x1C00,0x0000
0.0309226400,3,0x1C00,0x0000
0.0309256000,3,0x1C00,0x0000
0.0309285600,3,0x1C00,0x0000
0.0309315300,3,0x1C00,0x0000
0.0309344900,3,0x1C00,0x0000
0.0309374500,3,0x1C00,0x0000
0.0309404200,3,0x1C00,0x0000
0.0309433800,3,0x1C00,0x0000
0.0309463400,3,0x1C00,0x0000
0.0309493100,3,0x1C00,0x0000
0.0309522700,3,0x1C00,0x0000
0.0309552300,3,0x1C00,0x0000
0.0309581900,3,0x1C00,0x0000
0.0309611600,3,0x1C00,0x0000
0.0309641200,3,0x1C00,0x0000
0.0309670800,3,0x1C00,0x0000
0.0309700500,3,0x1C00,0x0000
0.0309730100,3,0x1C00,0x0000
0.0309759700,3,0x1C00,0x0000
0.0309789400,3,0x1C00,0x0000
0.0309819000,3,0x1C00,0x0000
0.0309848600,3,0x1C00,0x0000
0.0309878200,3,0x1C00,0x0000
0.0309907900,3,0x1C00,0x0000
0.0309937500,3,0x1C00,0x0000
0.0309967100,3,0x93E7,0x0000
0.0309996800,3,0xBBEF,0x0000
0.0310026400,3,0xBBEF,0x0000
0.0310056000,3,0xBBEF,0x0000
0.0310085600,3,0xBBEF,0x0000
0.0310115300,3,0xBBEF,0x0000
0.0310144900,3,0xBBEF,0x0000
0.0310174500,3,0xBBEF,0x0000
0.0310204200,3,0xBBEF,0x0000
0.0310233800,3,0xBBEF,0x0000
0.0310263400,3,0xBBEF,0x0000
0.0310293100,3,0xBBEF,0x0000
0.0310322700,3,0xBBEF,0x0000
0.0310352300,3,0xBBEF,0x0000
0.0310381900,3,0xBBEF,0x0000
0.0310411600,3,0xBBEF,0x0000
0.0310441200,3,0xBBEF,0x0000
0.0310470800,3,0x8FEF,0x0000
0.0310500500,3,0x1C00,0x0000
0.0310530100,3,0x1C00,0x0000
0.0310559700,3,0x1C00,0x0000
0.0310589400,3,0x1C00,0x0000
0.0310619000,3,0x1C00,0x0000
0.0310648600,3,0x1C00,0x0000
0.0310678200,3,0x1C00,0x0000
0.0310707900,3,0x1C00,0x0000
0.0310737500,3,0x1C00,0x0000
0.0310767100,3,0x1C00,0x0000
0.0310796800,3,0x1C00,0x0000
0.0310826400,3,0x1C00,0x0000
0.0310856000,3,0x1C00,0x0000
0.0310885600,3,0x1C00,0x0000
0.0310915300,3,0x1C00,0x0000
0.0310944900,3,0x1C00,0x0000
0.0310974500,3,0x1C00,0x0000
0.0311004200,3,0x1C00,0x0000
0.0311033800,3,0x1C00,0x0000
0.0311063400,3,0x1C00,0x0000
0.0311093100,3,0x1C00,0x0000
0.0311122700,3,0x1C00,0x0000
0.0311152300,3,0x1C00,0x0000
0.0311181900,3,0x1C00,0x0000
0.0311211600,3,0x1C00,0x0000
0.0311241200,3,0x1C00,0x0000
0.0311270800,3,0x1C00,0x0000
0.0311300500,3,0x1C00,0x0000
0.0311330100,3,0x1C00,0x0000
0.0311359700,3,0x1C00,0x0000
0.0311389300,3,0x93E7,0x0000
0.0311419000,3,0xBBEF,0x0000
0.0311448600,3,0xBBEF,0x0000
0.0311478200,3,0xBBEF,0x0000
0.0311507900,3,0xBBEF,0x0000
0.0311537500,3,0xBBEF,0x0000
0.0311567100,3,0xBBEF,0x0000
0.0311596800,3,0xBBEF,0x0000
0.0311626400,3,0xBBEF,0x0000
0.0311656000,3,0xBBEF,0x0000
0.0311685600,3,0xBBEF,0x0000
0.0311715300,3,0xBBEF,0x0000
0.0311744900,3,0xBBEF,0x0000
0.0311774500,3,0xBBEF,0x0000
0.0311804200,3,0xBBEF,0x0000
0.0311833800,3,0xBBEF,0x0000
0.0311863400,3,0xBBEF,0x0000
0.0311893100,3,0x8FEF,0x0000
0.0311922700,3,0x1C00,0x0000
0.0311952300,3,0x1C00,0x0000
0.0311981900,3,0x1C00,0x0000
0.0312011600,3,0x1C00,0x0000
0.0312041200,3,0x1C00,0x0000
0.0312070800,3,0x1C00,0x0000
0.0312100500,3,0x1C00,0x0000
0.0312130100,3,0x1C00,0x0000
0.0312159700,3,0x1C00,0x0000
0.0312189400,3,0x1C00,0x0000
0.0312219000,3,0x1C00,0x0000
0.0312248600,3,0x1C00,0x0000
0.0312278200,3,0x1C00,0x0000
0.0312307900,3,0x1C00,0x0000
0.0312337500,3,0x1C00,0x0000
0.0312367100,3,0x1C00,0x0000
0.0312396800,3,0x1C00,0x0000
0.0312426400,3,0x1C00,0x0000
0.0312456000,3,0x1C00,0x0000
0.0312485600,3,0x1C00,0x0000
0.0312515300,3,0x1C00,0x0000
0.0312544900,3,0x1C00,0x0000
0.0312574500,3,0x1C00,0x0000
0.0312604200,3,0x1C00,0x0000
0.0312633800,3,0x1C00,0x0000
0.0312663400,3,0x1C00,0x0000
0.0312693100,3,0x1C00,0x0000
0.0312722700,3,0x1C00,0x0000
0.0312752300,3,0x1C00,0x0000
0.0312782000,3,0x1C00,0x0000
0.0312811600,3,0x93E7,0x0000
0.0312841200,3,0xBBEF,0x0000
0.0312870800,3,0xBBEF,0x0000
0.0312900500,3,0xBBEF,0x0000
0.0312930100,3,0xBBEF,0x0000
0.0312959700,3,0xBBEF,0x0000
0.0312989400,3,0xBBEF,0x0000
0.0313019000,3,0xBBEF,0x0000
0.0313048600,3,0xBBEF,0x0000
0.0313078200,3,0xBBEF,0x0000
0.0313107900,3,0xBBEF,0x0000
0.0313137500,3,0xBBEF,0x0000
0.0313167100,3,0xBBEF,0x0000
0.0313196800,3,0xBBEF,0x0000
0.0313226400,3,0xBBEF,0x0000
0.0313256000,3,0xBBEF,0x0000
0.0313285600,3,0xBBEF,0x0000
0.0313315300,3,0x8FEF,0x0000
0.0313344900,3,0x1C00,0x0000
0.0313374500,3,0x1C00,0x0000
0.0313404200,3,0x1C00,0x0000
0.0313433800,3,0x1C00,0x0000
0.0313463400,3,0x1C00,0x0000
0.0313493100,3,0x1C00,0x0000
0.0313522700,3,0x1C00,0x0000
0.0313552300,3,0x1C00,0x0000
0.0313581900,3,0x1C00,0x0000
0.0313611600,3,0x1C00,0x0000
0.0313641200,3,0x1C00,0x0000
0.0313670800,3,0x1C00,0x0000
0.0313700500,3,0x1C00,0x0000
0.0313730100,3,0x1C00,0x0000
0.0313759700,3,0x1C00,0x0000
0.0313789400,3,0x1C00,0x0000
0.0313819000,3,0x1C00,0x0000
0.0313848600,3,0x1C00,0x0000
0.0313878300,3,0x1C00,0x0000
0.0313907900,3,0x1C00,0x0000
0.0313937500,3,0x1C00,0x0000
0.0313967100,3,0x1C00,0x0000
0.0313996800,3,0x1C00,0x0000
0.0314026400,3,0x1C00,0x0000
0.0314056000,3,0x1C00,0x0000
0.0314085600,3,0x1C00,0x0000
0.0314115300,3,0x1C00,0x0000
0.0314144900,3,0x1C00,0x0000
0.0314174500,3,0x1C00,0x0000
0.0314204200,3,0x1C00,0x0000
0.0314233800,3,0x83E1,0x0000
0.0314263400,3,0xAFF6,0x0000
0.0314293100,3,0xAFF6,0x0000
0.0314322700,3,0xAFF6,0x0000
0.0314352300,3,0xAFF6,0x0000
0.0314382000,3,0xAFF6,0x0000
0.0314411600,3,0xAFF6,0x0000
0.0314441200,3,0xAFF6,0x0000
0.0314470800,3,0xAFF6,0x0000
0.0314500500,3,0xAFF6,0x0000
0.0314530100,3,0xAFF6,0x0000
0.0314559700,3,0xAFF6,0x0000
0.0314589400,3,0xAFF6,0x0000
0.0314619000,3,0xAFF6,0x0000
0.0314648600,3,0xAFF6,0x0000
0.0314678200,3,0xAFF6,0x0000
0.0314707900,3,0xAFF6,0x0000
0.0314737500,3,0x83E1,0x0000
0.0314767100,3,0x1C00,0x0000
0.0314796800,3,0x1C00,0x0000
0.0314826400,3,0x1C00,0x0000
0.0314856000,3,0x1C00,0x0000
0.0314885600,3,0x1C00,0x0000
0.0314915300,3,0x1C00,0x0000
0.0314944900,3,0x1C00,0x0000
0.0314974500,3,0x1C00,0x0000
0.0315004200,3,0x1C00,0x0000
0.0315033800,3,0x1C00,0x0000
0.0315063400,3,0x1C00,0x0000
0.0315093100,3,0x1C00,0x0000
0.0315122700,3,0x1C00,0x0000
0.0315152300,3,0x1C00,0x0000
0.0315182000,3,0x1C00,0x0000
0.0315211600,3,0x1C00,0x0000
0.0315241200,3,0x1C00,0x0000
0.0315270800,3,0x1C00,0x0000
0.0315300500,3,0x1C00,0x0000
0.0315330100,3,0x1C00,0x0000
0.0315359700,3,0x1C00,0x0000
0.0315389400,3,0x1C00,0x0000
0.0315419000,3,0x1C00,0x0000
0.0315448600,3,0x1C00,0x0000
0.0315478300,3,0x1C00,0x0000
0.0315507900,3,0x1C00,0x0000
0.0315537500,3,0x1C00,0x0000
0.0315567100,3,0x1C00,0x0000
0.0315596800,3,0x1C00,0x0000
0.0315626400,3,0x1C00,0x0000
0.0315656000,3,0x1C00,0x0000
0.0315685600,3,0x1C00,0x0000
0.0315715300,3,0x1C00,0x0000
0.0315744900,3,0x1C00,0x0000
0.0315774500,3,0x1C00,0x0000
0.0315804200,3,0x1C00,0x0000
0.0315833800,3,0x1C00,0x0000
0.0315863400,3,0x1C00,0x0000
0.0315893100,3,0x1C00,0x0000
0.0315922700,3,0x1C00,0x0000
0.0315952300,3,0x1C00,0x0000
0.0315982000,3,0x1C00,0x0000
0.0316011600,3,0x1C00,0x0000
0.0316041200,3,0x1C00,0x0000
0.0316070800,3,0x1C00,0x0000
0.0316100500,3,0x1C00,0x0000
0.0316130100,3,0x1C00,0x0000
0.0316159700,3,0x1C00,0x0000
0.0316189400,3,0x1C00,0x0000
0.0316219000,3,0x1C00,0x0000
0.0316248600,3,0x1C00,0x0000
0.0316278300,3,0x1C00,0x0000
0.0316307900,3,0x1C00,0x0000
0.0316337500,3,0x1C00,0x0000
0.0316367100,3,0x1C00,0x0000
0.0316396800,3,0x1C00,0x0000
0.0316426400,3,0x1C00,0x0000
0.0316456000,3,0x1C00,0x0000
0.0316485700,3,0x1C00,0x0000
0.0316515300,3,0x1C00,0x0000
0.0316544900,3,0x1C00,0x0000
0.0316574500,3,0x1C00,0x0000
0.0316604200,3,0x1C00,0x0000
0.0316633800,3,0x1C00,0x0000
0.0316663400,3,0x1C00,0x0000
0.0316693100,3,0x1C00,0x0000
0.0316722700,3,0x1C00,0x0000
0.0316752300,3,0x1C00,0x0000
0.0316782000,3,0x1C00,0x0000
0.0316811600,3,0x1C00,0x0000
0.0316841200,3,0x1C00,0x0000
0.0316870800,3,0x1C00,0x0000
0.0316900500,3,0x1C00,0x0000
0.0316930100,3,0x1C00,0x0000
0.0316959700,3,0x1C00,0x0000
0.0316989400,3,0x1C00,0x0000
0.0317019000,3,0x1C00,0x0000
0.0317048600,3,0x1C00,0x0000
0.0317078300,3,0x1C00,0x0000
0.0317107900,3,0x1C00,0x0000
0.0317137500,3,0x1C00,0x0000
0.0317167100,3,0x1C00,0x0000
0.0317196800,3,0x1C00,0x0000
0.0317226400,3,0x1C00,0x0000
0.0317256000,3,0x1C00,0x0000
0.0317285700,3,0x1C00,0x0000
0.0317315300,3,0x1C00,0x0000
0.0317344900,3,0x1C00,0x0000
0.0317374500,3,0x1C00,0x0000
0.0317404200,3,0x1C00,0x0000
0.0317433800,3,0x1C00,0x0000
0.0317463400,3,0x1C00,0x0000
0.0317493100,3,0x1C00,0x0000
0.0317522700,3,0x1C00,0x0000
0.0317552300,3,0x1C00,0x0000
0.0317582000,3,0x1C00,0x0000
0.0317611600,3,0x1C00,0x0000
0.0317641200,3,0x1C00,0x0000
0.0317670800,3,0x1C00,0x0000
0.0317700500,3,0x1C00,0x0000
0.0317730100,3,0x1C00,0x0000
0.0317759700,3,0x1C00,0x0000
0.0317789400,3,0x1C00,0x0000
0.0317819000,3,0x1C00,0x0000
0.0317848600,3,0x1C00,0x0000
0.0317878300,3,0x1C00,0x0000
0.0317907900,3,0x1C00,0x0000
0.0317937500,3,0x1C00,0x0000
0.0317967100,3,0x1C00,0x0000
0.0317996800,3,0x1C00,0x0000
0.0318026400,3,0x1C00,0x0000
0.0318056000,3,0x1C00,0x0000
0.0318085600,3,0x1C00,0x0000
0.0318115300,3,0x1C00,0x0000
0.0318144900,3,0x1C00,0x0000
0.0318174500,3,0x1C00,0x0000
0.0318204200,3,0x1C00,0x0000
0.0318233800,3,0x1C00,0x0000
0.0318263400,3,0x1C00,0x0000
0.0318293100,3,0x1C00,0x0000
0.0318322700,3,0x1C00,0x0000
0.0318352300,3,0x1C00,0x0000
0.0318382000,3,0x1C00,0x0000
0.0318411600,3,0x1C00,0x0000
0.0318441200,3,0x1C00,0x0000
0.0318470800,3,0x1C00,0x0000
0.0318500500,3,0x1C00,0x0000
0.0318530100,3,0x1C00,0x0000
0.0318559700,3,0x1C00,0x0000
0.0318589400,3,0x1C00,0x0000
0.0318619000,3,0x1C00,0x0000
0.0318648600,3,0x1C00,0x0000
0.0318678300,3,0x1C00,0x0000
0.0318707900,3,0x1C00,0x0000
0.0318737500,3,0x1C00,0x0000
0.0318767100,3,0x1C00,0x0000
0.0318796800,3,0x1C00,0x0000
0.0318826400,3,0x1C00,0x0000
0.0318856000,3,0x1C00,0x0000
0.0318885700,3,0x1C00,0x0000
0.0318915300,3,0x1C00,0x0000
0.0318944900,3,0x1C00,0x0000
0.0318974500,3,0x1C00,0x0000
0.0319004200,3,0x1C00,0x0000
0.0319033800,3,0x1C00,0x0000
0.0319063400,3,0x1C00,0x0000
0.0319093100,3,0x1C00,0x0000
0.0319122700,3,0x1C00,0x0000
0.0319152300,3,0x1C00,0x0000
0.0319182000,3,0x1C00,0x0000
0.0319211600,3,0x1C00,0x0000
0.0319241200,3,0x1C00,0x0000
0.0319270800,3,0x1C00,0x0000
0.0319300500,3,0x1C00,0x0000
0.0319330100,3,0x1C00,0x0000
0.0319359700,3,0x1C00,0x0000
0.0319389400,3,0x1C00,0x0000
0.0319419000,3,0x1C00,0x0000
0.0319448600,3,0x1C00,0x0000
0.0319478300,3,0x1C00,0x0000
0.0319507900,3,0x1C00,0x0000
0.0319537500,3,0x1C00,0x0000
0.0319567100,3,0x1C00,0x0000
0.0319596800,3,0x1C00,0x0000
0.0319626400,3,0x1C00,0x0000
0.0319656000,3,0x1C00,0x0000
0.0319685700,3,0x1C00,0x0000
0.0319715300,3,0x1C00,0x0000
0.0319744900,3,0x1C00,0x0000
0.0319774600,3,0x1C00,0x0000
0.0319804200,3,0x1C00,0x0000
0.0319833800,3,0x1C00,0x0000
0.0319863400,3,0x1C00,0x0000
0.0319893100,3,0x1C00,0x0000
0.0319922700,3,0x1C00,0x0000
0.0319952300,3,0x1C00,0x0000
0.0319982000,3,0x1C00,0x0000
0.0320011600,3,0x1C00,0x0000
0.0320041200,3,0x1C00,0x0000
0.0320070800,3,0x1C00,0x0000
0.0320100500,3,0x1C00,0x0000
0.0320130100,3,0x1C00,0x0000
0.0320159700,3,0x1C00,0x0000
0.0320189400,3,0x1C00,0x0000
0.0320219000,3,0x1C00,0x0000
0.0320248600,3,0x1C00,0x0000
0.0320278300,3,0x1C00,0x0000
0.0320307900,3,0x1C00,0x0000
0.0320337500,3,0x1C00,0x0000
0.0320367100,3,0x1C00,0x0000
0.0320396800,3,0x1C00,0x0000
0.0320426400,3,0x1C00,0x0000
0.0320456000,3,0x1C00,0x0000
0.0320485700,3,0x1C00,0x0000
0.0320515300,3,0x1C00,0x0000
0.0320544900,3,0x1C00,0x0000
0.0320574600,3,0x1C00,0x0000
0.0320604200,3,0x1C00,0x0000
0.0320633800,3,0x1C00,0x0000
0.0320663400,3,0x1C00,0x0000
0.0320693100,3,0x1C00,0x0000
0.0320722700,3,0x1C00,0x0000
0.0320752300,3,0x1C00,0x0000
0.0320782000,3,0x1C00,0x0000
0.0320811600,3,0x1C00,0x0000
0.0320841200,3,0x1C00,0x0000
0.0320870800,3,0x1C00,0x0000
0.0320900500,3,0x1C00,0x0000
0.0320930100,3,0x1C00,0x0000
0.0320959700,3,0x1C00,0x0000
0.0320989400,3,0x1C00,0x0000
0.0321019000,3,0x1C00,0x0000
0.0321048600,3,0x1C00,0x0000
0.0321078300,3,0x1C00,0x0000
0.0321107900,3,0x1C00,0x0000
0.0321137500,3,0x1C00,0x0000
0.0321167100,3,0x1C00,0x0000
0.0321196800,3,0x1C00,0x0000
0.0321226400,3,0x1C00,0x0000
0.0321256000,3,0x1C00,0x0000
0.0321285700,3,0x1C00,0x0000
0.0321315300,3,0x1C00,0x0000
0.0321344900,3,0x1C00,0x0000
0.0321374600,3,0x1C00,0x0000
0.0321404200,3,0x1C00,0x0000
0.0321433800,3,0x1C00,0x0000
0.0321463400,3,0x1C00,0x0000
0.0321493100,3,0x1C00,0x0000
0.0321522700,3,0x1C00,0x0000
0.0321552300,3,0x1C00,0x0000
0.0321582000,3,0x1C00,0x0000
0.0321611600,3,0x1C00,0x0000
0.0321641200,3,0x1C00,0x0000
0.0321670800,3,0x1C00,0x0000
0.0321700500,3,0x1C00,0x0000
0.0321730100,3,0x1C00,0x0000
0.0321759700,3,0x1C00,0x0000
0.0321789400,3,0x1C00,0x0000
0.0321819000,3,0x1C00,0x0000
0.0321848600,3,0x1C00,0x0000
0.0321878300,3,0x1C00,0x0000
0.0321907900,3,0x1C00,0x0000
0.0321937500,3,0x1C00,0x0000
0.0321967100,3,0x1C00,0x0000
0.0321996800,3,0x1C00,0x0000
0.0322026400,3,0x1C00,0x0000
0.0322056000,3,0x1C00,0x0000
0.0322085700,3,0x1C00,0x0000
0.0322115300,3,0x1C00,0x0000
0.0322144900,3,0x1C00,0x0000
0.0322174600,3,0x1C00,0x0000
0.0322204200,3,0x1C00,0x0000
0.0322233800,3,0x1C00,0x0000
0.0322263400,3,0x1C00,0x0000
0.0322293100,3,0x1C00,0x0000
0.0322322700,3,0x1C00,0x0000
0.0322352300,3,0x1C00,0x0000
0.0322382000,3,0x1C00,0x0000
0.0322411600,3,0x1C00,0x0000
0.0322441200,3,0x1C00,0x0000
0.0322470900,3,0x1C00,0x0000
0.0322500500,3,0x1C00,0x0000
0.0322530100,3,0x1C00,0x0000
0.0322559700,3,0x1C00,0x0000
0.0322589400,3,0x1C00,0x0000
0.0322619000,3,0x1C00,0x0000
0.0322648600,3,0x1C00,0x0000
0.0322678300,3,0x1C00,0x0000
0.0322707900,3,0x1C00,0x0000
0.0322737500,3,0x1C00,0x0000
0.0322767100,3,0x1C00,0x0000
0.0322796800,3,0x1C00,0x0000
0.0322826400,3,0x1C00,0x0000
0.0322856000,3,0x1C00,0x0000
0.0322885700,3,0x1C00,0x0000
0.0322915300,3,0x1C00,0x0000
0.0322944900,3,0x1C00,0x0000
0.0322974600,3,0x1C00,0x0000
0.0323004200,3,0x1C00,0x0000
0.0323033800,3,0x1C00,0x0000
0.0323063500,3,0x1C00,0x0000
0.0323093100,3,0x1C00,0x0000
0.0323122700,3,0x1C00,0x0000
0.0323152300,3,0x1C00,0x0000
0.0323182000,3,0x1C00,0x0000
0.0323211600,3,0x1C00,0x0000
0.0323241200,3,0x1C00,0x0000
0.0323270900,3,0x1C00,0x0000
0.0323300500,3,0x1C00,0x0000
0.0323330100,3,0x1C00,0x0000
0.0323359700,3,0x1C00,0x0000
0.0323389400,3,0x1C00,0x0000
0.0323419000,3,0x1C00,0x0000
0.0323448600,3,0x1C00,0x0000
0.0323478300,3,0x1C00,0x0000
0.0323507900,3,0x1C00,0x0000
0.0323537500,3,0x1C00,0x0000
0.0323567100,3,0x1C00,0x0000
0.0323596800,3,0x1C00,0x0000
0.0323626400,3,0x1C00,0x0000
0.0323656000,3,0x1C00,0x0000
0.0323685700,3,0x1C00,0x0000
0.0323715300,3,0x1C00,0x0000
0.0323744900,3,0x1C00,0x0000
0.0323774600,3,0x1C00,0x0000
0.0323804200,3,0x1C00,0x0000
0.0323833800,3,0x1C00,0x0000
0.0323863400,3,0x1C00,0x0000
0.0323893100,3,0x1C00,0x0000
0.0323922700,3,0x1C00,0x0000
0.0323952300,3,0x1C00,0x0000
0.0323982000,3,0x1C00,0x0000
0.0324011600,3,0x1C00,0x0000
0.0324041200,3,0x1C00,0x0000
0.0324070900,3,0x1C00,0x0000
0.0324100500,3,0x1C00,0x0000
0.0324130100,3,0x1C00,0x0000
0.0324159700,3,0x1C00,0x0000
0.0324189400,3,0x1C00,0x0000
0.0324219000,3,0x1C00,0x0000
0.0324248600,3,0x1C00,0x0000
0.0324278300,3,0x1C00,0x0000
0.0324307900,3,0x1C00,0x0000
0.0324337500,3,0x1C00,0x0000
0.0324367100,3,0x1C00,0x0000
0.0324396800,3,0x1C00,0x0000
0.0324426400,3,0x1C00,0x0000
0.0324456000,3,0x1C00,0x0000
0.0324485700,3,0x1C00,0x0000
0.0324515300,3,0x1C00,0x0000
0.0324544900,3,0x1C00,0x0000
0.0324574600,3,0x1C00,0x0000
0.0324604200,3,0x1C00,0x0000
0.0324633800,3,0x1C00,0x0000
0.0324663400,3,0x1C00,0x0000
0.0324693100,3,0x1C00,0x0000
0.0324722700,3,0x1C00,0x0000
0.0324752300,3,0x1C00,0x0000
0.0324782000,3,0x1C00,0x0000
0.0324811600,3,0x1C00,0x0000
0.0324841200,3,0x1C00,0x0000
0.0324870900,3,0x1C00,0x0000
0.0324900500,3,0x1C00,0x0000
0.0324930100,3,0x1C00,0x0000
0.0324959700,3,0x1C00,0x0000
0.0324989400,3,0x1C00,0x0000
0.0325019000,3,0x1C00,0x0000
0.0325048600,3,0x1C00,0x0000
0.0325078300,3,0x1C00,0x0000
0.0325107900,3,0x1C00,0x0000
0.0325137500,3,0x1C00,0x0000
0.0325167100,3,0x1C00,0x0000
0.0325196800,3,0x1C00,0x0000
0.0325226400,3,0x1C00,0x0000
0.0325256000,3,0x1C00,0x0000
0.0325285700,3,0x1C00,0x0000
0.0325315300,3,0x1C00,0x0000
0.0325344900,3,0x1C00,0x0000
0.0325374600,3,0x1C00,0x0000
0.0325404200,3,0x1C00,0x0000
0.0325433800,3,0x1C00,0x0000
0.0325463400,3,0x1C00,0x0000
0.0325493100,3,0x1C00,0x0000
0.0325522700,3,0x1C00,0x0000
0.0325552300,3,0x1C00,0x0000
0.0325582000,3,0x1C00,0x0000
0.0325611600,3,0x1C00,0x0000
0.0325641200,3,0x1C00,0x0000
0.0325670900,3,0x1C00,0x0000
0.0325700500,3,0x1C00,0x0000
0.0325730100,3,0x1C00,0x0000
0.0325759700,3,0x1C00,0x0000
0.0325789400,3,0x1C00,0x0000
0.0325819000,3,0x1C00,0x0000
0.0325848600,3,0x1C00,0x0000
0.0325878300,3,0x1C00,0x0000
0.0325907900,3,0x1C00,0x0000
0.0325937500,3,0x1C00,0x0000
0.0325967100,3,0x1C00,0x0000
0.0325996800,3,0x1C00,0x0000
0.0326026400,3,0x1C00,0x0000
0.0326056000,3,0x1C00,0x0000
0.0326085700,3,0x1C00,0x0000
0.0326115300,3,0x1C00,0x0000
0.0326144900,3,0x1C00,0x0000
0.0326174600,3,0x1C00,0x0000
0.0326204200,3,0x1C00,0x0000
0.0326233800,3,0x1C00,0x0000
0.0326263400,3,0x1C00,0x0000
0.0326293100,3,0x1C00,0x0000
0.0326322700,3,0x1C00,0x0000
0.0326352300,3,0x1C00,0x0000
0.0326382000,3,0x1C00,0x0000
0.0326411600,3,0x1C00,0x0000
0.0326441200,3,0x1C00,0x0000
0.0326470900,3,0x1C00,0x0000
0.0326500500,3,0x1C00,0x0000
0.0326530100,3,0x1C00,0x0000
0.0326559800,3,0x1C00,0x0000
0.0326589400,3,0x0000,0x0000
0.0326619000,3,0x0000,0x0000
0.0326648600,3,0x0000,0x0000
0.0372856100,4,0x55AA,0x0000
0.0372885700,4,0x2DEC,0x0000
0.0372915400,4,0x01FF,0x0000
0.0372945000,4,0x1C00,0x0000
0.0372974600,4,0x1C00,0x0000
0.0373004300,4,0x1C00,0x0000
0.0373033900,4,0x1C00,0x0000
0.0373063500,4,0x1C00,0x0000
0.0373093100,4,0x1C00,0x0000
0.0373122800,4,0x1C00,0x0000
0.0373152400,4,0x1C00,0x0000
0.0373182000,4,0x1C00,0x0000
0.0373211700,4,0x1C00,0x0000
0.0373241300,4,0x1C00,0x0000
0.0373270900,4,0x1C00,0x0000
0.0373300600,4,0x1C00,0x0000
0.0373330200,4,0x1C00,0x0000
0.0373359800,4,0x1C00,0x0000
0.0373389400,4,0x1C00,0x0000
0.0373419100,4,0x1C00,0x0000
0.0373448700,4,0x1C00,0x0000
0.0373478300,4,0x1C00,0x0000
0.0373508000,4,0x1C00,0x0000
0.0373537600,4,0x1C00,0x0000
0.0373567200,4,0x1C00,0x0000
0.0373596800,4,0x1C00,0x0000
0.0373626500,4,0x1C00,0x0000
0.0373656100,4,0x1C00,0x0000
0.0373685700,4,0x1C00,0x0000
0.0373715400,4,0x1C00,0x0000
0.0373745000,4,0x1C00,0x0000
0.0373774600,4,0x1C00,0x0000
0.0373804300,4,0x1C00,0x0000
0.0373833900,4,0x1C00,0x0000
0.0373863500,4,0x1C00,0x0000
0.0373893100,4,0x1C00,0x0000
0.0373922800,4,0x1C00,0x0000
0.0373952400,4,0x1C00,0x0000
0.0373982000,4,0x1C00,0x0000
0.0374011700,4,0x1C00,0x0000
0.0374041300,4,0x1C00,0x0000
0.0374070900,4,0x1C00,0x0000
0.0374100600,4,0x1C00,0x0000
0.0374130200,4,0x1C00,0x0000
0.0374159800,4,0x1C00,0x0000
0.0374189400,4,0x1C00,0x0000
0.0374219100,4,0x1C00,0x0000
0.0374248700,4,0x1C00,0x0000
0.0374278300,4,0x1C00,0x0000
0.0374308000,4,0x1C00,0x0000
0.0374337600,4,0x1C00,0x0000
0.0374367200,4,0x1C00,0x0000
0.0374396900,4,0x1C00,0x0000
0.0374426500,4,0x1C00,0x0000
0.0374456100,4,0x1C00,0x0000
0.0374485700,4,0x1C00,0x0000
0.0374515400,4,0x1C00,0x0000
0.0374545000,4,0x1C00,0x0000
0.0374574600,4,0x1C00,0x0000
0.0374604300,4,0x1C00,0x0000
0.0374633900,4,0x1C00,0x0000
0.0374663500,4,0x1C00,0x0000
0.0374693100,4,0x1C00,0x0000
0.0374722800,4,0x1C00,0x0000
0.0374752400,4,0x1C00,0x0000
0.0374782000,4,0x1C00,0x0000
0.0374811700,4,0x1C00,0x0000
0.0374841300,4,0x1C00,0x0000
0.0374870900,4,0x1C00,0x0000
0.0374900600,4,0x1C00,0x0000
0.0374930200,4,0x1C00,0x0000
0.0374959800,4,0x1C00,0x0000
0.0374989400,4,0x1C00,0x0000
0.0375019100,4,0x1C00,0x0000
0.0375048700,4,0x1C00,0x0000
0.0375078300,4,0x1C00,0x0000
0.0375108000,4,0x1C00,0x0000
0.0375137600,4,0x1C00,0x0000
0.0375167200,4,0x1C00,0x0000
0.0375196900,4,0x1C00,0x0000
0.0375226500,4,0x1C00,0x0000
0.0375256100,4,0x1C00,0x0000
0.0375285700,4,0x1C00,0x0000
0.0375315400,4,0x1C00,0x0000
0.0375345000,4,0x1C00,0x0000
0.0375374600,4,0x1C00,0x0000
0.0375404300,4,0x1C00,0x0000
0.0375433900,4,0x1C00,0x0000
0.0375463500,4,0x1C00,0x0000
0.0375493100,4,0x1C00,0x0000
0.0375522800,4,0x1C00,0x0000
0.0375552400,4,0x1C00,0x0000
0.0375582000,4,0x1C00,0x0000
0.0375611700,4,0x1C00,0x0000
0.0375641300,4,0x1C00,0x0000
0.0375670900,4,0x1C00,0x0000
0.0375700600,4,0x1C00,0x0000
0.0375730200,4,0x1C00,0x0000
0.0375759800,4,0x1C00,0x0000
0.0375789400,4,0x1C00,0x0000
0.0375819100,4,0x1C00,0x0000
0.0375848700,4,0x1C00,0x0000
0.0375878300,4,0x1C00,0x0000
0.0375908000,4,0x1C00,0x0000
0.0375937600,4,0x1C00,0x0000
0.0375967200,4,0x1C00,0x0000
0.0375996900,4,0x1C00,0x0000
0.0376026500,4,0x1C00,0x0000
0.0376056100,4,0x1C00,0x0000
0.0376085700,4,0x1C00,0x0000
0.0376115400,4,0x1C00,0x0000
0.0376145000,4,0x1C00,0x0000
0.0376174600,4,0x1C00,0x0000
0.0376204300,4,0x1C00,0x0000
0.0376233900,4,0x1C00,0x0000
0.0376263500,4,0x1C00,0x0000
0.0376293100,4,0x1C00,0x0000
0.0376322800,4,0x1C00,0x0000
0.0376352400,4,0x1C00,0x0000
0.0376382000,4,0x1C00,0x0000
0.0376411700,4,0x1C00,0x0000
0.0376441300,4,0x1C00,0x0000
0.0376470900,4,0x1C00,0x0000
0.0376500600,4,0x1C00,0x0000
0.0376530200,4,0x1C00,0x0000
0.0376559800,4,0x1C00,0x0000
0.0376589400,4,0x1C00,0x0000
0.0376619100,4,0x1C00,0x0000
0.0376648700,4,0x1C00,0x0000
0.0376678300,4,0x1C00,0x0000
0.0376708000,4,0x1C00,0x0000
0.0376737600,4,0x1C00,0x0000
0.0376767200,4,0x1C00,0x0000
0.0376796900,4,0x1C00,0x0000
0.0376826500,4,0x1C00,0x0000
0.0376856100,4,0x1C00,0x0000
0.0376885700,4,0x1C00,0x0000
0.0376915400,4,0x1C00,0x0000
0.0376945000,4,0x1C00,0x0000
0.0376974600,4,0x1C00,0x0000
0.0377004300,4,0x1C00,0x0000
0.0377033900,4,0x1C00,0x0000
0.0377063500,4,0x1C00,0x0000
0.0377093100,4,0x1C00,0x0000
0.0377122800,4,0x1C00,0x0000
0.0377152400,4,0x1C00,0x0000
0.0377182000,4,0x1C00,0x0000
0.0377211700,4,0x1C00,0x0000
0.0377241300,4,0x1C00,0x0000
0.0377270900,4,0x1C00,0x0000
0.0377300600,4,0x1C00,0x0000
0.0377330200,4,0x1C00,0x0000
0.0377359800,4,0x1C00,0x0000
0.0377389400,4,0x1C00,0x0000
0.0377419100,4,0x1C00,0x0000
0.0377448700,4,0x1C00,0x0000
0.0377478300,4,0x1C00,0x0000
0.0377508000,4,0x1C00,0x0000
0.0377537600,4,0x1C00,0x0000
0.0377567200,4,0x1C00,0x0000
0.0377596900,4,0x1C00,0x0000
0.0377626500,4,0x1C00,0x0000
0.0377656100,4,0x1C00,0x0000
0.0377685700,4,0x1C00,0x0000
0.0377715400,4,0x1C00,0x0000
0.0377745000,4,0x1C00,0x0000
0.0377774600,4,0x1C00,0x0000
0.0377804300,4,0x1C00,0x0000
0.0377833900,4,0x1C00,0x0000
0.0377863500,4,0x1C00,0x0000
0.0377893100,4,0x1C00,0x0000
0.0377922800,4,0x1C00,0x0000
0.0377952400,4,0x1C00,0x0000
0.0377982000,4,0x1C00,0x0000
0.0378011700,4,0x1C00,0x0000
0.0378041300,4,0x1C00,0x0000
0.0378070900,4,0x1C00,0x0000
0.0378100600,4,0x1C00,0x0000
0.0378130200,4,0x1C00,0x0000
0.0378159800,4,0x1C00,0x0000
0.0378189500,4,0x1C00,0x0000
0.0378219100,4,0x1C00,0x0000
0.0378248700,4,0x1C00,0x0000
0.0378278300,4,0x1C00,0x0000
0.0378308000,4,0x1C00,0x0000
0.0378337600,4,0x1C00,0x0000
0.0378367200,4,0x1C00,0x0000
0.0378396900,4,0x1C00,0x0000
0.0378426500,4,0x1C00,0x0000
0.0378456100,4,0x1C00,0x0000
0.0378485700,4,0x1C00,0x0000
0.0378515400,4,0x1C00,0x0000
0.0378545000,4,0x1C00,0x0000
0.0378574600,4,0x1C00,0x0000
0.0378604300,4,0x1C00,0x0000
0.0378633900,4,0x1C00,0x0000
0.0378663500,4,0x1C00,0x0000
0.0378693100,4,0x1C00,0x0000
0.0378722800,4,0x1C00,0x0000
0.0378752400,4,0x1C00,0x0000
0.0378782000,4,0x1C00,0x0000
0.0378811700,4,0x1C00,0x0000
0.0378841300,4,0x1C00,0x0000
0.0378870900,4,0x1C00,0x0000
0.0378900600,4,0x1C00,0x0000
0.0378930200,4,0x1C00,0x0000
0.0378959800,4,0x1C00,0x0000
0.0378989500,4,0x1C00,0x0000
0.0379019100,4,0x1C00,0x0000
0.0379048700,4,0x1C00,0x0000
0.0379078300,4,0x1C00,0x0000
0.0379108000,4,0x1C00,0x0000
0.0379137600,4,0x1C00,0x0000
0.0379167200,4,0x1C00,0x0000
0.0379196900,4,0x1C00,0x0000
0.0379226500,4,0x1C00,0x0000
0.0379256100,4,0x1C00,0x0000
0.0379285800,4,0x1C00,0x0000
0.0379315400,4,0x1C00,0x0000
0.0379345000,4,0x1C00,0x0000
0.0379374600,4,0x1C00,0x0000
0.0379404300,4,0x1C00,0x0000
0.0379433900,4,0x1C00,0x0000
0.0379463500,4,0x1C00,0x0000
0.0379493100,4,0x1C00,0x0000
0.0379522800,4,0x1C00,0x0000
0.0379552400,4,0x1C00,0x0000
0.0379582000,4,0x1C00,0x0000
0.0379611700,4,0x1C00,0x0000
0.0379641300,4,0x1C00,0x0000
0.0379670900,4,0x1C00,0x0000
0.0379700600,4,0x1C00,0x0000
0.0379730200,4,0x1C00,0x0000
0.0379759800,4,0x1C00,0x0000
0.0379789400,4,0x1C00,0x0000
0.0379819100,4,0x1C00,0x0000
0.0379848700,4,0x1C00,0x0000
0.0379878300,4,0x1C00,0x0000
0.0379908000,4,0x1C00,0x0000
0.0379937600,4,0x1C00,0x0000
0.0379967200,4,0x1C00,0x0000
0.0379996900,4,0x1C00,0x0000
0.0380026500,4,0x1C00,0x0000
0.0380056100,4,0x1C00,0x0000
0.0380085700,4,0x1C00,0x0000
0.0380115400,4,0x1C00,0x0000
0.0380145000,4,0x1C00,0x0000
0.0380174600,4,0x1C00,0x0000
0.0380204300,4,0x1C00,0x0000
0.0380233900,4,0x1C00,0x0000
0.0380263500,4,0x1C00,0x0000
0.0380293100,4,0x1C00,0x0000
0.0380322800,4,0x1C00,0x0000
0.0380352400,4,0x1C00,0x0000
0.0380382000,4,0x1C00,0x0000
0.0380411700,4,0x1C00,0x0000
0.0380441300,4,0x1C00,0x0000
0.0380470900,4,0x1C00,0x0000
0.0380500600,4,0x1C00,0x0000
0.0380530200,4,0x1C00,0x0000
0.0380559800,4,0x1C00,0x0000
0.0380589500,4,0x1C00,0x0000
0.0380619100,4,0x1C00,0x0000
0.0380648700,4,0x1C00,0x0000
0.0380678300,4,0x1C00,0x0000
0.0380708000,4,0x1C00,0x0000
0.0380737600,4,0x1C00,0x0000
0.0380767200,4,0x1C00,0x0000
0.0380796900,4,0x1C00,0x0000
0.0380826500,4,0x1C00,0x0000
0.0380856100,4,0x1C00,0x0000
0.0380885800,4,0x1C00,0x0000
0.0380915400,4,0x1C00,0x0000
0.0380945000,4,0x1C00,0x0000
0.0380974600,4,0x1C00,0x0000
0.0381004300,4,0x1C00,0x0000
0.0381033900,4,0x1C00,0x0000
0.0381063500,4,0x1C00,0x0000
0.0381093100,4,0x1C00,0x0000
0.0381122800,4,0x1C00,0x0000
0.0381152400,4,0x1C00,0x0000
0.0381182000,4,0x1C00,0x0000
0.0381211700,4,0x1C00,0x0000
0.0381241300,4,0x1C00,0x0000
0.0381270900,4,0x1C00,0x0000
0.0381300600,4,0x1C00,0x0000
0.0381330200,4,0x1C00,0x0000
0.0381359800,4,0x1C00,0x0000
0.0381389500,4,0x1C00,0x0000
0.0381419100,4,0x1C00,0x0000
0.0381448700,4,0x1C00,0x0000
0.0381478300,4,0x1C00,0x0000
0.0381508000,4,0x1C00,0x0000
0.0381537600,4,0x1C00,0x0000
0.0381567200,4,0x1C00,0x0000
0.0381596900,4,0x1C00,0x0000
0.0381626500,4,0x1C00,0x0000
0.0381656100,4,0x1C00,0x0000
0.0381685700,4,0x1C00,0x0000
0.0381715400,4,0x1C00,0x0000
0.0381745000,4,0x1C00,0x0000
0.0381774600,4,0x1C00,0x0000
0.0381804300,4,0x1C00,0x0000
0.0381833900,4,0x1C00,0x0000
0.0381863500,4,0x1C00,0x0000
0.0381893100,4,0x1C00,0x0000
0.0381922800,4,0x1C00,0x0000
0.0381952400,4,0x1C00,0x0000
0.0381982000,4,0x1C00,0x0000
0.0382011700,4,0x1C00,0x0000
0.0382041300,4,0x1C00,0x0000
0.0382070900,4,0x1C00,0x0000
0.0382100600,4,0x1C00,0x0000
0.0382130200,4,0x1C00,0x0000
0.0382159800,4,0x1C00,0x0000
0.0382189500,4,0x1C00,0x0000
0.0382219100,4,0x1C00,0x0000
0.0382248700,4,0x1C00,0x0000
0.0382278300,4,0x1C00,0x0000
0.0382308000,4,0x1C00,0x0000
0.0382337600,4,0x1C00,0x0000
0.0382367200,4,0x1C00,0x0000
0.0382396900,4,0x1C00,0x0000
0.0382426500,4,0x1C00,0x0000
0.0382456100,4,0x1C00,0x0000
0.0382485800,4,0x1C00,0x0000
0.0382515400,4,0x1C00,0x0000
0.0382545000,4,0x1C00,0x0000
0.0382574600,4,0x1C00,0x0000
0.0382604300,4,0x1C00,0x0000
0.0382633900,4,0x1C00,0x0000
0.0382663500,4,0x1C00,0x0000
0.0382693200,4,0x1C00,0x0000
0.0382722800,4,0x1C00,0x0000
0.0382752400,4,0x1C00,0x0000
0.0382782000,4,0x1C00,0x0000
0.0382811700,4,0x1C00,0x0000
0.0382841300,4,0x1C00,0x0000
0.0382870900,4,0x1C00,0x0000
0.0382900600,4,0x1C00,0x0000
0.0382930200,4,0x1C00,0x0000
0.0382959800,4,0x1C00,0x0000
0.0382989500,4,0x1C00,0x0000
0.0383019100,4,0x1C00,0x0000
0.0383048700,4,0x1C00,0x0000
0.0383078300,4,0x1C00,0x0000
0.0383108000,4,0x1C00,0x0000
0.0383137600,4,0x1C00,0x0000
0.0383167200,4,0x1C00,0x0000
0.0383196900,4,0x1C00,0x0000
0.0383226500,4,0x1C00,0x0000
0.0383256100,4,0x1C00,0x0000
0.0383285800,4,0x1C00,0x0000
0.0383315400,4,0x1C00,0x0000
0.0383345000,4,0x1C00,0x0000
0.0383374600,4,0x1C00,0x0000
0.0383404300,4,0x1C00,0x0000
0.0383433900,4,0x1C00,0x0000
0.0383463500,4,0x1C00,0x0000
0.0383493100,4,0x1C00,0x0000
0.0383522800,4,0x1C00,0x0000
0.0383552400,4,0x1C00,0x0000
0.0383582100,4,0x1C00,0x0000
0.0383611700,4,0x1C00,0x0000
0.0383641300,4,0x1C00,0x0000
0.0383670900,4,0x1C00,0x0000
0.0383700600,4,0x1C00,0x0000
0.0383730200,4,0x1C00,0x0000
0.0383759800,4,0x1C00,0x0000
0.0383789500,4,0x1C00,0x0000
0.0383819100,4,0x1C00,0x0000
0.0383848700,4,0x1C00,0x0000
0.0383878300,4,0x1C00,0x0000
0.0383908000,4,0x1C00,0x0000
0.0383937600,4,0x1C00,0x0000
0.0383967200,4,0x1C00,0x0000
0.0383996900,4,0x1C00,0x0000
0.0384026500,4,0x1C00,0x0000
0.0384056100,4,0x1C00,0x0000
0.0384085800,4,0x1C00,0x0000
0.0384115400,4,0x1C00,0x0000
0.0384145000,4,0x1C00,0x0000
0.0384174600,4,0x1C00,0x0000
0.0384204300,4,0x1C00,0x0000
0.0384233900,4,0x1C00,0x0000
0.0384263500,4,0x1C00,0x0000
0.0384293200,4,0x1C00,0x0000
0.0384322800,4,0x1C00,0x0000
0.0384352400,4,0x1C00,0x0000
0.0384382100,4,0x1C00,0x0000
0.0384411700,4,0x1C00,0x0000
0.0384441300,4,0x1C00,0x0000
0.0384470900,4,0x1C00,0x0000
0.0384500600,4,0x1C00,0x0000
0.0384530200,4,0x1C00,0x0000
0.0384559800,4,0x1C00,0x0000
0.0384589500,4,0x1C00,0x0000
0.0384619100,4,0x1C00,0x0000
0.0384648700,4,0x1C00,0x0000
0.0384678300,4,0x1C00,0x0000
0.0384708000,4,0x1C00,0x0000
0.0384737600,4,0x1C00,0x0000
0.0384767200,4,0x83E7,0x0000
0.0384796900,4,0xAFFF,0x0000
0.0384826500,4,0xAFFF,0x0000
0.0384856100,4,0xAFFF,0x0000
0.0384885800,4,0xAFFF,0x0000
0.0384915400,4,0xAFFF,0x0000
0.0384945000,4,0xAFFF,0x0000
0.0384974600,4,0xAFFF,0x0000
0.0385004300,4,0xAFFF,0x0000
0.0385033900,4,0xAFFF,0x0000
0.0385063500,4,0xAFFF,0x0000
0.0385093200,4,0xAFFF,0x0000
0.0385122800,4,0xAFFF,0x0000
0.0385152400,4,0xAFFF,0x0000
0.0385182100,4,0xAFFF,0x0000
0.0385211700,4,0xAFFF,0x0000
0.0385241300,4,0xAFFF,0x0000
0.0385270900,4,0x83E1,0x0000
0.0385300600,4,0x1C00,0x0000
0.0385330200,4,0x1C00,0x0000
0.0385359800,4,0x1C00,0x0000
0.0385389500,4,0x1C00,0x0000
0.0385419100,4,0x1C00,0x0000
0.0385448700,4,0x1C00,0x0000
0.0385478300,4,0x1C00,0x0000
0.0385508000,4,0x1C00,0x0000
0.0385537600,4,0x1C00,0x0000
0.0385567200,4,0x1C00,0x0000
0.0385596900,4,0x1C00,0x0000
0.0385626500,4,0x1C00,0x0000
0.0385656100,4,0x1C00,0x0000
0.0385685800,4,0x1C00,0x0000
0.0385715400,4,0x1C00,0x0000
0.0385745000,4,0x1C00,0x0000
0.0385774600,4,0x1C00,0x0000
0.0385804300,4,0x1C00,0x0000
0.0385833900,4,0x1C00,0x0000
0.0385863500,4,0x1C00,0x0000
0.0385893200,4,0x1C00,0x0000
0.0385922800,4,0x1C00,0x0000
0.0385952400,4,0x1C00,0x0000
0.0385982100,4,0x1C00,0x0000
0.0386011700,4,0x1C00,0x0000
0.0386041300,4,0x1C00,0x0000
0.0386070900,4,0x1C00,0x0000
0.0386100600,4,0x1C00,0x0000
0.0386130200,4,0x1C00,0x0000
0.0386159800,4,0x1C00,0x0000
0.0386189500,4,0x93E7,0x0000
0.0386219100,4,0xBBEF,0x0000
0.0386248700,4,0xBBEF,0x0000
0.0386278300,4,0xBBEF,0x0000
0.0386308000,4,0xBBEF,0x0000
0.0386337600,4,0xBBEF,0x0000
0.0386367200,4,0xBBEF,0x0000
0.0386396900,4,0xBBEF,0x0000
0.0386426500,4,0xBBEF,0x0000
0.0386456100,4,0xBBEF,0x0000
0.0386485800,4,0xBBEF,0x0000
0.0386515400,4,0xBBEF,0x0000
0.0386545000,4,0xBBEF,0x0000
0.0386574600,4,0xBBEF,0x0000
0.0386604300,4,0xBBEF,0x0000
0.0386633900,4,0xBBEF,0x0000
0.0386663500,4,0xBBEF,0x0000
0.0386693200,4,0x8FEF,0x0000
0.0386722800,4,0x1C00,0x0000
0.0386752400,4,0x1C00,0x0000
0.0386782100,4,0x1C00,0x0000
0.0386811700,4,0x1C00,0x0000
0.0386841300,4,0x1C00,0x0000
0.0386870900,4,0x1C00,0x0000
0.0386900600,4,0x1C00,0x0000
0.0386930200,4,0x1C00,0x0000
0.0386959800,4,0x1C00,0x0000
0.0386989500,4,0x1C00,0x0000
0.0387019100,4,0x1C00,0x0000
0.0387048700,4,0x1C00,0x0000
0.0387078400,4,0x1C00,0x0000
0.0387108000,4,0x1C00,0x0000
0.0387137600,4,0x1C00,0x0000
0.0387167200,4,0x1C00,0x0000
0.0387196900,4,0x1C00,0x0000
0.0387226500,4,0x1C00,0x0000
0.0387256100,4,0x1C00,0x0000
0.0387285800,4,0x1C00,0x0000
0.0387315400,4,0x1C00,0x0000
0.0387345000,4,0x1C00,0x0000
0.0387374600,4,0x1C00,0x0000
0.0387404300,4,0x1C00,0x0000
0.0387433900,4,0x1C00,0x0000
0.0387463500,4,0x1C00,0x0000
0.0387493200,4,0x1C00,0x0000
0.0387522800,4,0x1C00,0x0000
0.0387552400,4,0x1C00,0x0000
0.0387582100,4,0x1C00,0x0000
0.0387611700,4,0x93E7,0x0000
0.0387641300,4,0xBBEF,0x0000
0.0387670900,4,0xBBEF,0x0000
0.0387700600,4,0xBBEF,0x0000
0.0387730200,4,0xBBEF,0x0000
0.0387759800,4,0xBBEF,0x0000
0.0387789500,4,0xBBEF,0x0000
0.0387819100,4,0xBBEF,0x0000
0.0387848700,4,0xBBEF,0x0000
0.0387878300,4,0xBBEF,0x0000
0.0387908000,4,0xBBEF,0x0000
0.0387937600,4,0xBBEF,0x0000
0.0387967200,4,0xBBEF,0x0000
0.0387996900,4,0xBBEF,0x0000
0.0388026500,4,0xBBEF,0x0000
0.0388056100,4,0xBBEF,0x0000
0.0388085800,4,0xBBEF,0x0000
0.0388115400,4,0x8FEF,0x0000
0.0388145000,4,0x1C00,0x0000
0.0388174600,4,0x1C00,0x0000
0.0388204300,4,0x1C00,0x0000
0.0388233900,4,0x1C00,0x0000
0.0388263500,4,0x1C00,0x0000
0.0388293200,4,0x1C00,0x0000
0.0388322800,4,0x1C00,0x0000
0.0388352400,4,0x1C00,0x0000
0.0388382100,4,0x1C00,0x0000
0.0388411700,4,0x1C00,0x0000
0.0388441300,4,0x1C00,0x0000
0.0388470900,4,0x1C00,0x0000
0.0388500600,4,0x1C00,0x0000
0.0388530200,4,0x1C00,0x0000
0.0388559800,4,0x1C00,0x0000
0.0388589500,4,0x1C00,0x0000
0.0388619100,4,0x1C00,0x0000
0.0388648700,4,0x1C00,0x0000
0.0388678400,4,0x1C00,0x0000
0.0388708000,4,0x1C00,0x0000
0.0388737600,4,0x1C00,0x0000
0.0388767200,4,0x1C00,0x0000
0.0388796900,4,0x1C00,0x0000
0.0388826500,4,0x1C00,0x0000
0.0388856100,4,0x1C00,0x0000
0.0388885800,4,0x1C00,0x0000
0.0388915400,4,0x1C00,0x0000
0.0388945000,4,0x1C00,0x0000
0.0388974600,4,0x1C00,0x0000
0.0389004300,4,0x1C00,0x0000
0.0389033900,4,0x93E7,0x0000
0.0389063500,4,0xBBEF,0x0000
0.0389093100,4,0xBBEF,0x0000
0.0389122800,4,0xBBEF,0x0000
0.0389152400,4,0xBBEF,0x0000
0.0389182100,4,0xBBEF,0x0000
0.0389211700,4,0xBBEF,0x0000
0.0389241300,4,0xBBEF,0x0000
0.0389270900,4,0xBBEF,0x0000
0.0389300600,4,0xBBEF,0x0000
0.0389330200,4,0xBBEF,0x0000
0.0389359800,4,0xBBEF,0x0000
0.0389389500,4,0xBBEF,0x0000
0.0389419100,4,0xBBEF,0x0000
0.0389448700,4,0xBBEF,0x0000
0.0389478400,4,0xBBEF,0x0000
0.0389508000,4,0xBBEF,0x0000
0.0389537600,4,0x8FEF,0x0000
0.0389567300,4,0x1C00,0x0000
0.0389596900,4,0x1C00,0x0000
0.0389626500,4,0x1C00,0x0000
0.0389656100,4,0x1C00,0x0000
0.0389685800,4,0x1C00,0x0000
0.0389715400,4,0x1C00,0x0000
0.0389745000,4,0x1C00,0x0000
0.0389774600,4,0x1C00,0x0000
0.0389804300,4,0x1C00,0x0000
0.0389833900,4,0x1C00,0x0000
0.0389863500,4,0x1C00,0x0000
0.0389893200,4,0x1C00,0x0000
0.0389922800,4,0x1C00,0x0000
0.0389952400,4,0x1C00,0x0000
0.0389982100,4,0x1C00,0x0000
0.0390011700,4,0x1C00,0x0000
0.0390041300,4,0x1C00,0x0000
0.0390071000,4,0x1C00,0x0000
0.0390100600,4,0x1C00,0x0000
0.0390130200,4,0x1C00,0x0000
0.0390159800,4,0x1C00,0x0000
0.0390189500,4,0x1C00,0x0000
0.0390219100,4,0x1C00,0x0000
0.0390248700,4,0x1C00,0x0000
0.0390278300,4,0x1C00,0x0000
0.0390308000,4,0x1C00,0x0000
0.0390337600,4,0x1C00,0x0000
0.0390367200,4,0x1C00,0x0000
0.0390396900,4,0x1C00,0x0000
0.0390426500,4,0x1C00,0x0000
0.0390456100,4,0x93E7,0x0000
0.0390485800,4,0xBBEF,0x0000
0.0390515400,4,0xBBEF,0x0000
0.0390545000,4,0xBBEF,0x0000
0.0390574600,4,0xBBEF,0x0000
0.0390604300,4,0xBBEF,0x0000
0.0390633900,4,0xBBEF,0x0000
0.0390663500,4,0xBBEF,0x0000
0.0390693200,4,0xBBEF,0x0000
0.0390722800,4,0xBBEF,0x0000
0.0390752400,4,0xBBEF,0x0000
0.0390782100,4,0xBBEF,0x0000
0.0390811700,4,0xBBEF,0x0000
0.0390841300,4,0xBBEF,0x0000
0.0390870900,4,0xBBEF,0x0000
0.0390900600,4,0xBBEF,0x0000
0.0390930200,4,0xBBEF,0x0000
0.0390959800,4,0x8FEF,0x0000
0.0390989500,4,0x1C00,0x0000
0.0391019100,4,0x1C00,0x0000
0.0391048700,4,0x1C00,0x0000
0.0391078400,4,0x1C00,0x0000
0.0391108000,4,0x1C00,0x0000
0.0391137600,4,0x1C00,0x0000
0.0391167200,4,0x1C00,0x0000
0.0391196900,4,0x1C00,0x0000
0.0391226500,4,0x1C00,0x0000
0.0391256100,4,0x1C00,0x0000
0.0391285800,4,0x1C00,0x0000
0.0391315400,4,0x1C00,0x0000
0.0391345000,4,0x1C00,0x0000
0.0391374600,4,0x1C00,0x0000
0.0391404300,4,0x1C00,0x0000
0.0391433900,4,0x1C00,0x0000
0.0391463500,4,0x1C00,0x0000
0.0391493200,4,0x1C00,0x0000
0.0391522800,4,0x1C00,0x0000
0.0391552400,4,0x1C00,0x0000
0.0391582100,4,0x1C00,0x0000
0.0391611700,4,0x1C00,0x0000
0.0391641300,4,0x1C00,0x0000
0.0391671000,4,0x1C00,0x0000
0.0391700600,4,0x1C00,0x0000
0.0391730200,4,0x1C00,0x0000
0.0391759800,4,0x1C00,0x0000
0.0391789500,4,0x1C00,0x0000
0.0391819100,4,0x1C00,0x0000
0.0391848700,4,0x1C00,0x0000
0.0391878300,4,0x93E7,0x0000
0.0391908000,4,0xBBEF,0x0000
0.0391937600,4,0xBBEF,0x0000
0.0391967200,4,0xBBEF,0x0000
0.0391996900,4,0xBBEF,0x0000
0.0392026500,4,0xBBEF,0x0000
0.0392056100,4,0xBBEF,0x0000
0.0392085800,4,0xBBEF,0x0000
0.0392115400,4,0xBBEF,0x0000
0.0392145000,4,0xBBEF,0x0000
0.0392174600,4,0xBBEF,0x0000
0.0392204300,4,0xBBEF,0x0000
0.0392233900,4,0xBBEF,0x0000
0.0392263500,4,0xBBEF,0x0000
0.0392293200,4,0xBBEF,0x0000
0.0392322800,4,0xBBEF,0x0000
0.0392352400,4,0xBBEF,0x0000
0.0392382100,4,0x8FEF,0x0000
0.0392411700,4,0x1C00,0x0000
0.0392441300,4,0x1C00,0x0000
0.0392470900,4,0x1C00,0x0000
0.0392500600,4,0x1C00,0x0000
0.0392530200,4,0x1C00,0x0000
0.0392559800,4,0x1C00,0x0000
0.0392589500,4,0x1C00,0x0000
0.0392619100,4,0x1C00,0x0000
0.0392648700,4,0x1C00,0x0000
0.0392678400,4,0x1C00,0x0000
0.0392708000,4,0x1C00,0x0000
0.0392737600,4,0x1C00,0x0000
0.0392767200,4,0x1C00,0x0000
0.0392796900,4,0x1C00,0x0000
0.0392826500,4,0x1C00,0x0000
0.0392856100,4,0x1C00,0x0000
0.0392885800,4,0x1C00,0x0000
0.0392915400,4,0x1C00,0x0000
0.0392945000,4,0x1C00,0x0000
0.0392974600,4,0x1C00,0x0000
0.0393004300,4,0x1C00,0x0000
0.0393033900,4,0x1C00,0x0000
0.0393063500,4,0x1C00,0x0000
0.0393093200,4,0x1C00,0x0000
0.0393122800,4,0x1C00,0x0000
0.0393152400,4,0x1C00,0x0000
0.0393182100,4,0x1C00,0x0000
0.0393211700,4,0x1C00,0x0000
0.0393241300,4,0x1C00,0x0000
0.0393271000,4,0x1C00,0x0000
0.0393300600,4,0x93E7,0x0000
0.0393330200,4,0xBBEF,0x0000
0.0393359800,4,0xBBEF,0x0000
0.0393389500,4,0xBBEF,0x0000
0.0393419100,4,0xBBEF,0x0000
0.0393448700,4,0xBBEF,0x0000
0.0393478400,4,0xBBEF,0x0000
0.0393508000,4,0xBBEF,0x0000
0.0393537600,4,0xBBEF,0x0000
0.0393567200,4,0xBBEF,0x0000
0.0393596900,4,0xBBEF,0x0000
0.0393626500,4,0xBBEF,0x0000
0.0393656100,4,0xBBEF,0x0000
0.0393685800,4,0xBBEF,0x0000
0.0393715400,4,0xBBEF,0x0000
0.0393745000,4,0xBBEF,0x0000
0.0393774600,4,0xBBEF,0x0000
0.0393804300,4,0x8FEF,0x0000
0.0393833900,4,0x1C00,0x0000
0.0393863500,4,0x1C00,0x0000
0.0393893200,4,0x1C00,0x0000
0.0393922800,4,0x1C00,0x0000
0.0393952400,4,0x1C00,0x0000
0.0393982100,4,0x1C00,0x0000
0.0394011700,4,0x1C00,0x0000
0.0394041300,4,0x1C00,0x0000
0.0394071000,4,0x1C00,0x0000
0.0394100600,4,0x1C00,0x0000
0.0394130200,4,0x1C00,0x0000
0.0394159800,4,0x1C00,0x0000
0.0394189500,4,0x1C00,0x0000
0.0394219100,4,0x1C00,0x0000
0.0394248700,4,0x1C00,0x0000
0.0394278400,4,0x1C00,0x0000
0.0394308000,4,0x1C00,0x0000
0.0394337600,4,0x1C00,0x0000
0.0394367200,4,0x1C00,0x0000
0.0394396900,4,0x1C00,0x0000
0.0394426500,4,0x1C00,0x0000
0.0394456100,4,0x1C00,0x0000
0.0394485800,4,0x1C00,0x0000
0.0394515400,4,0x1C00,0x0000
0.0394545000,4,0x1C00,0x0000
0.0394574600,4,0x1C00,0x0000
0.0394604300,4,0x1C00,0x0000
0.0394633900,4,0x1C00,0x0000
0.0394663500,4,0x1C00,0x0000
0.0394693200,4,0x1C00,0x0000
0.0394722800,4,0x93E7,0x0000
0.0394752400,4,0xBBEF,0x0000
0.0394782100,4,0xBBEF,0x0000
0.0394811700,4,0xBBEF,0x0000
0.0394841300,4,0xBBEF,0x0000
0.0394870900,4,0xBBEF,0x0000
0.0394900600,4,0xBBEF,0x0000
0.0394930200,4,0xBBEF,0x0000
0.0394959800,4,0xBBEF,0x0000
0.0394989500,4,0xBBEF,0x0000
0.0395019100,4,0xBBEF,0x0000
0.0395048700,4,0xBBEF,0x0000
0.0395078400,4,0xBBEF,0x0000
0.0395108000,4,0xBBEF,0x0000
0.0395137600,4,0xBBEF,0x0000
0.0395167200,4,0xBBEF,0x0000
0.0395196900,4,0xBBEF,0x0000
0.0395226500,4,0x8FEF,0x0000
0.0395256100,4,0x1C00,0x0000
0.0395285800,4,0x1C00,0x0000
0.0395315400,4,0x1C00,0x0000
0.0395345000,4,0x1C00,0x0000
0.0395374600,4,0x1C00,0x0000
0.0395404300,4,0x1C00,0x0000
0.0395433900,4,0x1C00,0x0000
0.0395463500,4,0x1C00,0x0000
0.0395493200,4,0x1C00,0x0000
0.0395522800,4,0x1C00,0x0000
0.0395552400,4,0x1C00,0x0000
0.0395582100,4,0x1C00,0x0000
0.0395611700,4,0x1C00,0x0000
0.0395641300,4,0x1C00,0x0000
0.0395671000,4,0x1C00,0x0000
0.0395700600,4,0x1C00,0x0000
0.0395730200,4,0x1C00,0x0000
0.0395759800,4,0x1C00,0x0000
0.0395789500,4,0x1C00,0x0000
0.0395819100,4,0x1C00,0x0000
0.0395848700,4,0x1C00,0x0000
0.0395878400,4,0x1C00,0x0000
0.0395908000,4,0x1C00,0x0000
0.0395937600,4,0x1C00,0x0000
0.0395967300,4,0x1C00,0x0000
0.0395996900,4,0x1C00,0x0000
0.0396026500,4,0x1C00,0x0000
0.0396056100,4,0x1C00,0x0000
0.0396085800,4,0x1C00,0x0000
0.0396115400,4,0x1C00,0x0000
0.0396145000,4,0x93E7,0x0000
0.0396174600,4,0xBBEF,0x0000
0.0396204300,4,0xBBEF,0x0000
0.0396233900,4,0xBBEF,0x0000
0.0396263500,4,0xBBEF,0x0000
0.0396293200,4,0xBBEF,0x0000
0.0396322800,4,0xBBEF,0x0000
0.0396352400,4,0xBBEF,0x0000
0.0396382100,4,0xBBEF,0x0000
0.0396411700,4,0xBBEF,0x0000
0.0396441300,4,0xBBEF,0x0000
0.0396471000,4,0xBBEF,0x0000
0.0396500600,4,0xBBEF,0x0000
0.0396530200,4,0xBBEF,0x0000
0.0396559800,4,0xBBEF,0x0000
0.0396589500,4,0xBBEF,0x0000
0.0396619100,4,0xBBEF,0x0000
0.0396648700,4,0x8FEF,0x0000
0.0396678400,4,0x1C00,0x0000
0.0396708000,4,0x1C00,0x0000
0.0396737600,4,0x1C00,0x0000
0.0396767300,4,0x1C00,0x0000
0.0396796900,4,0x1C00,0x0000
0.0396826500,4,0x1C00,0x0000
0.0396856100,4,0x1C00,0x0000
0.0396885800,4,0x1C00,0x0000
0.0396915400,4,0x1C00,0x0000
0.0396945000,4,0x1C00,0x0000
0.0396974600,4,0x1C00,0x0000
0.0397004300,4,0x1C00,0x0000
0.0397033900,4,0x1C00,0x0000
0.0397063500,4,0x1C00,0x0000
0.0397093200,4,0x1C00,0x0000
0.0397122800,4,0x1C00,0x0000
0.0397152400,4,0x1C00,0x0000
0.0397182100,4,0x1C00,0x0000
0.0397211700,4,0x1C00,0x0000
0.0397241300,4,0x1C00,0x0000
0.0397271000,4,0x1C00,0x0000
0.0397300600,4,0x1C00,0x0000
0.0397330200,4,0x1C00,0x0000
0.0397359800,4,0x1C00,0x0000
0.0397389500,4,0x1C00,0x0000
0.0397419100,4,0x1C00,0x0000
0.0397448700,4,0x1C00,0x0000
0.0397478400,4,0x1C00,0x0000
0.0397508000,4,0x1C00,0x0000
0.0397537600,4,0x1C00,0x0000
0.0397567200,4,0x83E1,0x0000
0.0397596900,4,0xAFF6,0x0000
0.0397626500,4,0xAFF6,0x0000
0.0397656100,4,0xAFF6,0x0000
0.0397685800,4,0xAFF6,0x0000
0.0397715400,4,0xAFF6,0x0000
0.0397745000,4,0xAFF6,0x0000
0.0397774600,4,0xAFF6,0x0000
0.0397804300,4,0xAFF6,0x0000
0.0397833900,4,0xAFF6,0x0000
0.0397863500,4,0xAFF6,0x0000
0.0397893200,4,0xAFF6,0x0000
0.0397922800,4,0xAFF6,0x0000
0.0397952400,4,0xAFF6,0x0000
0.0397982100,4,0xAFF6,0x0000
0.0398011700,4,0xAFF6,0x0000
0.0398041300,4,0xAFF6,0x0000
0.0398071000,4,0x83E1,0x0000
0.0398100600,4,0x1C00,0x0000
0.0398130200,4,0x1C00,0x0000
0.0398159800,4,0x1C00,0x0000
0.0398189500,4,0x1C00,0x0000
0.0398219100,4,0x1C00,0x0000
0.0398248700,4,0x1C00,0x0000
0.0398278400,4,0x1C00,0x0000
0.0398308000,4,0x1C00,0x0000
0.0398337600,4,0x1C00,0x0000
0.0398367300,4,0x1C00,0x0000
0.0398396900,4,0x1C00,0x0000
0.0398426500,4,0x1C00,0x0000
0.0398456100,4,0x1C00,0x0000
0.0398485800,4,0x1C00,0x0000
0.0398515400,4,0x1C00,0x0000
0.0398545000,4,0x1C00,0x0000
0.0398574700,4,0x1C00,0x0000
0.0398604300,4,0x1C00,0x0000
0.0398633900,4,0x1C00,0x0000
0.0398663600,4,0x1C00,0x0000
0.0398693200,4,0x1C00,0x0000
0.0398722800,4,0x1C00,0x0000
0.0398752400,4,0x1C00,0x0000
0.0398782100,4,0x1C00,0x0000
0.0398811700,4,0x1C00,0x0000
0.0398841300,4,0x1C00,0x0000
0.0398871000,4,0x1C00,0x0000
0.0398900600,4,0x1C00,0x0000
0.0398930200,4,0x1C00,0x0000
0.0398959800,4,0x1C00,0x0000
0.0398989500,4,0x1C00,0x0000
0.0399019100,4,0x1C00,0x0000
0.0399048700,4,0x1C00,0x0000
0.0399078400,4,0x1C00,0x0000
0.0399108000,4,0x1C00,0x0000
0.0399137600,4,0x1C00,0x0000
0.0399167300,4,0x1C00,0x0000
0.0399196900,4,0x1C00,0x0000
0.0399226500,4,0x1C00,0x0000
0.0399256100,4,0x1C00,0x0000
0.0399285800,4,0x1C00,0x0000
0.0399315400,4,0x1C00,0x0000
0.0399345000,4,0x1C00,0x0000
0.0399374700,4,0x1C00,0x0000
0.0399404300,4,0x1C00,0x0000
0.0399433900,4,0x1C00,0x0000
0.0399463600,4,0x1C00,0x0000
0.0399493200,4,0x1C00,0x0000
0.0399522800,4,0x1C00,0x0000
0.0399552400,4,0x1C00,0x0000
0.0399582100,4,0x1C00,0x0000
0.0399611700,4,0x1C00,0x0000
0.0399641300,4,0x1C00,0x0000
0.0399671000,4,0x1C00,0x0000
0.0399700600,4,0x1C00,0x0000
0.0399730200,4,0x1C00,0x0000
0.0399759800,4,0x1C00,0x0000
0.0399789500,4,0x1C00,0x0000
0.0399819100,4,0x1C00,0x0000
0.0399848700,4,0x1C00,0x0000
0.0399878400,4,0x1C00,0x0000
0.0399908000,4,0x1C00,0x0000
0.0399937600,4,0x1C00,0x0000
0.0399967300,4,0x1C00,0x0000
0.0399996900,4,0x1C00,0x0000
0.0400026500,4,0x1C00,0x0000
0.0400056100,4,0x1C00,0x0000
0.0400085800,4,0x1C00,0x0000
0.0400115400,4,0x1C00,0x0000
0.0400145000,4,0x1C00,0x0000
0.0400174700,4,0x1C00,0x0000
0.0400204300,4,0x1C00,0x0000
0.0400233900,4,0x1C00,0x0000
0.0400263600,4,0x1C00,0x0000
0.0400293200,4,0x1C00,0x0000
0.0400322800,4,0x1C00,0x0000
0.0400352400,4,0x1C00,0x0000
0.0400382100,4,0x1C00,0x0000
0.0400411700,4,0x1C00,0x0000
0.0400441300,4,0x1C00,0x0000
0.0400471000,4,0x1C00,0x0000
0.0400500600,4,0x1C00,0x0000
0.0400530200,4,0x1C00,0x0000
0.0400559900,4,0x1C00,0x0000
0.0400589500,4,0x1C00,0x0000
0.0400619100,4,0x1C00,0x0000
0.0400648700,4,0x1C00,0x0000
0.0400678400,4,0x1C00,0x0000
0.0400708000,4,0x1C00,0x0000
0.0400737600,4,0x1C00,0x0000
0.0400767300,4,0x1C00,0x0000
0.0400796900,4,0x1C00,0x0000
0.0400826500,4,0x1C00,0x0000
0.0400856100,4,0x1C00,0x0000
0.0400885800,4,0x1C00,0x0000
0.0400915400,4,0x1C00,0x0000
0.0400945000,4,0x1C00,0x0000
0.0400974700,4,0x1C00,0x0000
0.0401004300,4,0x1C00,0x0000
0.0401033900,4,0x1C00,0x0000
0.0401063600,4,0x1C00,0x0000
0.0401093200,4,0x1C00,0x0000
0.0401122800,4,0x1C00,0x0000
0.0401152400,4,0x1C00,0x0000
0.0401182100,4,0x1C00,0x0000
0.0401211700,4,0x1C00,0x0000
0.0401241300,4,0x1C00,0x0000
0.0401271000,4,0x1C00,0x0000
0.0401300600,4,0x1C00,0x0000
0.0401330200,4,0x1C00,0x0000
0.0401359900,4,0x1C00,0x0000
0.0401389500,4,0x1C00,0x0000
0.0401419100,4,0x1C00,0x0000
0.0401448700,4,0x1C00,0x0000
0.0401478400,4,0x1C00,0x0000
0.0401508000,4,0x1C00,0x0000
0.0401537600,4,0x1C00,0x0000
0.0401567300,4,0x1C00,0x0000
0.0401596900,4,0x1C00,0x0000
0.0401626500,4,0x1C00,0x0000
0.0401656100,4,0x1C00,0x0000
0.0401685800,4,0x1C00,0x0000
0.0401715400,4,0x1C00,0x0000
0.0401745000,4,0x1C00,0x0000
0.0401774700,4,0x1C00,0x0000
0.0401804300,4,0x1C00,0x0000
0.0401833900,4,0x1C00,0x0000
0.0401863600,4,0x1C00,0x0000
0.0401893200,4,0x1C00,0x0000
0.0401922800,4,0x1C00,0x0000
0.0401952400,4,0x1C00,0x0000
0.0401982100,4,0x1C00,0x0000
0.0402011700,4,0x1C00,0x0000
0.0402041300,4,0x1C00,0x0000
0.0402071000,4,0x1C00,0x0000
0.0402100600,4,0x1C00,0x0000
0.0402130200,4,0x1C00,0x0000
0.0402159900,4,0x1C00,0x0000
0.0402189500,4,0x1C00,0x0000
0.0402219100,4,0x1C00,0x0000
0.0402248700,4,0x1C00,0x0000
0.0402278400,4,0x1C00,0x0000
0.0402308000,4,0x1C00,0x0000
0.0402337600,4,0x1C00,0x0000
0.0402367300,4,0x1C00,0x0000
0.0402396900,4,0x1C00,0x0000
0.0402426500,4,0x1C00,0x0000
0.0402456100,4,0x1C00,0x0000
0.0402485800,4,0x1C00,0x0000
0.0402515400,4,0x1C00,0x0000
0.0402545000,4,0x1C00,0x0000
0.0402574700,4,0x1C00,0x0000
0.0402604300,4,0x1C00,0x0000
0.0402633900,4,0x1C00,0x0000
0.0402663600,4,0x1C00,0x0000
0.0402693200,4,0x1C00,0x0000
0.0402722800,4,0x1C00,0x0000
0.0402752400,4,0x1C00,0x0000
0.0402782100,4,0x1C00,0x0000
0.0402811700,4,0x1C00,0x0000
0.0402841300,4,0x1C00,0x0000
0.0402871000,4,0x1C00,0x0000
0.0402900600,4,0x1C00,0x0000
0.0402930200,4,0x1C00,0x0000
0.0402959900,4,0x1C00,0x0000
0.0402989500,4,0x1C00,0x0000
0.0403019100,4,0x1C00,0x0000
0.0403048700,4,0x1C00,0x0000
0.0403078400,4,0x1C00,0x0000
0.0403108000,4,0x1C00,0x0000
0.0403137600,4,0x1C00,0x0000
0.0403167300,4,0x1C00,0x0000
0.0403196900,4,0x1C00,0x0000
0.0403226500,4,0x1C00,0x0000
0.0403256100,4,0x1C00,0x0000
0.0403285800,4,0x1C00,0x0000
0.0403315400,4,0x1C00,0x0000
0.0403345000,4,0x1C00,0x0000
0.0403374700,4,0x1C00,0x0000
0.0403404300,4,0x1C00,0x0000
0.0403433900,4,0x1C00,0x0000
0.0403463600,4,0x1C00,0x0000
0.0403493200,4,0x1C00,0x0000
0.0403522800,4,0x1C00,0x0000
0.0403552400,4,0x1C00,0x0000
0.0403582100,4,0x1C00,0x0000
0.0403611700,4,0x1C00,0x0000
0.0403641300,4,0x1C00,0x0000
0.0403671000,4,0x1C00,0x0000
0.0403700600,4,0x1C00,0x0000
0.0403730200,4,0x1C00,0x0000
0.0403759900,4,0x1C00,0x0000
0.0403789500,4,0x1C00,0x0000
0.0403819100,4,0x1C00,0x0000
0.0403848700,4,0x1C00,0x0000
0.0403878400,4,0x1C00,0x0000
0.0403908000,4,0x1C00,0x0000
0.0403937600,4,0x1C00,0x0000
0.0403967300,4,0x1C00,0x0000
0.0403996900,4,0x1C00,0x0000
0.0404026500,4,0x1C00,0x0000
0.0404056100,4,0x1C00,0x0000
0.0404085800,4,0x1C00,0x0000
0.0404115400,4,0x1C00,0x0000
0.0404145000,4,0x1C00,0x0000
0.0404174700,4,0x1C00,0x0000
0.0404204300,4,0x1C00,0x0000
0.0404233900,4,0x1C00,0x0000
0.0404263600,4,0x1C00,0x0000
0.0404293200,4,0x1C00,0x0000
0.0404322800,4,0x1C00,0x0000
0.0404352400,4,0x1C00,0x0000
0.0404382100,4,0x1C00,0x0000
0.0404411700,4,0x1C00,0x0000
0.0404441300,4,0x1C00,0x0000
0.0404471000,4,0x1C00,0x0000
0.0404500600,4,0x1C00,0x0000
0.0404530200,4,0x1C00,0x0000
0.0404559900,4,0x1C00,0x0000
0.0404589500,4,0x1C00,0x0000
0.0404619100,4,0x1C00,0x0000
0.0404648700,4,0x1C00,0x0000
0.0404678400,4,0x1C00,0x0000
0.0404708000,4,0x1C00,0x0000
0.0404737600,4,0x1C00,0x0000
0.0404767300,4,0x1C00,0x0000
0.0404796900,4,0x1C00,0x0000
0.0404826500,4,0x1C00,0x0000
0.0404856100,4,0x1C00,0x0000
0.0404885800,4,0x1C00,0x0000
0.0404915400,4,0x1C00,0x0000
0.0404945000,4,0x1C00,0x0000
0.0404974700,4,0x1C00,0x0000
0.0405004300,4,0x1C00,0x0000
0.0405033900,4,0x1C00,0x0000
0.0405063600,4,0x1C00,0x0000
0.0405093200,4,0x1C00,0x0000
0.0405122800,4,0x1C00,0x0000
0.0405152500,4,0x1C00,0x0000
0.0405182100,4,0x1C00,0x0000
0.0405211700,4,0x1C00,0x0000
0.0405241300,4,0x1C00,0x0000
0.0405271000,4,0x1C00,0x0000
0.0405300600,4,0x1C00,0x0000
0.0405330200,4,0x1C00,0x0000
0.0405359900,4,0x1C00,0x0000
0.0405389500,4,0x1C00,0x0000
0.0405419100,4,0x1C00,0x0000
0.0405448700,4,0x1C00,0x0000
0.0405478400,4,0x1C00,0x0000
0.0405508000,4,0x1C00,0x0000
0.0405537600,4,0x1C00,0x0000
0.0405567300,4,0x1C00,0x0000
0.0405596900,4,0x1C00,0x0000
0.0405626500,4,0x1C00,0x0000
0.0405656100,4,0x1C00,0x0000
0.0405685800,4,0x1C00,0x0000
0.0405715400,4,0x1C00,0x0000
0.0405745000,4,0x1C00,0x0000
0.0405774700,4,0x1C00,0x0000
0.0405804300,4,0x1C00,0x0000
0.0405833900,4,0x1C00,0x0000
0.0405863600,4,0x1C00,0x0000
0.0405893200,4,0x1C00,0x0000
0.0405922800,4,0x1C00,0x0000
0.0405952500,4,0x1C00,0x0000
0.0405982100,4,0x1C00,0x0000
0.0406011700,4,0x1C00,0x0000
0.0406041300,4,0x1C00,0x0000
0.0406071000,4,0x1C00,0x0000
0.0406100600,4,0x1C00,0x0000
0.0406130200,4,0x1C00,0x0000
0.0406159900,4,0x1C00,0x0000
0.0406189500,4,0x1C00,0x0000
0.0406219100,4,0x1C00,0x0000
0.0406248700,4,0x1C00,0x0000
0.0406278400,4,0x1C00,0x0000
0.0406308000,4,0x1C00,0x0000
0.0406337600,4,0x1C00,0x0000
0.0406367300,4,0x1C00,0x0000
0.0406396900,4,0x1C00,0x0000
0.0406426500,4,0x1C00,0x0000
0.0406456200,4,0x1C00,0x0000
0.0406485800,4,0x1C00,0x0000
0.0406515400,4,0x1C00,0x0000
0.0406545000,4,0x1C00,0x0000
0.0406574700,4,0x1C00,0x0000
0.0406604300,4,0x1C00,0x0000
0.0406633900,4,0x1C00,0x0000
0.0406663600,4,0x1C00,0x0000
0.0406693200,4,0x1C00,0x0000
0.0406722800,4,0x1C00,0x0000
0.0406752500,4,0x1C00,0x0000
0.0406782100,4,0x1C00,0x0000
0.0406811700,4,0x1C00,0x0000
0.0406841300,4,0x1C00,0x0000
0.0406871000,4,0x1C00,0x0000
0.0406900600,4,0x1C00,0x0000
0.0406930200,4,0x1C00,0x0000
0.0406959900,4,0x1C00,0x0000
0.0406989500,4,0x1C00,0x0000
0.0407019100,4,0x1C00,0x0000
0.0407048800,4,0x1C00,0x0000
0.0407078400,4,0x1C00,0x0000
0.0407108000,4,0x1C00,0x0000
0.0407137600,4,0x1C00,0x0000
0.0407167300,4,0x1C00,0x0000
0.0407196900,4,0x1C00,0x0000
0.0407226500,4,0x1C00,0x0000
0.0407256100,4,0x1C00,0x0000
0.0407285800,4,0x1C00,0x0000
0.0407315400,4,0x1C00,0x0000
0.0407345000,4,0x1C00,0x0000
0.0407374700,4,0x1C00,0x0000
0.0407404300,4,0x1C00,0x0000
0.0407433900,4,0x1C00,0x0000
0.0407463600,4,0x1C00,0x0000
0.0407493200,4,0x1C00,0x0000
0.0407522800,4,0x1C00,0x0000
0.0407552500,4,0x1C00,0x0000
0.0407582100,4,0x1C00,0x0000
0.0407611700,4,0x1C00,0x0000
0.0407641300,4,0x1C00,0x0000
0.0407671000,4,0x1C00,0x0000
0.0407700600,4,0x1C00,0x0000
0.0407730200,4,0x1C00,0x0000
0.0407759900,4,0x1C00,0x0000
0.0407789500,4,0x1C00,0x0000
0.0407819100,4,0x1C00,0x0000
0.0407848800,4,0x1C00,0x0000
0.0407878400,4,0x1C00,0x0000
0.0407908000,4,0x1C00,0x0000
0.0407937600,4,0x1C00,0x0000
0.0407967300,4,0x1C00,0x0000
0.0407996900,4,0x1C00,0x0000
0.0408026500,4,0x1C00,0x0000
0.0408056100,4,0x1C00,0x0000
0.0408085800,4,0x1C00,0x0000
0.0408115400,4,0x1C00,0x0000
0.0408145000,4,0x1C00,0x0000
0.0408174700,4,0x1C00,0x0000
0.0408204300,4,0x1C00,0x0000
0.0408233900,4,0x1C00,0x0000
0.0408263600,4,0x1C00,0x0000
0.0408293200,4,0x1C00,0x0000
0.0408322800,4,0x1C00,0x0000
0.0408352500,4,0x1C00,0x0000
0.0408382100,4,0x1C00,0x0000
0.0408411700,4,0x1C00,0x0000
0.0408441300,4,0x1C00,0x0000
0.0408471000,4,0x1C00,0x0000
0.0408500600,4,0x1C00,0x0000
0.0408530200,4,0x1C00,0x0000
0.0408559900,4,0x1C00,0x0000
0.0408589500,4,0x1C00,0x0000
0.0408619100,4,0x1C00,0x0000
0.0408648700,4,0x1C00,0x0000
0.0408678400,4,0x1C00,0x0000
0.0408708000,4,0x1C00,0x0000
0.0408737600,4,0x1C00,0x0000
0.0408767300,4,0x1C00,0x0000
0.0408796900,4,0x1C00,0x0000
0.0408826500,4,0x1C00,0x0000
0.0408856100,4,0x1C00,0x0000
0.0408885800,4,0x1C00,0x0000
0.0408915400,4,0x1C00,0x0000
0.0408945000,4,0x1C00,0x0000
0.0408974700,4,0x1C00,0x0000
0.0409004300,4,0x1C00,0x0000
0.0409033900,4,0x1C00,0x0000
0.0409063600,4,0x1C00,0x0000
0.0409093200,4,0x1C00,0x0000
0.0409122800,4,0x1C00,0x0000
0.0409152500,4,0x1C00,0x0000
0.0409182100,4,0x1C00,0x0000
0.0409211700,4,0x1C00,0x0000
0.0409241300,4,0x1C00,0x0000
0.0409271000,4,0x1C00,0x0000
0.0409300600,4,0x1C00,0x0000
0.0409330200,4,0x1C00,0x0000
0.0409359900,4,0x1C00,0x0000
0.0409389500,4,0x1C00,0x0000
0.0409419100,4,0x1C00,0x0000
0.0409448800,4,0x1C00,0x0000
0.0409478400,4,0x1C00,0x0000
0.0409508000,4,0x1C00,0x0000
0.0409537600,4,0x1C00,0x0000
0.0409567300,4,0x1C00,0x0000
0.0409596900,4,0x1C00,0x0000
0.0409626500,4,0x1C00,0x0000
0.0409656100,4,0x1C00,0x0000
0.0409685800,4,0x1C00,0x0000
0.0409715400,4,0x1C00,0x0000
0.0409745000,4,0x1C00,0x0000
0.0409774700,4,0x1C00,0x0000
0.0409804300,4,0x1C00,0x0000
0.0409833900,4,0x1C00,0x0000
0.0409863600,4,0x1C00,0x0000
0.0409893200,4,0x1C00,0x0000
0.0409922800,4,0x0000,0x0000
0.0409952500,4,0x0000,0x0000
0.0409982100,4,0x0000,0x0000
0.0456189600,5,0x55AA,0x0000
0.0456219200,5,0x2DEC,0x0000
0.0456248800,5,0x01FF,0x0000
0.0456278500,5,0x1C00,0x0000
0.0456308100,5,0x1C00,0x0000
0.0456337700,5,0x1C00,0x0000
0.0456367300,5,0x1C00,0x0000
0.0456397000,5,0x1C00,0x0000
0.0456426600,5,0x1C00,0x0000
0.0456456200,5,0x1C00,0x0000
0.0456485900,5,0x1C00,0x0000
0.0456515500,5,0x1C00,0x0000
0.0456545100,5,0x1C00,0x0000
0.0456574700,5,0x1C00,0x0000
0.0456604400,5,0x1C00,0x0000
0.0456634000,5,0x1C00,0x0000
0.0456663600,5,0x1C00,0x0000
0.0456693300,5,0x1C00,0x0000
0.0456722900,5,0x1C00,0x0000
0.0456752500,5,0x1C00,0x0000
0.0456782100,5,0x1C00,0x0000
0.0456811800,5,0x1C00,0x0000
0.0456841400,5,0x1C00,0x0000
0.0456871000,5,0x1C00,0x0000
0.0456900700,5,0x1C00,0x0000
0.0456930300,5,0x1C00,0x0000
0.0456959900,5,0x1C00,0x0000
0.0456989600,5,0x1C00,0x0000
0.0457019200,5,0x1C00,0x0000
0.0457048800,5,0x1C00,0x0000
0.0457078500,5,0x1C00,0x0000
0.0457108100,5,0x1C00,0x0000
0.0457137700,5,0x1C00,0x0000
0.0457167300,5,0x1C00,0x0000
0.0457197000,5,0x1C00,0x0000
0.0457226600,5,0x1C00,0x0000
0.0457256200,5,0x1C00,0x0000
0.0457285900,5,0x1C00,0x0000
0.0457315500,5,0x1C00,0x0000
0.0457345100,5,0x1C00,0x0000
0.0457374700,5,0x1C00,0x0000
0.0457404400,5,0x1C00,0x0000
0.0457434000,5,0x1C00,0x0000
0.0457463600,5,0x1C00,0x0000
0.0457493300,5,0x1C00,0x0000
0.0457522900,5,0x1C00,0x0000
0.0457552500,5,0x1C00,0x0000
0.0457582100,5,0x1C00,0x0000
0.0457611800,5,0x1C00,0x0000
0.0457641400,5,0x1C00,0x0000
0.0457671000,5,0x1C00,0x0000
0.0457700700,5,0x1C00,0x0000
0.0457730300,5,0x1C00,0x0000
0.0457759900,5,0x1C00,0x0000
0.0457789600,5,0x1C00,0x0000
0.0457819200,5,0x1C00,0x0000
0.0457848800,5,0x1C00,0x0000
0.0457878500,5,0x1C00,0x0000
0.0457908100,5,0x1C00,0x0000
0.0457937700,5,0x1C00,0x0000
0.0457967300,5,0x1C00,0x0000
0.0457997000,5,0x1C00,0x0000
0.0458026600,5,0x1C00,0x0000
0.0458056200,5,0x1C00,0x0000
0.0458085900,5,0x1C00,0x0000
0.0458115500,5,0x1C00,0x0000
0.0458145100,5,0x1C00,0x0000
0.0458174700,5,0x1C00,0x0000
0.0458204400,5,0x1C00,0x0000
0.0458234000,5,0x1C00,0x0000
0.0458263600,5,0x1C00,0x0000
0.0458293300,5,0x1C00,0x0000
0.0458322900,5,0x1C00,0x0000
0.0458352500,5,0x1C00,0x0000
0.0458382100,5,0x1C00,0x0000
0.0458411800,5,0x1C00,0x0000
0.0458441400,5,0x1C00,0x0000
0.0458471000,5,0x1C00,0x0000
0.0458500700,5,0x1C00,0x0000
0.0458530300,5,0x1C00,0x0000
0.0458559900,5,0x1C00,0x0000
0.0458589600,5,0x1C00,0x0000
0.0458619200,5,0x1C00,0x0000
0.0458648800,5,0x1C00,0x0000
0.0458678500,5,0x1C00,0x0000
0.0458708100,5,0x1C00,0x0000
0.0458737700,5,0x1C00,0x0000
0.0458767300,5,0x1C00,0x0000
0.0458797000,5,0x1C00,0x0000
0.0458826600,5,0x1C00,0x0000
0.0458856200,5,0x1C00,0x0000
0.0458885900,5,0x1C00,0x0000
0.0458915500,5,0x1C00,0x0000
0.0458945100,5,0x1C00,0x0000
0.0458974800,5,0x1C00,0x0000
0.0459004400,5,0x1C00,0x0000
0.0459034000,5,0x1C00,0x0000
0.0459063600,5,0x1C00,0x0000
0.0459093300,5,0x1C00,0x0000
0.0459122900,5,0x1C00,0x0000
0.0459152500,5,0x1C00,0x0000
0.0459182100,5,0x1C00,0x0000
0.0459211800,5,0x1C00,0x0000
0.0459241400,5,0x1C00,0x0000
0.0459271000,5,0x1C00,0x0000
0.0459300700,5,0x1C00,0x0000
0.0459330300,5,0x1C00,0x0000
0.0459359900,5,0x1C00,0x0000
0.0459389600,5,0x1C00,0x0000
0.0459419200,5,0x1C00,0x0000
0.0459448800,5,0x1C00,0x0000
0.0459478500,5,0x1C00,0x0000
0.0459508100,5,0x1C00,0x0000
0.0459537700,5,0x1C00,0x0000
0.0459567300,5,0x1C00,0x0000
0.0459597000,5,0x1C00,0x0000
0.0459626600,5,0x1C00,0x0000
0.0459656200,5,0x1C00,0x0000
0.0459685900,5,0x1C00,0x0000
0.0459715500,5,0x1C00,0x0000
0.0459745100,5,0x1C00,0x0000
0.0459774800,5,0x1C00,0x0000
0.0459804400,5,0x1C00,0x0000
0.0459834000,5,0x1C00,0x0000
0.0459863600,5,0x1C00,0x0000
0.0459893300,5,0x1C00,0x0000
0.0459922900,5,0x1C00,0x0000
0.0459952500,5,0x1C00,0x0000
0.0459982100,5,0x1C00,0x0000
0.0460011800,5,0x1C00,0x0000
0.0460041400,5,0x1C00,0x0000
0.0460071000,5,0x1C00,0x0000
0.0460100700,5,0x1C00,0x0000
0.0460130300,5,0x1C00,0x0000
0.0460159900,5,0x1C00,0x0000
0.0460189600,5,0x1C00,0x0000
0.0460219200,5,0x1C00,0x0000
0.0460248800,5,0x1C00,0x0000
0.0460278500,5,0x1C00,0x0000
0.0460308100,5,0x1C00,0x0000
0.0460337700,5,0x1C00,0x0000
0.0460367300,5,0x1C00,0x0000
0.0460397000,5,0x1C00,0x0000
0.0460426600,5,0x1C00,0x0000
0.0460456200,5,0x1C00,0x0000
0.0460485900,5,0x1C00,0x0000
0.0460515500,5,0x1C00,0x0000
0.0460545100,5,0x1C00,0x0000
0.0460574700,5,0x1C00,0x0000
0.0460604400,5,0x1C00,0x0000
0.0460634000,5,0x1C00,0x0000
0.0460663600,5,0x1C00,0x0000
0.0460693300,5,0x1C00,0x0000
0.0460722900,5,0x1C00,0x0000
0.0460752500,5,0x1C00,0x0000
0.0460782100,5,0x1C00,0x0000
0.0460811800,5,0x1C00,0x0000
0.0460841400,5,0x1C00,0x0000
0.0460871000,5,0x1C00,0x0000
0.0460900700,5,0x1C00,0x0000
0.0460930300,5,0x1C00,0x0000
0.0460959900,5,0x1C00,0x0000
0.0460989600,5,0x1C00,0x0000
0.0461019200,5,0x1C00,0x0000
0.0461048800,5,0x1C00,0x0000
0.0461078400,5,0x1C00,0x0000
0.0461108100,5,0x1C00,0x0000
0.0461137700,5,0x1C00,0x0000
0.0461167300,5,0x1C00,0x0000
0.0461197000,5,0x1C00,0x0000
0.0461226600,5,0x1C00,0x0000
0.0461256200,5,0x1C00,0x0000
0.0461285900,5,0x1C00,0x0000
0.0461315500,5,0x1C00,0x0000
0.0461345100,5,0x1C00,0x0000
0.0461374800,5,0x1C00,0x0000
0.0461404400,5,0x1C00,0x0000
0.0461434000,5,0x1C00,0x0000
0.0461463600,5,0x1C00,0x0000
0.0461493300,5,0x1C00,0x0000
0.0461522900,5,0x1C00,0x0000
0.0461552500,5,0x1C00,0x0000
0.0461582200,5,0x1C00,0x0000
0.0461611800,5,0x1C00,0x0000
0.0461641400,5,0x1C00,0x0000
0.0461671000,5,0x1C00,0x0000
0.0461700700,5,0x1C00,0x0000
0.0461730300,5,0x1C00,0x0000
0.0461759900,5,0x1C00,0x0000
0.0461789600,5,0x1C00,0x0000
0.0461819200,5,0x1C00,0x0000
0.0461848800,5,0x1C00,0x0000
0.0461878500,5,0x1C00,0x0000
0.0461908100,5,0x1C00,0x0000
0.0461937700,5,0x1C00,0x0000
0.0461967300,5,0x1C00,0x0000
0.0461997000,5,0x1C00,0x0000
0.0462026600,5,0x1C00,0x0000
0.0462056200,5,0x1C00,0x0000
0.0462085900,5,0x1C00,0x0000
0.0462115500,5,0x1C00,0x0000
0.0462145100,5,0x1C00,0x0000
0.0462174800,5,0x1C00,0x0000
0.0462204400,5,0x1C00,0x0000
0.0462234000,5,0x1C00,0x0000
0.0462263600,5,0x1C00,0x0000
0.0462293300,5,0x1C00,0x0000
0.0462322900,5,0x1C00,0x0000
0.0462352500,5,0x1C00,0x0000
0.0462382100,5,0x1C00,0x0000
0.0462411800,5,0x1C00,0x0000
0.0462441400,5,0x1C00,0x0000
0.0462471100,5,0x1C00,0x0000
0.0462500700,5,0x1C00,0x0000
0.0462530300,5,0x1C00,0x0000
0.0462559900,5,0x1C00,0x0000
0.0462589600,5,0x1C00,0x0000
0.0462619200,5,0x1C00,0x0000
0.0462648800,5,0x1C00,0x0000
0.0462678500,5,0x1C00,0x0000
0.0462708100,5,0x1C00,0x0000
0.0462737700,5,0x1C00,0x0000
0.0462767300,5,0x1C00,0x0000
0.0462797000,5,0x1C00,0x0000
0.0462826600,5,0x1C00,0x0000
0.0462856200,5,0x1C00,0x0000
0.0462885900,5,0x1C00,0x0000
0.0462915500,5,0x1C00,0x0000
0.0462945100,5,0x1C00,0x0000
0.0462974800,5,0x1C00,0x0000
0.0463004400,5,0x1C00,0x0000
0.0463034000,5,0x1C00,0x0000
0.0463063600,5,0x1C00,0x0000
0.0463093300,5,0x1C00,0x0000
0.0463122900,5,0x1C00,0x0000
0.0463152500,5,0x1C00,0x0000
0.0463182200,5,0x1C00,0x0000
0.0463211800,5,0x1C00,0x0000
0.0463241400,5,0x1C00,0x0000
0.0463271100,5,0x1C00,0x0000
0.0463300700,5,0x1C00,0x0000
0.0463330300,5,0x1C00,0x0000
0.0463359900,5,0x1C00,0x0000
0.0463389600,5,0x1C00,0x0000
0.0463419200,5,0x1C00,0x0000
0.0463448800,5,0x1C00,0x0000
0.0463478500,5,0x1C00,0x0000
0.0463508100,5,0x1C00,0x0000
0.0463537700,5,0x1C00,0x0000
0.0463567300,5,0x1C00,0x0000
0.0463597000,5,0x1C00,0x0000
0.0463626600,5,0x1C00,0x0000
0.0463656200,5,0x1C00,0x0000
0.0463685900,5,0x1C00,0x0000
0.0463715500,5,0x1C00,0x0000
0.0463745100,5,0x1C00,0x0000
0.0463774800,5,0x1C00,0x0000
0.0463804400,5,0x1C00,0x0000
0.0463834000,5,0x1C00,0x0000
0.0463863600,5,0x1C00,0x0000
0.0463893300,5,0x1C00,0x0000
0.0463922900,5,0x1C00,0x0000
0.0463952500,5,0x1C00,0x0000
0.0463982200,5,0x1C00,0x0000
0.0464011800,5,0x1C00,0x0000
0.0464041400,5,0x1C00,0x0000
0.0464071100,5,0x1C00,0x0000
0.0464100700,5,0x1C00,0x0000
0.0464130300,5,0x1C00,0x0000
0.0464159900,5,0x1C00,0x0000
0.0464189600,5,0x1C00,0x0000
0.0464219200,5,0x1C00,0x0000
0.0464248800,5,0x1C00,0x0000
0.0464278500,5,0x1C00,0x0000
0.0464308100,5,0x1C00,0x0000
0.0464337700,5,0x1C00,0x0000
0.0464367300,5,0x1C00,0x0000
0.0464397000,5,0x1C00,0x0000
0.0464426600,5,0x1C00,0x0000
0.0464456200,5,0x1C00,0x0000
0.0464485900,5,0x1C00,0x0000
0.0464515500,5,0x1C00,0x0000
0.0464545100,5,0x1C00,0x0000
0.0464574800,5,0x1C00,0x0000
0.0464604400,5,0x1C00,0x0000
0.0464634000,5,0x1C00,0x0000
0.0464663600,5,0x1C00,0x0000
0.0464693300,5,0x1C00,0x0000
0.0464722900,5,0x1C00,0x0000
0.0464752500,5,0x1C00,0x0000
0.0464782200,5,0x1C00,0x0000
0.0464811800,5,0x1C00,0x0000
0.0464841400,5,0x1C00,0x0000
0.0464871100,5,0x1C00,0x0000
0.0464900700,5,0x1C00,0x0000
0.0464930300,5,0x1C00,0x0000
0.0464959900,5,0x1C00,0x0000
0.0464989600,5,0x1C00,0x0000
0.0465019200,5,0x1C00,0x0000
0.0465048800,5,0x1C00,0x0000
0.0465078500,5,0x1C00,0x0000
0.0465108100,5,0x1C00,0x0000
0.0465137700,5,0x1C00,0x0000
0.0465167300,5,0x1C00,0x0000
0.0465197000,5,0x1C00,0x0000
0.0465226600,5,0x1C00,0x0000
0.0465256200,5,0x1C00,0x0000
0.0465285900,5,0x1C00,0x0000
0.0465315500,5,0x1C00,0x0000
0.0465345100,5,0x1C00,0x0000
0.0465374800,5,0x1C00,0x0000
0.0465404400,5,0x1C00,0x0000
0.0465434000,5,0x1C00,0x0000
0.0465463600,5,0x1C00,0x0000
0.0465493300,5,0x1C00,0x0000
0.0465522900,5,0x1C00,0x0000
0.0465552500,5,0x1C00,0x0000
0.0465582200,5,0x1C00,0x0000
0.0465611800,5,0x1C00,0x0000
0.0465641400,5,0x1C00,0x0000
0.0465671100,5,0x1C00,0x0000
0.0465700700,5,0x1C00,0x0000
0.0465730300,5,0x1C00,0x0000
0.0465759900,5,0x1C00,0x0000
0.0465789600,5,0x1C00,0x0000
0.0465819200,5,0x1C00,0x0000
0.0465848800,5,0x1C00,0x0000
0.0465878500,5,0x1C00,0x0000
0.0465908100,5,0x1C00,0x0000
0.0465937700,5,0x1C00,0x0000
0.0465967400,5,0x1C00,0x0000
0.0465997000,5,0x1C00,0x0000
0.0466026600,5,0x1C00,0x0000
0.0466056200,5,0x1C00,0x0000
0.0466085900,5,0x1C00,0x0000
0.0466115500,5,0x1C00,0x0000
0.0466145100,5,0x1C00,0x0000
0.0466174800,5,0x1C00,0x0000
0.0466204400,5,0x1C00,0x0000
0.0466234000,5,0x1C00,0x0000
0.0466263600,5,0x1C00,0x0000
0.0466293300,5,0x1C00,0x0000
0.0466322900,5,0x1C00,0x0000
0.0466352500,5,0x1C00,0x0000
0.0466382200,5,0x1C00,0x0000
0.0466411800,5,0x1C00,0x0000
0.0466441400,5,0x1C00,0x0000
0.0466471100,5,0x1C00,0x0000
0.0466500700,5,0x1C00,0x0000
0.0466530300,5,0x1C00,0x0000
0.0466559900,5,0x1C00,0x0000
0.0466589600,5,0x1C00,0x0000
0.0466619200,5,0x1C00,0x0000
0.0466648800,5,0x1C00,0x0000
0.0466678500,5,0x1C00,0x0000
0.0466708100,5,0x1C00,0x0000
0.0466737700,5,0x1C00,0x0000
0.0466767400,5,0x1C00,0x0000
0.0466797000,5,0x1C00,0x0000
0.0466826600,5,0x1C00,0x0000
0.0466856200,5,0x1C00,0x0000
0.0466885900,5,0x1C00,0x0000
0.0466915500,5,0x1C00,0x0000
0.0466945100,5,0x1C00,0x0000
0.0466974800,5,0x1C00,0x0000
0.0467004400,5,0x1C00,0x0000
0.0467034000,5,0x1C00,0x0000
0.0467063600,5,0x1C00,0x0000
0.0467093300,5,0x1C00,0x0000
0.0467122900,5,0x1C00,0x0000
0.0467152500,5,0x1C00,0x0000
0.0467182200,5,0x1C00,0x0000
0.0467211800,5,0x1C00,0x0000
0.0467241400,5,0x1C00,0x0000
0.0467271100,5,0x1C00,0x0000
0.0467300700,5,0x1C00,0x0000
0.0467330300,5,0x1C00,0x0000
0.0467359900,5,0x1C00,0x0000
0.0467389600,5,0x1C00,0x0000
0.0467419200,5,0x1C00,0x0000
0.0467448800,5,0x1C00,0x0000
0.0467478500,5,0x1C00,0x0000
0.0467508100,5,0x1C00,0x0000
0.0467537700,5,0x1C00,0x0000
0.0467567400,5,0x1C00,0x0000
0.0467597000,5,0x1C00,0x0000
0.0467626600,5,0x1C00,0x0000
0.0467656200,5,0x1C00,0x0000
0.0467685900,5,0x1C00,0x0000
0.0467715500,5,0x1C00,0x0000
0.0467745100,5,0x1C00,0x0000
0.0467774800,5,0x1C00,0x0000
0.0467804400,5,0x1C00,0x0000
0.0467834000,5,0x1C00,0x0000
0.0467863600,5,0x1C00,0x0000
0.0467893300,5,0x1C00,0x0000
0.0467922900,5,0x1C00,0x0000
0.0467952500,5,0x1C00,0x0000
0.0467982200,5,0x1C00,0x0000
0.0468011800,5,0x1C00,0x0000
0.0468041400,5,0x1C00,0x0000
0.0468071100,5,0x1C00,0x0000
0.0468100700,5,0x83E7,0x0000
0.0468130300,5,0xAFFF,0x0000
0.0468159900,5,0xAFFF,0x0000
0.0468189600,5,0xAFFF,0x0000
0.0468219200,5,0xAFFF,0x0000
0.0468248800,5,0xAFFF,0x0000
0.0468278500,5,0xAFFF,0x0000
0.0468308100,5,0xAFFF,0x0000
0.0468337700,5,0xAFFF,0x0000
0.0468367400,5,0xAFFF,0x0000
0.0468397000,5,0xAFFF,0x0000
0.0468426600,5,0xAFFF,0x0000
0.0468456200,5,0xAFFF,0x0000
0.0468485900,5,0xAFFF,0x0000
0.0468515500,5,0xAFFF,0x0000
0.0468545100,5,0xAFFF,0x0000
0.0468574800,5,0xAFFF,0x0000
0.0468604400,5,0x83E1,0x0000
0.0468634000,5,0x1C00,0x0000
0.0468663600,5,0x1C00,0x0000
0.0468693300,5,0x1C00,0x0000
0.0468722900,5,0x1C00,0x0000
0.0468752500,5,0x1C00,0x0000
0.0468782200,5,0x1C00,0x0000
0.0468811800,5,0x1C00,0x0000
0.0468841400,5,0x1C00,0x0000
0.0468871100,5,0x1C00,0x0000
0.0468900700,5,0x1C00,0x0000
0.0468930300,5,0x1C00,0x0000
0.0468959900,5,0x1C00,0x0000
0.0468989600,5,0x1C00,0x0000
0.0469019200,5,0x1C00,0x0000
0.0469048800,5,0x1C00,0x0000
0.0469078500,5,0x1C00,0x0000
0.0469108100,5,0x1C00,0x0000
0.0469137700,5,0x1C00,0x0000
0.0469167300,5,0x1C00,0x0000
0.0469197000,5,0x1C00,0x0000
0.0469226600,5,0x1C00,0x0000
0.0469256200,5,0x1C00,0x0000
0.0469285900,5,0x1C00,0x0000
0.0469315500,5,0x1C00,0x0000
0.0469345100,5,0x1C00,0x0000
0.0469374800,5,0x1C00,0x0000
0.0469404400,5,0x1C00,0x0000
0.0469434000,5,0x1C00,0x0000
0.0469463600,5,0x1C00,0x0000
0.0469493300,5,0x1C00,0x0000
0.0469522900,5,0x93E7,0x0000
0.0469552500,5,0xBBEF,0x0000
0.0469582200,5,0xBBEF,0x0000
0.0469611800,5,0xBBEF,0x0000
0.0469641400,5,0xBBEF,0x0000
0.0469671100,5,0xBBEF,0x0000
0.0469700700,5,0xBBEF,0x0000
0.0469730300,5,0xBBEF,0x0000
0.0469759900,5,0xBBEF,0x0000
0.0469789600,5,0xBBEF,0x0000
0.0469819200,5,0xBBEF,0x0000
0.0469848800,5,0xBBEF,0x0000
0.0469878500,5,0xBBEF,0x0000
0.0469908100,5,0xBBEF,0x0000
0.0469937700,5,0xBBEF,0x0000
0.0469967400,5,0xBBEF,0x0000
0.0469997000,5,0xBBEF,0x0000
0.0470026600,5,0x8FEF,0x0000
0.0470056300,5,0x1C00,0x0000
0.0470085900,5,0x1C00,0x0000
0.0470115500,5,0x1C00,0x0000
0.0470145100,5,0x1C00,0x0000
0.0470174800,5,0x1C00,0x0000
0.0470204400,5,0x1C00,0x0000
0.0470234000,5,0x1C00,0x0000
0.0470263600,5,0x1C00,0x0000
0.0470293300,5,0x1C00,0x0000
0.0470322900,5,0x1C00,0x0000
0.0470352500,5,0x1C00,0x0000
0.0470382200,5,0x1C00,0x0000
0.0470411800,5,0x1C00,0x0000
0.0470441400,5,0x1C00,0x0000
0.0470471100,5,0x1C00,0x0000
0.0470500700,5,0x1C00,0x0000
0.0470530300,5,0x1C00,0x0000
0.0470560000,5,0x1C00,0x0000
0.0470589600,5,0x1C00,0x0000
0.0470619200,5,0x1C00,0x0000
0.0470648800,5,0x1C00,0x0000
0.0470678500,5,0x1C00,0x0000
0.0470708100,5,0x1C00,0x0000
0.0470737700,5,0x1C00,0x0000
0.0470767400,5,0x1C00,0x0000
0.0470797000,5,0x1C00,0x0000
0.0470826600,5,0x1C00,0x0000
0.0470856200,5,0x1C00,0x0000
0.0470885900,5,0x1C00,0x0000
0.0470915500,5,0x1C00,0x0000
0.0470945100,5,0x93E7,0x0000
0.0470974800,5,0xBBEF,0x0000
0.0471004400,5,0xBBEF,0x0000
0.0471034000,5,0xBBEF,0x0000
0.0471063600,5,0xBBEF,0x0000
0.0471093300,5,0xBBEF,0x0000
0.0471122900,5,0xBBEF,0x0000
0.0471152500,5,0xBBEF,0x0000
0.0471182200,5,0xBBEF,0x0000
0.0471211800,5,0xBBEF,0x0000
0.0471241400,5,0xBBEF,0x0000
0.0471271100,5,0xBBEF,0x0000
0.0471300700,5,0xBBEF,0x0000
0.0471330300,5,0xBBEF,0x0000
0.0471360000,5,0xBBEF,0x0000
0.0471389600,5,0xBBEF,0x0000
0.0471419200,5,0xBBEF,0x0000
0.0471448800,5,0x8FEF,0x0000
0.0471478500,5,0x1C00,0x0000
0.0471508100,5,0x1C00,0x0000
0.0471537700,5,0x1C00,0x0000
0.0471567400,5,0x1C00,0x0000
0.0471597000,5,0x1C00,0x0000
0.0471626600,5,0x1C00,0x0000
0.0471656300,5,0x1C00,0x0000
0.0471685900,5,0x1C00,0x0000
0.0471715500,5,0x1C00,0x0000
0.0471745100,5,0x1C00,0x0000
0.0471774800,5,0x1C00,0x0000
0.0471804400,5,0x1C00,0x0000
0.0471834000,5,0x1C00,0x0000
0.0471863600,5,0x1C00,0x0000
0.0471893300,5,0x1C00,0x0000
0.0471922900,5,0x1C00,0x0000
0.0471952500,5,0x1C00,0x0000
0.0471982200,5,0x1C00,0x0000
0.0472011800,5,0x1C00,0x0000
0.0472041400,5,0x1C00,0x0000
0.0472071100,5,0x1C00,0x0000
0.0472100700,5,0x1C00,0x0000
0.0472130300,5,0x1C00,0x0000
0.0472160000,5,0x1C00,0x0000
0.0472189600,5,0x1C00,0x0000
0.0472219200,5,0x1C00,0x0000
0.0472248800,5,0x1C00,0x0000
0.0472278500,5,0x1C00,0x0000
0.0472308100,5,0x1C00,0x0000
0.0472337700,5,0x1C00,0x0000
0.0472367400,5,0x93E7,0x0000
0.0472397000,5,0xBBEF,0x0000
0.0472426600,5,0xBBEF,0x0000
0.0472456200,5,0xBBEF,0x0000
0.0472485900,5,0xBBEF,0x0000
0.0472515500,5,0xBBEF,0x0000
0.0472545100,5,0xBBEF,0x0000
0.0472574800,5,0xBBEF,0x0000
0.0472604400,5,0xBBEF,0x0000
0.0472634000,5,0xBBEF,0x0000
0.0472663600,5,0xBBEF,0x0000
0.0472693300,5,0xBBEF,0x0000
0.0472722900,5,0xBBEF,0x0000
0.0472752500,5,0xBBEF,0x0000
0.0472782200,5,0xBBEF,0x0000
0.0472811800,5,0xBBEF,0x0000
0.0472841400,5,0xBBEF,0x0000
0.0472871100,5,0x8FEF,0x0000
0.0472900700,5,0x1C00,0x0000
0.0472930300,5,0x1C00,0x0000
0.0472960000,5,0x1C00,0x0000
0.0472989600,5,0x1C00,0x0000
0.0473019200,5,0x1C00,0x0000
0.0473048800,5,0x1C00,0x0000
0.0473078500,5,0x1C00,0x0000
0.0473108100,5,0x1C00,0x0000
0.0473137700,5,0x1C00,0x0000
0.0473167400,5,0x1C00,0x0000
0.0473197000,5,0x1C00,0x0000
0.0473226600,5,0x1C00,0x0000
0.0473256200,5,0x1C00,0x0000
0.0473285900,5,0x1C00,0x0000
0.0473315500,5,0x1C00,0x0000
0.0473345100,5,0x1C00,0x0000
0.0473374800,5,0x1C00,0x0000
0.0473404400,5,0x1C00,0x0000
0.0473434000,5,0x1C00,0x0000
0.0473463600,5,0x1C00,0x0000
0.0473493300,5,0x1C00,0x0000
0.0473522900,5,0x1C00,0x0000
0.0473552500,5,0x1C00,0x0000
0.0473582200,5,0x1C00,0x0000
0.0473611800,5,0x1C00,0x0000
0.0473641400,5,0x1C00,0x0000
0.0473671100,5,0x1C00,0x0000
0.0473700700,5,0x1C00,0x0000
0.0473730300,5,0x1C00,0x0000
0.0473760000,5,0x1C00,0x0000
0.0473789600,5,0x93E7,0x0000
0.0473819200,5,0xBBEF,0x0000
0.0473848800,5,0xBBEF,0x0000
0.0473878500,5,0xBBEF,0x0000
0.0473908100,5,0xBBEF,0x0000
0.0473937700,5,0xBBEF,0x0000
0.0473967400,5,0xBBEF,0x0000
0.0473997000,5,0xBBEF,0x0000
0.0474026600,5,0xBBEF,0x0000
0.0474056200,5,0xBBEF,0x0000
0.0474085900,5,0xBBEF,0x0000
0.0474115500,5,0xBBEF,0x0000
0.0474145100,5,0xBBEF,0x0000
0.0474174800,5,0xBBEF,0x0000
0.0474204400,5,0xBBEF,0x0000
0.0474234000,5,0xBBEF,0x0000
0.0474263600,5,0xBBEF,0x0000
0.0474293300,5,0x8FEF,0x0000
0.0474322900,5,0x1C00,0x0000
0.0474352500,5,0x1C00,0x0000
0.0474382200,5,0x1C00,0x0000
0.0474411800,5,0x1C00,0x0000
0.0474441400,5,0x1C00,0x0000
0.0474471100,5,0x1C00,0x0000
0.0474500700,5,0x1C00,0x0000
0.0474530300,5,0x1C00,0x0000
0.0474560000,5,0x1C00,0x0000
0.0474589600,5,0x1C00,0x0000
0.0474619200,5,0x1C00,0x0000
0.0474648800,5,0x1C00,0x0000
0.0474678500,5,0x1C00,0x0000
0.0474708100,5,0x1C00,0x0000
0.0474737700,5,0x1C00,0x0000
0.0474767400,5,0x1C00,0x0000
0.0474797000,5,0x1C00,0x0000
0.0474826600,5,0x1C00,0x0000
0.0474856200,5,0x1C00,0x0000
0.0474885900,5,0x1C00,0x0000
0.0474915500,5,0x1C00,0x0000
0.0474945100,5,0x1C00,0x0000
0.0474974800,5,0x1C00,0x0000
0.0475004400,5,0x1C00,0x0000
0.0475034000,5,0x1C00,0x0000
0.0475063700,5,0x1C00,0x0000
0.0475093300,5,0x1C00,0x0000
0.0475122900,5,0x1C00,0x0000
0.0475152600,5,0x1C00,0x0000
0.0475182200,5,0x1C00,0x0000
0.0475211800,5,0x93E7,0x0000
0.0475241400,5,0xBBEF,0x0000
0.0475271100,5,0xBBEF,0x0000
0.0475300700,5,0xBBEF,0x0000
0.0475330300,5,0xBBEF,0x0000
0.0475360000,5,0xBBEF,0x0000
0.0475389600,5,0xBBEF,0x0000
0.0475419200,5,0xBBEF,0x0000
0.0475448800,5,0xBBEF,0x0000
0.0475478500,5,0xBBEF,0x0000
0.0475508100,5,0xBBEF,0x0000
0.0475537700,5,0xBBEF,0x0000
0.0475567400,5,0xBBEF,0x0000
0.0475597000,5,0xBBEF,0x0000
0.0475626600,5,0xBBEF,0x0000
0.0475656300,5,0xBBEF,0x0000
0.0475685900,5,0xBBEF,0x0000
0.0475715500,5,0x8FEF,0x0000
0.0475745100,5,0x1C00,0x0000
0.0475774800,5,0x1C00,0x0000
0.0475804400,5,0x1C00,0x0000
0.0475834000,5,0x1C00,0x0000
0.0475863700,5,0x1C00,0x0000
0.0475893300,5,0x1C00,0x0000
0.0475922900,5,0x1C00,0x0000
0.0475952500,5,0x1C00,0x0000
0.0475982200,5,0x1C00,0x0000
0.0476011800,5,0x1C00,0x0000
0.0476041400,5,0x1C00,0x0000
0.0476071100,5,0x1C00,0x0000
0.0476100700,5,0x1C00,0x0000
0.0476130300,5,0x1C00,0x0000
0.0476160000,5,0x1C00,0x0000
0.0476189600,5,0x1C00,0x0000
0.0476219200,5,0x1C00,0x0000
0.0476248800,5,0x1C00,0x0000
0.0476278500,5,0x1C00,0x0000
0.0476308100,5,0x1C00,0x0000
0.0476337700,5,0x1C00,0x0000
0.0476367400,5,0x1C00,0x0000
0.0476397000,5,0x1C00,0x0000
0.0476426600,5,0x1C00,0x0000
0.0476456300,5,0x1C00,0x0000
0.0476485900,5,0x1C00,0x0000
0.0476515500,5,0x1C00,0x0000
0.0476545100,5,0x1C00,0x0000
0.0476574800,5,0x1C00,0x0000
0.0476604400,5,0x1C00,0x0000
0.0476634000,5,0x93E7,0x0000
0.0476663600,5,0xBBEF,0x0000
0.0476693300,5,0xBBEF,0x0000
0.0476722900,5,0xBBEF,0x0000
0.0476752500,5,0xBBEF,0x0000
0.0476782200,5,0xBBEF,0x0000
0.0476811800,5,0xBBEF,0x0000
0.0476841400,5,0xBBEF,0x0000
0.0476871100,5,0xBBEF,0x0000
0.0476900700,5,0xBBEF,0x0000
0.0476930300,5,0xBBEF,0x0000
0.0476960000,5,0xBBEF,0x0000
0.0476989600,5,0xBBEF,0x0000
0.0477019200,5,0xBBEF,0x0000
0.0477048800,5,0xBBEF,0x0000
0.0477078500,5,0xBBEF,0x0000
0.0477108100,5,0xBBEF,0x0000
0.0477137700,5,0x8FEF,0x0000
0.0477167400,5,0x1C00,0x0000
0.0477197000,5,0x1C00,0x0000
0.0477226600,5,0x1C00,0x0000
0.0477256300,5,0x1C00,0x0000
0.0477285900,5,0x1C00,0x0000
0.0477315500,5,0x1C00,0x0000
0.0477345100,5,0x1C00,0x0000
0.0477374800,5,0x1C00,0x0000
0.0477404400,5,0x1C00,0x0000
0.0477434000,5,0x1C00,0x0000
0.0477463600,5,0x1C00,0x0000
0.0477493300,5,0x1C00,0x0000
0.0477522900,5,0x1C00,0x0000
0.0477552600,5,0x1C00,0x0000
0.0477582200,5,0x1C00,0x0000
0.0477611800,5,0x1C00,0x0000
0.0477641400,5,0x1C00,0x0000
0.0477671100,5,0x1C00,0x0000
0.0477700700,5,0x1C00,0x0000
0.0477730300,5,0x1C00,0x0000
0.0477760000,5,0x1C00,0x0000
0.0477789600,5,0x1C00,0x0000
0.0477819200,5,0x1C00,0x0000
0.0477848800,5,0x1C00,0x0000
0.0477878500,5,0x1C00,0x0000
0.0477908100,5,0x1C00,0x0000
0.0477937700,5,0x1C00,0x0000
0.0477967400,5,0x1C00,0x0000
0.0477997000,5,0x1C00,0x0000
0.0478026600,5,0x1C00,0x0000
0.0478056200,5,0x93E7,0x0000
0.0478085900,5,0xBBEF,0x0000
0.0478115500,5,0xBBEF,0x0000
0.0478145100,5,0xBBEF,0x0000
0.0478174800,5,0xBBEF,0x0000
0.0478204400,5,0xBBEF,0x0000
0.0478234000,5,0xBBEF,0x0000
0.0478263700,5,0xBBEF,0x0000
0.0478293300,5,0xBBEF,0x0000
0.0478322900,5,0xBBEF,0x0000
0.0478352600,5,0xBBEF,0x0000
0.0478382200,5,0xBBEF,0x0000
0.0478411800,5,0xBBEF,0x0000
0.0478441400,5,0xBBEF,0x0000
0.0478471100,5,0xBBEF,0x0000
0.0478500700,5,0xBBEF,0x0000
0.0478530300,5,0xBBEF,0x0000
0.0478560000,5,0x8FEF,0x0000
0.0478589600,5,0x1C00,0x0000
0.0478619200,5,0x1C00,0x0000
0.0478648800,5,0x1C00,0x0000
0.0478678500,5,0x1C00,0x0000
0.0478708100,5,0x1C00,0x0000
0.0478737700,5,0x1C00,0x0000
0.0478767400,5,0x1C00,0x0000
0.0478797000,5,0x1C00,0x0000
0.0478826600,5,0x1C00,0x0000
0.0478856300,5,0x1C00,0x0000
0.0478885900,5,0x1C00,0x0000
0.0478915500,5,0x1C00,0x0000
0.0478945100,5,0x1C00,0x0000
0.0478974800,5,0x1C00,0x0000
0.0479004400,5,0x1C00,0x0000
0.0479034000,5,0x1C00,0x0000
0.0479063700,5,0x1C00,0x0000
0.0479093300,5,0x1C00,0x0000
0.0479122900,5,0x1C00,0x0000
0.0479152600,5,0x1C00,0x0000
0.0479182200,5,0x1C00,0x0000
0.0479211800,5,0x1C00,0x0000
0.0479241400,5,0x1C00,0x0000
0.0479271100,5,0x1C00,0x0000
0.0479300700,5,0x1C00,0x0000
0.0479330300,5,0x1C00,0x0000
0.0479360000,5,0x1C00,0x0000
0.0479389600,5,0x1C00,0x0000
0.0479419200,5,0x1C00,0x0000
0.0479448900,5,0x1C00,0x0000
0.0479478500,5,0x93E7,0x0000
0.0479508100,5,0xBBEF,0x0000
0.0479537700,5,0xBBEF,0x0000
0.0479567400,5,0xBBEF,0x0000
0.0479597000,5,0xBBEF,0x0000
0.0479626600,5,0xBBEF,0x0000
0.0479656300,5,0xBBEF,0x0000
0.0479685900,5,0xBBEF,0x0000
0.0479715500,5,0xBBEF,0x0000
0.0479745100,5,0xBBEF,0x0000
0.0479774800,5,0xBBEF,0x0000
0.0479804400,5,0xBBEF,0x0000
0.0479834000,5,0xBBEF,0x0000
0.0479863700,5,0xBBEF,0x0000
0.0479893300,5,0xBBEF,0x0000
0.0479922900,5,0xBBEF,0x0000
0.0479952600,5,0xBBEF,0x0000
0.0479982200,5,0x8FEF,0x0000
0.0480011800,5,0x1C00,0x0000
0.0480041400,5,0x1C00,0x0000
0.0480071100,5,0x1C00,0x0000
0.0480100700,5,0x1C00,0x0000
0.0480130300,5,0x1C00,0x0000
0.0480160000,5,0x1C00,0x0000
0.0480189600,5,0x1C00,0x0000
0.0480219200,5,0x1C00,0x0000
0.0480248900,5,0x1C00,0x0000
0.0480278500,5,0x1C00,0x0000
0.0480308100,5,0x1C00,0x0000
0.0480337700,5,0x1C00,0x0000
0.0480367400,5,0x1C00,0x0000
0.0480397000,5,0x1C00,0x0000
0.0480426600,5,0x1C00,0x0000
0.0480456300,5,0x1C00,0x0000
0.0480485900,5,0x1C00,0x0000
0.0480515500,5,0x1C00,0x0000
0.0480545100,5,0x1C00,0x0000
0.0480574800,5,0x1C00,0x0000
0.0480604400,5,0x1C00,0x0000
0.0480634000,5,0x1C00,0x0000
0.0480663700,5,0x1C00,0x0000
0.0480693300,5,0x1C00,0x0000
0.0480722900,5,0x1C00,0x0000
0.0480752600,5,0x1C00,0x0000
0.0480782200,5,0x1C00,0x0000
0.0480811800,5,0x1C00,0x0000
0.0480841400,5,0x1C00,0x0000
0.0480871100,5,0x1C00,0x0000
0.0480900700,5,0x83E1,0x0000
0.0480930300,5,0xAFF6,0x0000
0.0480960000,5,0xAFF6,0x0000
0.0480989600,5,0xAFF6,0x0000
0.0481019200,5,0xAFF6,0x0000
0.0481048900,5,0xAFF6,0x0000
0.0481078500,5,0xAFF6,0x0000
0.0481108100,5,0xAFF6,0x0000
0.0481137700,5,0xAFF6,0x0000
0.0481167400,5,0xAFF6,0x0000
0.0481197000,5,0xAFF6,0x0000
0.0481226600,5,0xAFF6,0x0000
0.0481256300,5,0xAFF6,0x0000
0.0481285900,5,0xAFF6,0x0000
0.0481315500,5,0xAFF6,0x0000
0.0481345100,5,0xAFF6,0x0000
0.0481374800,5,0xAFF6,0x0000
0.0481404400,5,0x83E1,0x0000
0.0481434000,5,0x1C00,0x0000
0.0481463700,5,0x1C00,0x0000
0.0481493300,5,0x1C00,0x0000
0.0481522900,5,0x1C00,0x0000
0.0481552600,5,0x1C00,0x0000
0.0481582200,5,0x1C00,0x0000
0.0481611800,5,0x1C00,0x0000
0.0481641400,5,0x1C00,0x0000
0.0481671100,5,0x1C00,0x0000
0.0481700700,5,0x1C00,0x0000
0.0481730300,5,0x1C00,0x0000
0.0481760000,5,0x1C00,0x0000
0.0481789600,5,0x1C00,0x0000
0.0481819200,5,0x1C00,0x0000
0.0481848900,5,0x1C00,0x0000
0.0481878500,5,0x1C00,0x0000
0.0481908100,5,0x1C00,0x0000
0.0481937700,5,0x1C00,0x0000
0.0481967400,5,0x1C00,0x0000
0.0481997000,5,0x1C00,0x0000
0.0482026600,5,0x1C00,0x0000
0.0482056300,5,0x1C00,0x0000
0.0482085900,5,0x1C00,0x0000
0.0482115500,5,0x1C00,0x0000
0.0482145100,5,0x1C00,0x0000
0.0482174800,5,0x1C00,0x0000
0.0482204400,5,0x1C00,0x0000
0.0482234000,5,0x1C00,0x0000
0.0482263700,5,0x1C00,0x0000
0.0482293300,5,0x1C00,0x0000
0.0482322900,5,0x1C00,0x0000
0.0482352600,5,0x1C00,0x0000
0.0482382200,5,0x1C00,0x0000
0.0482411800,5,0x1C00,0x0000
0.0482441400,5,0x1C00,0x0000
0.0482471100,5,0x1C00,0x0000
0.0482500700,5,0x1C00,0x0000
0.0482530300,5,0x1C00,0x0000
0.0482560000,5,0x1C00,0x0000
0.0482589600,5,0x1C00,0x0000
0.0482619200,5,0x1C00,0x0000
0.0482648900,5,0x1C00,0x0000
0.0482678500,5,0x1C00,0x0000
0.0482708100,5,0x1C00,0x0000
0.0482737700,5,0x1C00,0x0000
0.0482767400,5,0x1C00,0x0000
0.0482797000,5,0x1C00,0x0000
0.0482826600,5,0x1C00,0x0000
0.0482856300,5,0x1C00,0x0000
0.0482885900,5,0x1C00,0x0000
0.0482915500,5,0x1C00,0x0000
0.0482945100,5,0x1C00,0x0000
0.0482974800,5,0x1C00,0x0000
0.0483004400,5,0x1C00,0x0000
0.0483034000,5,0x1C00,0x0000
0.0483063700,5,0x1C00,0x0000
0.0483093300,5,0x1C00,0x0000
0.0483122900,5,0x1C00,0x0000
0.0483152600,5,0x1C00,0x0000
0.0483182200,5,0x1C00,0x0000
0.0483211800,5,0x1C00,0x0000
0.0483241400,5,0x1C00,0x0000
0.0483271100,5,0x1C00,0x0000
0.0483300700,5,0x1C00,0x0000
0.0483330300,5,0x1C00,0x0000
0.0483360000,5,0x1C00,0x0000
0.0483389600,5,0x1C00,0x0000
0.0483419200,5,0x1C00,0x0000
0.0483448900,5,0x1C00,0x0000
0.0483478500,5,0x1C00,0x0000
0.0483508100,5,0x1C00,0x0000
0.0483537700,5,0x1C00,0x0000
0.0483567400,5,0x1C00,0x0000
0.0483597000,5,0x1C00,0x0000
0.0483626600,5,0x1C00,0x0000
0.0483656300,5,0x1C00,0x0000
0.0483685900,5,0x1C00,0x0000
0.0483715500,5,0x1C00,0x0000
0.0483745100,5,0x1C00,0x0000
0.0483774800,5,0x1C00,0x0000
0.0483804400,5,0x1C00,0x0000
0.0483834000,5,0x1C00,0x0000
0.0483863700,5,0x1C00,0x0000
0.0483893300,5,0x1C00,0x0000
0.0483922900,5,0x1C00,0x0000
0.0483952600,5,0x1C00,0x0000
0.0483982200,5,0x1C00,0x0000
0.0484011800,5,0x1C00,0x0000
0.0484041500,5,0x1C00,0x0000
0.0484071100,5,0x1C00,0x0000
0.0484100700,5,0x1C00,0x0000
0.0484130300,5,0x1C00,0x0000
0.0484160000,5,0x1C00,0x0000
0.0484189600,5,0x1C00,0x0000
0.0484219200,5,0x1C00,0x0000
0.0484248900,5,0x1C00,0x0000
0.0484278500,5,0x1C00,0x0000
0.0484308100,5,0x1C00,0x0000
0.0484337700,5,0x1C00,0x0000
0.0484367400,5,0x1C00,0x0000
0.0484397000,5,0x1C00,0x0000
0.0484426600,5,0x1C00,0x0000
0.0484456300,5,0x1C00,0x0000
0.0484485900,5,0x1C00,0x0000
0.0484515500,5,0x1C00,0x0000
0.0484545100,5,0x1C00,0x0000
0.0484574800,5,0x1C00,0x0000
0.0484604400,5,0x1C00,0x0000
0.0484634000,5,0x1C00,0x0000
0.0484663700,5,0x1C00,0x0000
0.0484693300,5,0x1C00,0x0000
0.0484722900,5,0x1C00,0x0000
0.0484752600,5,0x1C00,0x0000
0.0484782200,5,0x1C00,0x0000
0.0484811800,5,0x1C00,0x0000
0.0484841500,5,0x1C00,0x0000
0.0484871100,5,0x1C00,0x0000
0.0484900700,5,0x1C00,0x0000
0.0484930300,5,0x1C00,0x0000
0.0484960000,5,0x1C00,0x0000
0.0484989600,5,0x1C00,0x0000
0.0485019200,5,0x1C00,0x0000
0.0485048900,5,0x1C00,0x0000
0.0485078500,5,0x1C00,0x0000
0.0485108100,5,0x1C00,0x0000
0.0485137700,5,0x1C00,0x0000
0.0485167400,5,0x1C00,0x0000
0.0485197000,5,0x1C00,0x0000
0.0485226600,5,0x1C00,0x0000
0.0485256300,5,0x1C00,0x0000
0.0485285900,5,0x1C00,0x0000
0.0485315500,5,0x1C00,0x0000
0.0485345100,5,0x1C00,0x0000
0.0485374800,5,0x1C00,0x0000
0.0485404400,5,0x1C00,0x0000
0.0485434000,5,0x1C00,0x0000
0.0485463700,5,0x1C00,0x0000
0.0485493300,5,0x1C00,0x0000
0.0485522900,5,0x1C00,0x0000
0.0485552600,5,0x1C00,0x0000
0.0485582200,5,0x1C00,0x0000
0.0485611800,5,0x1C00,0x0000
0.0485641500,5,0x1C00,0x0000
0.0485671100,5,0x1C00,0x0000
0.0485700700,5,0x1C00,0x0000
0.0485730300,5,0x1C00,0x0000
0.0485760000,5,0x1C00,0x0000
0.0485789600,5,0x1C00,0x0000
0.0485819200,5,0x1C00,0x0000
0.0485848900,5,0x1C00,0x0000
0.0485878500,5,0x1C00,0x0000
0.0485908100,5,0x1C00,0x0000
0.0485937800,5,0x1C00,0x0000
0.0485967400,5,0x1C00,0x0000
0.0485997000,5,0x1C00,0x0000
0.0486026600,5,0x1C00,0x0000
0.0486056300,5,0x1C00,0x0000
0.0486085900,5,0x1C00,0x0000
0.0486115500,5,0x1C00,0x0000
0.0486145100,5,0x1C00,0x0000
0.0486174800,5,0x1C00,0x0000
0.0486204400,5,0x1C00,0x0000
0.0486234000,5,0x1C00,0x0000
0.0486263700,5,0x1C00,0x0000
0.0486293300,5,0x1C00,0x0000
0.0486322900,5,0x1C00,0x0000
0.0486352600,5,0x1C00,0x0000
0.0486382200,5,0x1C00,0x0000
0.0486411800,5,0x1C00,0x0000
0.0486441500,5,0x1C00,0x0000
0.0486471100,5,0x1C00,0x0000
0.0486500700,5,0x1C00,0x0000
0.0486530300,5,0x1C00,0x0000
0.0486560000,5,0x1C00,0x0000
0.0486589600,5,0x1C00,0x0000
0.0486619200,5,0x1C00,0x0000
0.0486648900,5,0x1C00,0x0000
0.0486678500,5,0x1C00,0x0000
0.0486708100,5,0x1C00,0x0000
0.0486737800,5,0x1C00,0x0000
0.0486767400,5,0x1C00,0x0000
0.0486797000,5,0x1C00,0x0000
0.0486826600,5,0x1C00,0x0000
0.0486856300,5,0x1C00,0x0000
0.0486885900,5,0x1C00,0x0000
0.0486915500,5,0x1C00,0x0000
0.0486945100,5,0x1C00,0x0000
0.0486974800,5,0x1C00,0x0000
0.0487004400,5,0x1C00,0x0000
0.0487034000,5,0x1C00,0x0000
0.0487063700,5,0x1C00,0x0000
0.0487093300,5,0x1C00,0x0000
0.0487122900,5,0x1C00,0x0000
0.0487152600,5,0x1C00,0x0000
0.0487182200,5,0x1C00,0x0000
0.0487211800,5,0x1C00,0x0000
0.0487241500,5,0x1C00,0x0000
0.0487271100,5,0x1C00,0x0000
0.0487300700,5,0x1C00,0x0000
0.0487330300,5,0x1C00,0x0000
0.0487360000,5,0x1C00,0x0000
0.0487389600,5,0x1C00,0x0000
0.0487419200,5,0x1C00,0x0000
0.0487448900,5,0x1C00,0x0000
0.0487478500,5,0x1C00,0x0000
0.0487508100,5,0x1C00,0x0000
0.0487537800,5,0x1C00,0x0000
0.0487567400,5,0x1C00,0x0000
0.0487597000,5,0x1C00,0x0000
0.0487626600,5,0x1C00,0x0000
0.0487656300,5,0x1C00,0x0000
0.0487685900,5,0x1C00,0x0000
0.0487715500,5,0x1C00,0x0000
0.0487745200,5,0x1C00,0x0000
0.0487774800,5,0x1C00,0x0000
0.0487804400,5,0x1C00,0x0000
0.0487834000,5,0x1C00,0x0000
0.0487863700,5,0x1C00,0x0000
0.0487893300,5,0x1C00,0x0000
0.0487922900,5,0x1C00,0x0000
0.0487952600,5,0x1C00,0x0000
0.0487982200,5,0x1C00,0x0000
0.0488011800,5,0x1C00,0x0000
0.0488041500,5,0x1C00,0x0000
0.0488071100,5,0x1C00,0x0000
0.0488100700,5,0x1C00,0x0000
0.0488130300,5,0x1C00,0x0000
0.0488160000,5,0x1C00,0x0000
0.0488189600,5,0x1C00,0x0000
0.0488219200,5,0x1C00,0x0000
0.0488248900,5,0x1C00,0x0000
0.0488278500,5,0x1C00,0x0000
0.0488308100,5,0x1C00,0x0000
0.0488337800,5,0x1C00,0x0000
0.0488367400,5,0x1C00,0x0000
0.0488397000,5,0x1C00,0x0000
0.0488426600,5,0x1C00,0x0000
0.0488456300,5,0x1C00,0x0000
0.0488485900,5,0x1C00,0x0000
0.0488515500,5,0x1C00,0x0000
0.0488545100,5,0x1C00,0x0000
0.0488574800,5,0x1C00,0x0000
0.0488604400,5,0x1C00,0x0000
0.0488634100,5,0x1C00,0x0000
0.0488663700,5,0x1C00,0x0000
0.0488693300,5,0x1C00,0x0000
0.0488722900,5,0x1C00,0x0000
0.0488752600,5,0x1C00,0x0000
0.0488782200,5,0x1C00,0x0000
0.0488811800,5,0x1C00,0x0000
0.0488841500,5,0x1C00,0x0000
0.0488871100,5,0x1C00,0x0000
0.0488900700,5,0x1C00,0x0000
0.0488930300,5,0x1C00,0x0000
0.0488960000,5,0x1C00,0x0000
0.0488989600,5,0x1C00,0x0000
0.0489019200,5,0x1C00,0x0000
0.0489048900,5,0x1C00,0x0000
0.0489078500,5,0x1C00,0x0000
0.0489108100,5,0x1C00,0x0000
0.0489137800,5,0x1C00,0x0000
0.0489167400,5,0x1C00,0x0000
0.0489197000,5,0x1C00,0x0000
0.0489226600,5,0x1C00,0x0000
0.0489256300,5,0x1C00,0x0000
0.0489285900,5,0x1C00,0x0000
0.0489315500,5,0x1C00,0x0000
0.0489345200,5,0x1C00,0x0000
0.0489374800,5,0x1C00,0x0000
0.0489404400,5,0x1C00,0x0000
0.0489434100,5,0x1C00,0x0000
0.0489463700,5,0x1C00,0x0000
0.0489493300,5,0x1C00,0x0000
0.0489522900,5,0x1C00,0x0000
0.0489552600,5,0x1C00,0x0000
0.0489582200,5,0x1C00,0x0000
0.0489611800,5,0x1C00,0x0000
0.0489641500,5,0x1C00,0x0000
0.0489671100,5,0x1C00,0x0000
0.0489700700,5,0x1C00,0x0000
0.0489730300,5,0x1C00,0x0000
0.0489760000,5,0x1C00,0x0000
0.0489789600,5,0x1C00,0x0000
0.0489819200,5,0x1C00,0x0000
0.0489848900,5,0x1C00,0x0000
0.0489878500,5,0x1C00,0x0000
0.0489908100,5,0x1C00,0x0000
0.0489937800,5,0x1C00,0x0000
0.0489967400,5,0x1C00,0x0000
0.0489997000,5,0x1C00,0x0000
0.0490026600,5,0x1C00,0x0000
0.0490056300,5,0x1C00,0x0000
0.0490085900,5,0x1C00,0x0000
0.0490115500,5,0x1C00,0x0000
0.0490145200,5,0x1C00,0x0000
0.0490174800,5,0x1C00,0x0000
0.0490204400,5,0x1C00,0x0000
0.0490234100,5,0x1C00,0x0000
0.0490263700,5,0x1C00,0x0000
0.0490293300,5,0x1C00,0x0000
0.0490322900,5,0x1C00,0x0000
0.0490352600,5,0x1C00,0x0000
0.0490382200,5,0x1C00,0x0000
0.0490411800,5,0x1C00,0x0000
0.0490441500,5,0x1C00,0x0000
0.0490471100,5,0x1C00,0x0000
0.0490500700,5,0x1C00,0x0000
0.0490530300,5,0x1C00,0x0000
0.0490560000,5,0x1C00,0x0000
0.0490589600,5,0x1C00,0x0000
0.0490619200,5,0x1C00,0x0000
0.0490648900,5,0x1C00,0x0000
0.0490678500,5,0x1C00,0x0000
0.0490708100,5,0x1C00,0x0000
0.0490737800,5,0x1C00,0x0000
0.0490767400,5,0x1C00,0x0000
0.0490797000,5,0x1C00,0x0000
0.0490826600,5,0x1C00,0x0000
0.0490856300,5,0x1C00,0x0000
0.0490885900,5,0x1C00,0x0000
0.0490915500,5,0x1C00,0x0000
0.0490945200,5,0x1C00,0x0000
0.0490974800,5,0x1C00,0x0000
0.0491004400,5,0x1C00,0x0000
0.0491034100,5,0x1C00,0x0000
0.0491063700,5,0x1C00,0x0000
0.0491093300,5,0x1C00,0x0000
0.0491122900,5,0x1C00,0x0000
0.0491152600,5,0x1C00,0x0000
0.0491182200,5,0x1C00,0x0000
0.0491211800,5,0x1C00,0x0000
0.0491241500,5,0x1C00,0x0000
0.0491271100,5,0x1C00,0x0000
0.0491300700,5,0x1C00,0x0000
0.0491330300,5,0x1C00,0x0000
0.0491360000,5,0x1C00,0x0000
0.0491389600,5,0x1C00,0x0000
0.0491419200,5,0x1C00,0x0000
0.0491448900,5,0x1C00,0x0000
0.0491478500,5,0x1C00,0x0000
0.0491508100,5,0x1C00,0x0000
0.0491537800,5,0x1C00,0x0000
0.0491567400,5,0x1C00,0x0000
0.0491597000,5,0x1C00,0x0000
0.0491626600,5,0x1C00,0x0000
0.0491656300,5,0x1C00,0x0000
0.0491685900,5,0x1C00,0x0000
0.0491715500,5,0x1C00,0x0000
0.0491745200,5,0x1C00,0x0000
0.0491774800,5,0x1C00,0x0000
0.0491804400,5,0x1C00,0x0000
0.0491834100,5,0x1C00,0x0000
0.0491863700,5,0x1C00,0x0000
0.0491893300,5,0x1C00,0x0000
0.0491922900,5,0x1C00,0x0000
0.0491952600,5,0x1C00,0x0000
0.0491982200,5,0x1C00,0x0000
0.0492011800,5,0x1C00,0x0000
0.0492041500,5,0x1C00,0x0000
0.0492071100,5,0x1C00,0x0000
0.0492100700,5,0x1C00,0x0000
0.0492130400,5,0x1C00,0x0000
0.0492160000,5,0x1C00,0x0000
0.0492189600,5,0x1C00,0x0000
0.0492219200,5,0x1C00,0x0000
0.0492248900,5,0x1C00,0x0000
0.0492278500,5,0x1C00,0x0000
0.0492308100,5,0x1C00,0x0000
0.0492337800,5,0x1C00,0x0000
0.0492367400,5,0x1C00,0x0000
0.0492397000,5,0x1C00,0x0000
0.0492426600,5,0x1C00,0x0000
0.0492456300,5,0x1C00,0x0000
0.0492485900,5,0x1C00,0x0000
0.0492515500,5,0x1C00,0x0000
0.0492545200,5,0x1C00,0x0000
0.0492574800,5,0x1C00,0x0000
0.0492604400,5,0x1C00,0x0000
0.0492634100,5,0x1C00,0x0000
0.0492663700,5,0x1C00,0x0000
0.0492693300,5,0x1C00,0x0000
0.0492722900,5,0x1C00,0x0000
0.0492752600,5,0x1C00,0x0000
0.0492782200,5,0x1C00,0x0000
0.0492811800,5,0x1C00,0x0000
0.0492841500,5,0x1C00,0x0000
0.0492871100,5,0x1C00,0x0000
0.0492900700,5,0x1C00,0x0000
0.0492930400,5,0x1C00,0x0000
0.0492960000,5,0x1C00,0x0000
0.0492989600,5,0x1C00,0x0000
0.0493019200,5,0x1C00,0x0000
0.0493048900,5,0x1C00,0x0000
0.0493078500,5,0x1C00,0x0000
0.0493108100,5,0x1C00,0x0000
0.0493137800,5,0x1C00,0x0000
0.0493167400,5,0x1C00,0x0000
0.0493197000,5,0x1C00,0x0000
0.0493226600,5,0x1C00,0x0000
0.0493256300,5,0x0000,0x0000
0.0493285900,5,0x0000,0x0000
0.0493315500,5,0x0000,0x0000
0.0539523100,6,0x55AA,0x0000
0.0539552600,6,0x2DEC,0x0000
0.0539582300,6,0x01FF,0x0000
0.0539611900,6,0x1C00,0x0000
0.0539641500,6,0x1C00,0x0000
0.0539671100,6,0x1C00,0x0000
0.0539700800,6,0x1C00,0x0000
0.0539730400,6,0x1C00,0x0000
0.0539760000,6,0x1C00,0x0000
0.0539789700,6,0x1C00,0x0000
0.0539819300,6,0x1C00,0x0000
0.0539848900,6,0x1C00,0x0000
0.0539878600,6,0x1C00,0x0000
0.0539908200,6,0x1C00,0x0000
0.0539937800,6,0x1C00,0x0000
0.0539967500,6,0x1C00,0x0000
0.0539997100,6,0x1C00,0x0000
0.0540026700,6,0x1C00,0x0000
0.0540056300,6,0x1C00,0x0000
0.0540086000,6,0x1C00,0x0000
0.0540115600,6,0x1C00,0x0000
0.0540145200,6,0x1C00,0x0000
0.0540174900,6,0x1C00,0x0000
0.0540204500,6,0x1C00,0x0000
0.0540234100,6,0x1C00,0x0000
0.0540263800,6,0x1C00,0x0000
0.0540293400,6,0x1C00,0x0000
0.0540323000,6,0x1C00,0x0000
0.0540352600,6,0x1C00,0x0000
0.0540382300,6,0x1C00,0x0000
0.0540411900,6,0x1C00,0x0000
0.0540441500,6,0x1C00,0x0000
0.0540471100,6,0x1C00,0x0000
0.0540500800,6,0x1C00,0x0000
0.0540530400,6,0x1C00,0x0000
0.0540560000,6,0x1C00,0x0000
0.0540589700,6,0x1C00,0x0000
0.0540619300,6,0x1C00,0x0000
0.0540648900,6,0x1C00,0x0000
0.0540678600,6,0x1C00,0x0000
0.0540708200,6,0x1C00,0x0000
0.0540737800,6,0x1C00,0x0000
0.0540767500,6,0x1C00,0x0000
0.0540797100,6,0x1C00,0x0000
0.0540826700,6,0x1C00,0x0000
0.0540856300,6,0x1C00,0x0000
0.0540886000,6,0x1C00,0x0000
0.0540915600,6,0x1C00,0x0000
0.0540945200,6,0x1C00,0x0000
0.0540974900,6,0x1C00,0x0000
0.0541004500,6,0x1C00,0x0000
0.0541034100,6,0x1C00,0x0000
0.0541063700,6,0x1C00,0x0000
0.0541093400,6,0x1C00,0x0000
0.0541123000,6,0x1C00,0x0000
0.0541152600,6,0x1C00,0x0000
0.0541182300,6,0x1C00,0x0000
0.0541211900,6,0x1C00,0x0000
0.0541241500,6,0x1C00,0x0000
0.0541271200,6,0x1C00,0x0000
0.0541300800,6,0x1C00,0x0000
0.0541330400,6,0x1C00,0x0000
0.0541360100,6,0x1C00,0x0000
0.0541389700,6,0x1C00,0x0000
0.0541419300,6,0x1C00,0x0000
0.0541448900,6,0x1C00,0x0000
0.0541478600,6,0x1C00,0x0000
0.0541508200,6,0x1C00,0x0000
0.0541537800,6,0x1C00,0x0000
0.0541567500,6,0x1C00,0x0000
0.0541597100,6,0x1C00,0x0000
0.0541626700,6,0x1C00,0x0000
0.0541656300,6,0x1C00,0x0000
0.0541686000,6,0x1C00,0x0000
0.0541715600,6,0x1C00,0x0000
0.0541745200,6,0x1C00,0x0000
0.0541774900,6,0x1C00,0x0000
0.0541804500,6,0x1C00,0x0000
0.0541834100,6,0x1C00,0x0000
0.0541863800,6,0x1C00,0x0000
0.0541893400,6,0x1C00,0x0000
0.0541923000,6,0x1C00,0x0000
0.0541952600,6,0x1C00,0x0000
0.0541982300,6,0x1C00,0x0000
0.0542011900,6,0x1C00,0x0000
0.0542041500,6,0x1C00,0x0000
0.0542071200,6,0x1C00,0x0000
0.0542100800,6,0x1C00,0x0000
0.0542130400,6,0x1C00,0x0000
0.0542160100,6,0x1C00,0x0000
0.0542189700,6,0x1C00,0x0000
0.0542219300,6,0x1C00,0x0000
0.0542248900,6,0x1C00,0x0000
0.0542278600,6,0x1C00,0x0000
0.0542308200,6,0x1C00,0x0000
0.0542337800,6,0x1C00,0x0000
0.0542367500,6,0x1C00,0x0000
0.0542397100,6,0x1C00,0x0000
0.0542426700,6,0x1C00,0x0000
0.0542456300,6,0x1C00,0x0000
0.0542486000,6,0x1C00,0x0000
0.0542515600,6,0x1C00,0x0000
0.0542545200,6,0x1C00,0x0000
0.0542574900,6,0x1C00,0x0000
0.0542604500,6,0x1C00,0x0000
0.0542634100,6,0x1C00,0x0000
0.0542663800,6,0x1C00,0x0000
0.0542693400,6,0x1C00,0x0000
0.0542723000,6,0x1C00,0x0000
0.0542752600,6,0x1C00,0x0000
0.0542782300,6,0x1C00,0x0000
0.0542811900,6,0x1C00,0x0000
0.0542841500,6,0x1C00,0x0000
0.0542871100,6,0x1C00,0x0000
0.0542900800,6,0x1C00,0x0000
0.0542930400,6,0x1C00,0x0000
0.0542960100,6,0x1C00,0x0000
0.0542989700,6,0x1C00,0x0000
0.0543019300,6,0x1C00,0x0000
0.0543048900,6,0x1C00,0x0000
0.0543078600,6,0x1C00,0x0000
0.0543108200,6,0x1C00,0x0000
0.0543137800,6,0x1C00,0x0000
0.0543167500,6,0x1C00,0x0000
0.0543197100,6,0x1C00,0x0000
0.0543226700,6,0x1C00,0x0000
0.0543256300,6,0x1C00,0x0000
0.0543286000,6,0x1C00,0x0000
0.0543315600,6,0x1C00,0x0000
0.0543345200,6,0x1C00,0x0000
0.0543374900,6,0x1C00,0x0000
0.0543404500,6,0x1C00,0x0000
0.0543434100,6,0x1C00,0x0000
0.0543463800,6,0x1C00,0x0000
0.0543493400,6,0x1C00,0x0000
0.0543523000,6,0x1C00,0x0000
0.0543552600,6,0x1C00,0x0000
0.0543582300,6,0x1C00,0x0000
0.0543611900,6,0x1C00,0x0000
0.0543641500,6,0x1C00,0x0000
0.0543671200,6,0x1C00,0x0000
0.0543700800,6,0x1C00,0x0000
0.0543730400,6,0x1C00,0x0000
0.0543760100,6,0x1C00,0x0000
0.0543789700,6,0x1C00,0x0000
0.0543819300,6,0x1C00,0x0000
0.0543848900,6,0x1C00,0x0000
0.0543878600,6,0x1C00,0x0000
0.0543908200,6,0x1C00,0x0000
0.0543937800,6,0x1C00,0x0000
0.0543967500,6,0x1C00,0x0000
0.0543997100,6,0x1C00,0x0000
0.0544026700,6,0x1C00,0x0000
0.0544056300,6,0x1C00,0x0000
0.0544086000,6,0x1C00,0x0000
0.0544115600,6,0x1C00,0x0000
0.0544145200,6,0x1C00,0x0000
0.0544174900,6,0x1C00,0x0000
0.0544204500,6,0x1C00,0x0000
0.0544234100,6,0x1C00,0x0000
0.0544263800,6,0x1C00,0x0000
0.0544293400,6,0x1C00,0x0000
0.0544323000,6,0x1C00,0x0000
0.0544352600,6,0x1C00,0x0000
0.0544382300,6,0x1C00,0x0000
0.0544411900,6,0x1C00,0x0000
0.0544441500,6,0x1C00,0x0000
0.0544471200,6,0x1C00,0x0000
0.0544500800,6,0x1C00,0x0000
0.0544530400,6,0x1C00,0x0000
0.0544560100,6,0x1C00,0x0000
0.0544589700,6,0x1C00,0x0000
0.0544619300,6,0x1C00,0x0000
0.0544648900,6,0x1C00,0x0000
0.0544678600,6,0x1C00,0x0000
0.0544708200,6,0x1C00,0x0000
0.0544737800,6,0x1C00,0x0000
0.0544767500,6,0x1C00,0x0000
0.0544797100,6,0x1C00,0x0000
0.0544826700,6,0x1C00,0x0000
0.0544856400,6,0x1C00,0x0000
0.0544886000,6,0x1C00,0x0000
0.0544915600,6,0x1C00,0x0000
0.0544945200,6,0x1C00,0x0000
0.0544974900,6,0x1C00,0x0000
0.0545004500,6,0x1C00,0x0000
0.0545034100,6,0x1C00,0x0000
0.0545063800,6,0x1C00,0x0000
0.0545093400,6,0x1C00,0x0000
0.0545123000,6,0x1C00,0x0000
0.0545152600,6,0x1C00,0x0000
0.0545182300,6,0x1C00,0x0000
0.0545211900,6,0x1C00,0x0000
0.0545241500,6,0x1C00,0x0000
0.0545271200,6,0x1C00,0x0000
0.0545300800,6,0x1C00,0x0000
0.0545330400,6,0x1C00,0x0000
0.0545360100,6,0x1C00,0x0000
0.0545389700,6,0x1C00,0x0000
0.0545419300,6,0x1C00,0x0000
0.0545448900,6,0x1C00,0x0000
0.0545478600,6,0x1C00,0x0000
0.0545508200,6,0x1C00,0x0000
0.0545537800,6,0x1C00,0x0000
0.0545567500,6,0x1C00,0x0000
0.0545597100,6,0x1C00,0x0000
0.0545626700,6,0x1C00,0x0000
0.0545656300,6,0x1C00,0x0000
0.0545686000,6,0x1C00,0x0000
0.0545715600,6,0x1C00,0x0000
0.0545745200,6,0x1C00,0x0000
0.0545774900,6,0x1C00,0x0000
0.0545804500,6,0x1C00,0x0000
0.0545834100,6,0x1C00,0x0000
0.0545863800,6,0x1C00,0x0000
0.0545893400,6,0x1C00,0x0000
0.0545923000,6,0x1C00,0x0000
0.0545952600,6,0x1C00,0x0000
0.0545982300,6,0x1C00,0x0000
0.0546011900,6,0x1C00,0x0000
0.0546041500,6,0x1C00,0x0000
0.0546071200,6,0x1C00,0x0000
0.0546100800,6,0x1C00,0x0000
0.0546130400,6,0x1C00,0x0000
0.0546160100,6,0x1C00,0x0000
0.0546189700,6,0x1C00,0x0000
0.0546219300,6,0x1C00,0x0000
0.0546248900,6,0x1C00,0x0000
0.0546278600,6,0x1C00,0x0000
0.0546308200,6,0x1C00,0x0000
0.0546337800,6,0x1C00,0x0000
0.0546367500,6,0x1C00,0x0000
0.0546397100,6,0x1C00,0x0000
0.0546426700,6,0x1C00,0x0000
0.0546456400,6,0x1C00,0x0000
0.0546486000,6,0x1C00,0x0000
0.0546515600,6,0x1C00,0x0000
0.0546545200,6,0x1C00,0x0000
0.0546574900,6,0x1C00,0x0000
0.0546604500,6,0x1C00,0x0000
0.0546634100,6,0x1C00,0x0000
0.0546663800,6,0x1C00,0x0000
0.0546693400,6,0x1C00,0x0000
0.0546723000,6,0x1C00,0x0000
0.0546752600,6,0x1C00,0x0000
0.0546782300,6,0x1C00,0x0000
0.0546811900,6,0x1C00,0x0000
0.0546841500,6,0x1C00,0x0000
0.0546871200,6,0x1C00,0x0000
0.0546900800,6,0x1C00,0x0000
0.0546930400,6,0x1C00,0x0000
0.0546960100,6,0x1C00,0x0000
0.0546989700,6,0x1C00,0x0000
0.0547019300,6,0x1C00,0x0000
0.0547048900,6,0x1C00,0x0000
0.0547078600,6,0x1C00,0x0000
0.0547108200,6,0x1C00,0x0000
0.0547137800,6,0x1C00,0x0000
0.0547167500,6,0x1C00,0x0000
0.0547197100,6,0x1C00,0x0000
0.0547226700,6,0x1C00,0x0000
0.0547256400,6,0x1C00,0x0000
0.0547286000,6,0x1C00,0x0000
0.0547315600,6,0x1C00,0x0000
0.0547345200,6,0x1C00,0x0000
0.0547374900,6,0x1C00,0x0000
0.0547404500,6,0x1C00,0x0000
0.0547434100,6,0x1C00,0x0000
0.0547463800,6,0x1C00,0x0000
0.0547493400,6,0x1C00,0x0000
0.0547523000,6,0x1C00,0x0000
0.0547552600,6,0x1C00,0x0000
0.0547582300,6,0x1C00,0x0000
0.0547611900,6,0x1C00,0x0000
0.0547641500,6,0x1C00,0x0000
0.0547671200,6,0x1C00,0x0000
0.0547700800,6,0x1C00,0x0000
0.0547730400,6,0x1C00,0x0000
0.0547760100,6,0x1C00,0x0000
0.0547789700,6,0x1C00,0x0000
0.0547819300,6,0x1C00,0x0000
0.0547848900,6,0x1C00,0x0000
0.0547878600,6,0x1C00,0x0000
0.0547908200,6,0x1C00,0x0000
0.0547937800,6,0x1C00,0x0000
0.0547967500,6,0x1C00,0x0000
0.0547997100,6,0x1C00,0x0000
0.0548026700,6,0x1C00,0x0000
0.0548056400,6,0x1C00,0x0000
0.0548086000,6,0x1C00,0x0000
0.0548115600,6,0x1C00,0x0000
0.0548145200,6,0x1C00,0x0000
0.0548174900,6,0x1C00,0x0000
0.0548204500,6,0x1C00,0x0000
0.0548234100,6,0x1C00,0x0000
0.0548263800,6,0x1C00,0x0000
0.0548293400,6,0x1C00,0x0000
0.0548323000,6,0x1C00,0x0000
0.0548352600,6,0x1C00,0x0000
0.0548382300,6,0x1C00,0x0000
0.0548411900,6,0x1C00,0x0000
0.0548441500,6,0x1C00,0x0000
0.0548471200,6,0x1C00,0x0000
0.0548500800,6,0x1C00,0x0000
0.0548530400,6,0x1C00,0x0000
0.0548560100,6,0x1C00,0x0000
0.0548589700,6,0x1C00,0x0000
0.0548619300,6,0x1C00,0x0000
0.0548648900,6,0x1C00,0x0000
0.0548678600,6,0x1C00,0x0000
0.0548708200,6,0x1C00,0x0000
0.0548737800,6,0x1C00,0x0000
0.0548767500,6,0x1C00,0x0000
0.0548797100,6,0x1C00,0x0000
0.0548826700,6,0x1C00,0x0000
0.0548856400,6,0x1C00,0x0000
0.0548886000,6,0x1C00,0x0000
0.0548915600,6,0x1C00,0x0000
0.0548945200,6,0x1C00,0x0000
0.0548974900,6,0x1C00,0x0000
0.0549004500,6,0x1C00,0x0000
0.0549034100,6,0x1C00,0x0000
0.0549063800,6,0x1C00,0x0000
0.0549093400,6,0x1C00,0x0000
0.0549123000,6,0x1C00,0x0000
0.0549152600,6,0x1C00,0x0000
0.0549182300,6,0x1C00,0x0000
0.0549211900,6,0x1C00,0x0000
0.0549241500,6,0x1C00,0x0000
0.0549271200,6,0x1C00,0x0000
0.0549300800,6,0x1C00,0x0000
0.0549330400,6,0x1C00,0x0000
0.0549360100,6,0x1C00,0x0000
0.0549389700,6,0x1C00,0x0000
0.0549419300,6,0x1C00,0x0000
0.0549449000,6,0x1C00,0x0000
0.0549478600,6,0x1C00,0x0000
0.0549508200,6,0x1C00,0x0000
0.0549537800,6,0x1C00,0x0000
0.0549567500,6,0x1C00,0x0000
0.0549597100,6,0x1C00,0x0000
0.0549626700,6,0x1C00,0x0000
0.0549656400,6,0x1C00,0x0000
0.0549686000,6,0x1C00,0x0000
0.0549715600,6,0x1C00,0x0000
0.0549745200,6,0x1C00,0x0000
0.0549774900,6,0x1C00,0x0000
0.0549804500,6,0x1C00,0x0000
0.0549834100,6,0x1C00,0x0000
0.0549863800,6,0x1C00,0x0000
0.0549893400,6,0x1C00,0x0000
0.0549923000,6,0x1C00,0x0000
0.0549952600,6,0x1C00,0x0000
0.0549982300,6,0x1C00,0x0000
0.0550011900,6,0x1C00,0x0000
0.0550041500,6,0x1C00,0x0000
0.0550071200,6,0x1C00,0x0000
0.0550100800,6,0x1C00,0x0000
0.0550130400,6,0x1C00,0x0000
0.0550160100,6,0x1C00,0x0000
0.0550189700,6,0x1C00,0x0000
0.0550219300,6,0x1C00,0x0000
0.0550249000,6,0x1C00,0x0000
0.0550278600,6,0x1C00,0x0000
0.0550308200,6,0x1C00,0x0000
0.0550337800,6,0x1C00,0x0000
0.0550367500,6,0x1C00,0x0000
0.0550397100,6,0x1C00,0x0000
0.0550426700,6,0x1C00,0x0000
0.0550456400,6,0x1C00,0x0000
0.0550486000,6,0x1C00,0x0000
0.0550515600,6,0x1C00,0x0000
0.0550545300,6,0x1C00,0x0000
0.0550574900,6,0x1C00,0x0000
0.0550604500,6,0x1C00,0x0000
0.0550634100,6,0x1C00,0x0000
0.0550663800,6,0x1C00,0x0000
0.0550693400,6,0x1C00,0x0000
0.0550723000,6,0x1C00,0x0000
0.0550752600,6,0x1C00,0x0000
0.0550782300,6,0x1C00,0x0000
0.0550811900,6,0x1C00,0x0000
0.0550841500,6,0x1C00,0x0000
0.0550871200,6,0x1C00,0x0000
0.0550900800,6,0x1C00,0x0000
0.0550930400,6,0x1C00,0x0000
0.0550960100,6,0x1C00,0x0000
0.0550989700,6,0x1C00,0x0000
0.0551019300,6,0x1C00,0x0000
0.0551049000,6,0x1C00,0x0000
0.0551078600,6,0x1C00,0x0000
0.0551108200,6,0x1C00,0x0000
0.0551137800,6,0x1C00,0x0000
0.0551167500,6,0x1C00,0x0000
0.0551197100,6,0x1C00,0x0000
0.0551226700,6,0x1C00,0x0000
0.0551256400,6,0x1C00,0x0000
0.0551286000,6,0x1C00,0x0000
0.0551315600,6,0x1C00,0x0000
0.0551345200,6,0x1C00,0x0000
0.0551374900,6,0x1C00,0x0000
0.0551404500,6,0x1C00,0x0000
0.0551434100,6,0x83E7,0x0000
0.0551463800,6,0xAFFF,0x0000
0.0551493400,6,0xAFFF,0x0000
0.0551523000,6,0xAFFF,0x0000
0.0551552600,6,0xAFFF,0x0000
0.0551582300,6,0xAFFF,0x0000
0.0551611900,6,0xAFFF,0x0000
0.0551641500,6,0xAFFF,0x0000
0.0551671200,6,0xAFFF,0x0000
0.0551700800,6,0xAFFF,0x0000
0.0551730400,6,0xAFFF,0x0000
0.0551760100,6,0xAFFF,0x0000
0.0551789700,6,0xAFFF,0x0000
0.0551819300,6,0xAFFF,0x0000
0.0551849000,6,0xAFFF,0x0000
0.0551878600,6,0xAFFF,0x0000
0.0551908200,6,0xAFFF,0x0000
0.0551937800,6,0x83E1,0x0000
0.0551967500,6,0x1C00,0x0000
0.0551997100,6,0x1C00,0x0000
0.0552026700,6,0x1C00,0x0000
0.0552056400,6,0x1C00,0x0000
0.0552086000,6,0x1C00,0x0000
0.0552115600,6,0x1C00,0x0000
0.0552145300,6,0x1C00,0x0000
0.0552174900,6,0x1C00,0x0000
0.0552204500,6,0x1C00,0x0000
0.0552234100,6,0x1C00,0x0000
0.0552263800,6,0x1C00,0x0000
0.0552293400,6,0x1C00,0x0000
0.0552323000,6,0x1C00,0x0000
0.0552352600,6,0x1C00,0x0000
0.0552382300,6,0x1C00,0x0000
0.0552411900,6,0x1C00,0x0000
0.0552441500,6,0x1C00,0x0000
0.0552471200,6,0x1C00,0x0000
0.0552500800,6,0x1C00,0x0000
0.0552530400,6,0x1C00,0x0000
0.0552560100,6,0x1C00,0x0000
0.0552589700,6,0x1C00,0x0000
0.0552619300,6,0x1C00,0x0000
0.0552648900,6,0x1C00,0x0000
0.0552678600,6,0x1C00,0x0000
0.0552708200,6,0x1C00,0x0000
0.0552737800,6,0x1C00,0x0000
0.0552767500,6,0x1C00,0x0000
0.0552797100,6,0x1C00,0x0000
0.0552826700,6,0x1C00,0x0000
0.0552856400,6,0x93E7,0x0000
0.0552886000,6,0xBBEF,0x0000
0.0552915600,6,0xBBEF,0x0000
0.0552945200,6,0xBBEF,0x0000
0.0552974900,6,0xBBEF,0x0000
0.0553004500,6,0xBBEF,0x0000
0.0553034100,6,0xBBEF,0x0000
0.0553063800,6,0xBBEF,0x0000
0.0553093400,6,0xBBEF,0x0000
0.0553123000,6,0xBBEF,0x0000
0.0553152600,6,0xBBEF,0x0000
0.0553182300,6,0xBBEF,0x0000
0.0553211900,6,0xBBEF,0x0000
0.0553241500,6,0xBBEF,0x0000
0.0553271200,6,0xBBEF,0x0000
0.0553300800,6,0xBBEF,0x0000
0.0553330400,6,0xBBEF,0x0000
0.0553360100,6,0x8FEF,0x0000
0.0553389700,6,0x1C00,0x0000
0.0553419300,6,0x1C00,0x0000
0.0553449000,6,0x1C00,0x0000
0.0553478600,6,0x1C00,0x0000
0.0553508200,6,0x1C00,0x0000
0.0553537800,6,0x1C00,0x0000
0.0553567500,6,0x1C00,0x0000
0.0553597100,6,0x1C00,0x0000
0.0553626700,6,0x1C00,0x0000
0.0553656400,6,0x1C00,0x0000
0.0553686000,6,0x1C00,0x0000
0.0553715600,6,0x1C00,0x0000
0.0553745200,6,0x1C00,0x0000
0.0553774900,6,0x1C00,0x0000
0.0553804500,6,0x1C00,0x0000
0.0553834100,6,0x1C00,0x0000
0.0553863800,6,0x1C00,0x0000
0.0553893400,6,0x1C00,0x0000
0.0553923000,6,0x1C00,0x0000
0.0553952700,6,0x1C00,0x0000
0.0553982300,6,0x1C00,0x0000
0.0554011900,6,0x1C00,0x0000
0.0554041600,6,0x1C00,0x0000
0.0554071200,6,0x1C00,0x0000
0.0554100800,6,0x1C00,0x0000
0.0554130400,6,0x1C00,0x0000
0.0554160100,6,0x1C00,0x0000
0.0554189700,6,0x1C00,0x0000
0.0554219300,6,0x1C00,0x0000
0.0554249000,6,0x1C00,0x0000
0.0554278600,6,0x93E7,0x0000
0.0554308200,6,0xBBEF,0x0000
0.0554337800,6,0xBBEF,0x0000
0.0554367500,6,0xBBEF,0x0000
0.0554397100,6,0xBBEF,0x0000
0.0554426700,6,0xBBEF,0x0000
0.0554456400,6,0xBBEF,0x0000
0.0554486000,6,0xBBEF,0x0000
0.0554515600,6,0xBBEF,0x0000
0.0554545300,6,0xBBEF,0x0000
0.0554574900,6,0xBBEF,0x0000
0.0554604500,6,0xBBEF,0x0000
0.0554634100,6,0xBBEF,0x0000
0.0554663800,6,0xBBEF,0x0000
0.0554693400,6,0xBBEF,0x0000
0.0554723000,6,0xBBEF,0x0000
0.0554752600,6,0xBBEF,0x0000
0.0554782300,6,0x8FEF,0x0000
0.0554811900,6,0x1C00,0x0000
0.0554841500,6,0x1C00,0x0000
0.0554871200,6,0x1C00,0x0000
0.0554900800,6,0x1C00,0x0000
0.0554930400,6,0x1C00,0x0000
0.0554960100,6,0x1C00,0x0000
0.0554989700,6,0x1C00,0x0000
0.0555019300,6,0x1C00,0x0000
0.0555049000,6,0x1C00,0x0000
0.0555078600,6,0x1C00,0x0000
0.0555108200,6,0x1C00,0x0000
0.0555137800,6,0x1C00,0x0000
0.0555167500,6,0x1C00,0x0000
0.0555197100,6,0x1C00,0x0000
0.0555226700,6,0x1C00,0x0000
0.0555256400,6,0x1C00,0x0000
0.0555286000,6,0x1C00,0x0000
0.0555315600,6,0x1C00,0x0000
0.0555345300,6,0x1C00,0x0000
0.0555374900,6,0x1C00,0x0000
0.0555404500,6,0x1C00,0x0000
0.0555434100,6,0x1C00,0x0000
0.0555463800,6,0x1C00,0x0000
0.0555493400,6,0x1C00,0x0000
0.0555523000,6,0x1C00,0x0000
0.0555552700,6,0x1C00,0x0000
0.0555582300,6,0x1C00,0x0000
0.0555611900,6,0x1C00,0x0000
0.0555641500,6,0x1C00,0x0000
0.0555671200,6,0x1C00,0x0000
0.0555700800,6,0x93E7,0x0000
0.0555730400,6,0xBBEF,0x0000
0.0555760100,6,0xBBEF,0x0000
0.0555789700,6,0xBBEF,0x0000
0.0555819300,6,0xBBEF,0x0000
0.0555849000,6,0xBBEF,0x0000
0.0555878600,6,0xBBEF,0x0000
0.0555908200,6,0xBBEF,0x0000
0.0555937800,6,0xBBEF,0x0000
0.0555967500,6,0xBBEF,0x0000
0.0555997100,6,0xBBEF,0x0000
0.0556026700,6,0xBBEF,0x0000
0.0556056400,6,0xBBEF,0x0000
0.0556086000,6,0xBBEF,0x0000
0.0556115600,6,0xBBEF,0x0000
0.0556145300,6,0xBBEF,0x0000
0.0556174900,6,0xBBEF,0x0000
0.0556204500,6,0x8FEF,0x0000
0.0556234100,6,0x1C00,0x0000
0.0556263800,6,0x1C00,0x0000
0.0556293400,6,0x1C00,0x0000
0.0556323000,6,0x1C00,0x0000
0.0556352700,6,0x1C00,0x0000
0.0556382300,6,0x1C00,0x0000
0.0556411900,6,0x1C00,0x0000
0.0556441600,6,0x1C00,0x0000
0.0556471200,6,0x1C00,0x0000
0.0556500800,6,0x1C00,0x0000
0.0556530400,6,0x1C00,0x0000
0.0556560100,6,0x1C00,0x0000
0.0556589700,6,0x1C00,0x0000
0.0556619300,6,0x1C00,0x0000
0.0556649000,6,0x1C00,0x0000
0.0556678600,6,0x1C00,0x0000
0.0556708200,6,0x1C00,0x0000
0.0556737800,6,0x1C00,0x0000
0.0556767500,6,0x1C00,0x0000
0.0556797100,6,0x1C00,0x0000
0.0556826700,6,0x1C00,0x0000
0.0556856400,6,0x1C00,0x0000
0.0556886000,6,0x1C00,0x0000
0.0556915600,6,0x1C00,0x0000
0.0556945300,6,0x1C00,0x0000
0.0556974900,6,0x1C00,0x0000
0.0557004500,6,0x1C00,0x0000
0.0557034100,6,0x1C00,0x0000
0.0557063800,6,0x1C00,0x0000
0.0557093400,6,0x1C00,0x0000
0.0557123000,6,0x93E7,0x0000
0.0557152600,6,0xBBEF,0x0000
0.0557182300,6,0xBBEF,0x0000
0.0557211900,6,0xBBEF,0x0000
0.0557241500,6,0xBBEF,0x0000
0.0557271200,6,0xBBEF,0x0000
0.0557300800,6,0xBBEF,0x0000
0.0557330400,6,0xBBEF,0x0000
0.0557360100,6,0xBBEF,0x0000
0.0557389700,6,0xBBEF,0x0000
0.0557419300,6,0xBBEF,0x0000
0.0557449000,6,0xBBEF,0x0000
0.0557478600,6,0xBBEF,0x0000
0.0557508200,6,0xBBEF,0x0000
0.0557537800,6,0xBBEF,0x0000
0.0557567500,6,0xBBEF,0x0000
0.0557597100,6,0xBBEF,0x0000
0.0557626700,6,0x8FEF,0x0000
0.0557656400,6,0x1C00,0x0000
0.0557686000,6,0x1C00,0x0000
0.0557715600,6,0x1C00,0x0000
0.0557745300,6,0x1C00,0x0000
0.0557774900,6,0x1C00,0x0000
0.0557804500,6,0x1C00,0x0000
0.0557834100,6,0x1C00,0x0000
0.0557863800,6,0x1C00,0x0000
0.0557893400,6,0x1C00,0x0000
0.0557923000,6,0x1C00,0x0000
0.0557952700,6,0x1C00,0x0000
0.0557982300,6,0x1C00,0x0000
0.0558011900,6,0x1C00,0x0000
0.0558041600,6,0x1C00,0x0000
0.0558071200,6,0x1C00,0x0000
0.0558100800,6,0x1C00,0x0000
0.0558130400,6,0x1C00,0x0000
0.0558160100,6,0x1C00,0x0000
0.0558189700,6,0x1C00,0x0000
0.0558219300,6,0x1C00,0x0000
0.0558249000,6,0x1C00,0x0000
0.0558278600,6,0x1C00,0x0000
0.0558308200,6,0x1C00,0x0000
0.0558337800,6,0x1C00,0x0000
0.0558367500,6,0x1C00,0x0000
0.0558397100,6,0x1C00,0x0000
0.0558426700,6,0x1C00,0x0000
0.0558456400,6,0x1C00,0x0000
0.0558486000,6,0x1C00,0x0000
0.0558515600,6,0x1C00,0x0000
0.0558545300,6,0x93E7,0x0000
0.0558574900,6,0xBBEF,0x0000
0.0558604500,6,0xBBEF,0x0000
0.0558634100,6,0xBBEF,0x0000
0.0558663800,6,0xBBEF,0x0000
0.0558693400,6,0xBBEF,0x0000
0.0558723000,6,0xBBEF,0x0000
0.0558752700,6,0xBBEF,0x0000
0.0558782300,6,0xBBEF,0x0000
0.0558811900,6,0xBBEF,0x0000
0.0558841600,6,0xBBEF,0x0000
0.0558871200,6,0xBBEF,0x0000
0.0558900800,6,0xBBEF,0x0000
0.0558930400,6,0xBBEF,0x0000
0.0558960100,6,0xBBEF,0x0000
0.0558989700,6,0xBBEF,0x0000
0.0559019300,6,0xBBEF,0x0000
0.0559049000,6,0x8FEF,0x0000
0.0559078600,6,0x1C00,0x0000
0.0559108200,6,0x1C00,0x0000
0.0559137900,6,0x1C00,0x0000
0.0559167500,6,0x1C00,0x0000
0.0559197100,6,0x1C00,0x0000
0.0559226700,6,0x1C00,0x0000
0.0559256400,6,0x1C00,0x0000
0.0559286000,6,0x1C00,0x0000
0.0559315600,6,0x1C00,0x0000
0.0559345300,6,0x1C00,0x0000
0.0559374900,6,0x1C00,0x0000
0.0559404500,6,0x1C00,0x0000
0.0559434100,6,0x1C00,0x0000
0.0559463800,6,0x1C00,0x0000
0.0559493400,6,0x1C00,0x0000
0.0559523000,6,0x1C00,0x0000
0.0559552700,6,0x1C00,0x0000
0.0559582300,6,0x1C00,0x0000
0.0559611900,6,0x1C00,0x0000
0.0559641600,6,0x1C00,0x0000
0.0559671200,6,0x1C00,0x0000
0.0559700800,6,0x1C00,0x0000
0.0559730400,6,0x1C00,0x0000
0.0559760100,6,0x1C00,0x0000
0.0559789700,6,0x1C00,0x0000
0.0559819300,6,0x1C00,0x0000
0.0559849000,6,0x1C00,0x0000
0.0559878600,6,0x1C00,0x0000
0.0559908200,6,0x1C00,0x0000
0.0559937900,6,0x1C00,0x0000
0.0559967500,6,0x93E7,0x0000
0.0559997100,6,0xBBEF,0x0000
0.0560026700,6,0xBBEF,0x0000
0.0560056400,6,0xBBEF,0x0000
0.0560086000,6,0xBBEF,0x0000
0.0560115600,6,0xBBEF,0x0000
0.0560145300,6,0xBBEF,0x0000
0.0560174900,6,0xBBEF,0x0000
0.0560204500,6,0xBBEF,0x0000
0.0560234100,6,0xBBEF,0x0000
0.0560263800,6,0xBBEF,0x0000
0.0560293400,6,0xBBEF,0x0000
0.0560323000,6,0xBBEF,0x0000
0.0560352700,6,0xBBEF,0x0000
0.0560382300,6,0xBBEF,0x0000
0.0560411900,6,0xBBEF,0x0000
0.0560441600,6,0xBBEF,0x0000
0.0560471200,6,0x8FEF,0x0000
0.0560500800,6,0x1C00,0x0000
0.0560530400,6,0x1C00,0x0000
0.0560560100,6,0x1C00,0x0000
0.0560589700,6,0x1C00,0x0000
0.0560619300,6,0x1C00,0x0000
0.0560649000,6,0x1C00,0x0000
0.0560678600,6,0x1C00,0x0000
0.0560708200,6,0x1C00,0x0000
0.0560737900,6,0x1C00,0x0000
0.0560767500,6,0x1C00,0x0000
0.0560797100,6,0x1C00,0x0000
0.0560826700,6,0x1C00,0x0000
0.0560856400,6,0x1C00,0x0000
0.0560886000,6,0x1C00,0x0000
0.0560915600,6,0x1C00,0x0000
0.0560945300,6,0x1C00,0x0000
0.0560974900,6,0x1C00,0x0000
0.0561004500,6,0x1C00,0x0000
0.0561034100,6,0x1C00,0x0000
0.0561063800,6,0x1C00,0x0000
0.0561093400,6,0x1C00,0x0000
0.0561123000,6,0x1C00,0x0000
0.0561152700,6,0x1C00,0x0000
0.0561182300,6,0x1C00,0x0000
0.0561211900,6,0x1C00,0x0000
0.0561241600,6,0x1C00,0x0000
0.0561271200,6,0x1C00,0x0000
0.0561300800,6,0x1C00,0x0000
0.0561330400,6,0x1C00,0x0000
0.0561360100,6,0x1C00,0x0000
0.0561389700,6,0x93E7,0x0000
0.0561419300,6,0xBBEF,0x0000
0.0561449000,6,0xBBEF,0x0000
0.0561478600,6,0xBBEF,0x0000
0.0561508200,6,0xBBEF,0x0000
0.0561537800,6,0xBBEF,0x0000
0.0561567500,6,0xBBEF,0x0000
0.0561597100,6,0xBBEF,0x0000
0.0561626700,6,0xBBEF,0x0000
0.0561656400,6,0xBBEF,0x0000
0.0561686000,6,0xBBEF,0x0000
0.0561715600,6,0xBBEF,0x0000
0.0561745300,6,0xBBEF,0x0000
0.0561774900,6,0xBBEF,0x0000
0.0561804500,6,0xBBEF,0x0000
0.0561834100,6,0xBBEF,0x0000
0.0561863800,6,0xBBEF,0x0000
0.0561893400,6,0x8FEF,0x0000
0.0561923000,6,0x1C00,0x0000
0.0561952700,6,0x1C00,0x0000
0.0561982300,6,0x1C00,0x0000
0.0562011900,6,0x1C00,0x0000
0.0562041600,6,0x1C00,0x0000
0.0562071200,6,0x1C00,0x0000
0.0562100800,6,0x1C00,0x0000
0.0562130400,6,0x1C00,0x0000
0.0562160100,6,0x1C00,0x0000
0.0562189700,6,0x1C00,0x0000
0.0562219300,6,0x1C00,0x0000
0.0562249000,6,0x1C00,0x0000
0.0562278600,6,0x1C00,0x0000
0.0562308200,6,0x1C00,0x0000
0.0562337900,6,0x1C00,0x0000
0.0562367500,6,0x1C00,0x0000
0.0562397100,6,0x1C00,0x0000
0.0562426700,6,0x1C00,0x0000
0.0562456400,6,0x1C00,0x0000
0.0562486000,6,0x1C00,0x0000
0.0562515600,6,0x1C00,0x0000
0.0562545300,6,0x1C00,0x0000
0.0562574900,6,0x1C00,0x0000
0.0562604500,6,0x1C00,0x0000
0.0562634100,6,0x1C00,0x0000
0.0562663800,6,0x1C00,0x0000
0.0562693400,6,0x1C00,0x0000
0.0562723000,6,0x1C00,0x0000
0.0562752700,6,0x1C00,0x0000
0.0562782300,6,0x1C00,0x0000
0.0562811900,6,0x93E7,0x0000
0.0562841600,6,0xBBEF,0x0000
0.0562871200,6,0xBBEF,0x0000
0.0562900800,6,0xBBEF,0x0000
0.0562930400,6,0xBBEF,0x0000
0.0562960100,6,0xBBEF,0x0000
0.0562989700,6,0xBBEF,0x0000
0.0563019300,6,0xBBEF,0x0000
0.0563049000,6,0xBBEF,0x0000
0.0563078600,6,0xBBEF,0x0000
0.0563108200,6,0xBBEF,0x0000
0.0563137900,6,0xBBEF,0x0000
0.0563167500,6,0xBBEF,0x0000
0.0563197100,6,0xBBEF,0x0000
0.0563226700,6,0xBBEF,0x0000
0.0563256400,6,0xBBEF,0x0000
0.0563286000,6,0xBBEF,0x0000
0.0563315600,6,0x8FEF,0x0000
0.0563345300,6,0x1C00,0x0000
0.0563374900,6,0x1C00,0x0000
0.0563404500,6,0x1C00,0x0000
0.0563434100,6,0x1C00,0x0000
0.0563463800,6,0x1C00,0x0000
0.0563493400,6,0x1C00,0x0000
0.0563523000,6,0x1C00,0x0000
0.0563552700,6,0x1C00,0x0000
0.0563582300,6,0x1C00,0x0000
0.0563611900,6,0x1C00,0x0000
0.0563641600,6,0x1C00,0x0000
0.0563671200,6,0x1C00,0x0000
0.0563700800,6,0x1C00,0x0000
0.0563730500,6,0x1C00,0x0000
0.0563760100,6,0x1C00,0x0000
0.0563789700,6,0x1C00,0x0000
0.0563819300,6,0x1C00,0x0000
0.0563849000,6,0x1C00,0x0000
0.0563878600,6,0x1C00,0x0000
0.0563908200,6,0x1C00,0x0000
0.0563937900,6,0x1C00,0x0000
0.0563967500,6,0x1C00,0x0000
0.0563997100,6,0x1C00,0x0000
0.0564026800,6,0x1C00,0x0000
0.0564056400,6,0x1C00,0x0000
0.0564086000,6,0x1C00,0x0000
0.0564115600,6,0x1C00,0x0000
0.0564145300,6,0x1C00,0x0000
0.0564174900,6,0x1C00,0x0000
0.0564204500,6,0x1C00,0x0000
0.0564234100,6,0x83E1,0x0000
0.0564263800,6,0xAFF6,0x0000
0.0564293400,6,0xAFF6,0x0000
0.0564323000,6,0xAFF6,0x0000
0.0564352700,6,0xAFF6,0x0000
0.0564382300,6,0xAFF6,0x0000
0.0564411900,6,0xAFF6,0x0000
0.0564441600,6,0xAFF6,0x0000
0.0564471200,6,0xAFF6,0x0000
0.0564500800,6,0xAFF6,0x0000
0.0564530400,6,0xAFF6,0x0000
0.0564560100,6,0xAFF6,0x0000
0.0564589700,6,0xAFF6,0x0000
0.0564619300,6,0xAFF6,0x0000
0.0564649000,6,0xAFF6,0x0000
0.0564678600,6,0xAFF6,0x0000
0.0564708200,6,0xAFF6,0x0000
0.0564737900,6,0x83E1,0x0000
0.0564767500,6,0x1C00,0x0000
0.0564797100,6,0x1C00,0x0000
0.0564826700,6,0x1C00,0x0000
0.0564856400,6,0x1C00,0x0000
0.0564886000,6,0x1C00,0x0000
0.0564915600,6,0x1C00,0x0000
0.0564945300,6,0x1C00,0x0000
0.0564974900,6,0x1C00,0x0000
0.0565004500,6,0x1C00,0x0000
0.0565034100,6,0x1C00,0x0000
0.0565063800,6,0x1C00,0x0000
0.0565093400,6,0x1C00,0x0000
0.0565123000,6,0x1C00,0x0000
0.0565152700,6,0x1C00,0x0000
0.0565182300,6,0x1C00,0x0000
0.0565211900,6,0x1C00,0x0000
0.0565241600,6,0x1C00,0x0000
0.0565271200,6,0x1C00,0x0000
0.0565300800,6,0x1C00,0x0000
0.0565330500,6,0x1C00,0x0000
0.0565360100,6,0x1C00,0x0000
0.0565389700,6,0x1C00,0x0000
0.0565419300,6,0x1C00,0x0000
0.0565449000,6,0x1C00,0x0000
0.0565478600,6,0x1C00,0x0000
0.0565508200,6,0x1C00,0x0000
0.0565537900,6,0x1C00,0x0000
0.0565567500,6,0x1C00,0x0000
0.0565597100,6,0x1C00,0x0000
0.0565626800,6,0x1C00,0x0000
0.0565656400,6,0x1C00,0x0000
0.0565686000,6,0x1C00,0x0000
0.0565715600,6,0x1C00,0x0000
0.0565745300,6,0x1C00,0x0000
0.0565774900,6,0x1C00,0x0000
0.0565804500,6,0x1C00,0x0000
0.0565834100,6,0x1C00,0x0000
0.0565863800,6,0x1C00,0x0000
0.0565893400,6,0x1C00,0x0000
0.0565923000,6,0x1C00,0x0000
0.0565952700,6,0x1C00,0x0000
0.0565982300,6,0x1C00,0x0000
0.0566011900,6,0x1C00,0x0000
0.0566041600,6,0x1C00,0x0000
0.0566071200,6,0x1C00,0x0000
0.0566100800,6,0x1C00,0x0000
0.0566130400,6,0x1C00,0x0000
0.0566160100,6,0x1C00,0x0000
0.0566189700,6,0x1C00,0x0000
0.0566219300,6,0x1C00,0x0000
0.0566249000,6,0x1C00,0x0000
0.0566278600,6,0x1C00,0x0000
0.0566308200,6,0x1C00,0x0000
0.0566337900,6,0x1C00,0x0000
0.0566367500,6,0x1C00,0x0000
0.0566397100,6,0x1C00,0x0000
0.0566426800,6,0x1C00,0x0000
0.0566456400,6,0x1C00,0x0000
0.0566486000,6,0x1C00,0x0000
0.0566515600,6,0x1C00,0x0000
0.0566545300,6,0x1C00,0x0000
0.0566574900,6,0x1C00,0x0000
0.0566604500,6,0x1C00,0x0000
0.0566634100,6,0x1C00,0x0000
0.0566663800,6,0x1C00,0x0000
0.0566693400,6,0x1C00,0x0000
0.0566723000,6,0x1C00,0x0000
0.0566752700,6,0x1C00,0x0000
0.0566782300,6,0x1C00,0x0000
0.0566811900,6,0x1C00,0x0000
0.0566841600,6,0x1C00,0x0000
0.0566871200,6,0x1C00,0x0000
0.0566900800,6,0x1C00,0x0000
0.0566930500,6,0x1C00,0x0000
0.0566960100,6,0x1C00,0x0000
0.0566989700,6,0x1C00,0x0000
0.0567019300,6,0x1C00,0x0000
0.0567049000,6,0x1C00,0x0000
0.0567078600,6,0x1C00,0x0000
0.0567108200,6,0x1C00,0x0000
0.0567137900,6,0x1C00,0x0000
0.0567167500,6,0x1C00,0x0000
0.0567197100,6,0x1C00,0x0000
0.0567226800,6,0x1C00,0x0000
0.0567256400,6,0x1C00,0x0000
0.0567286000,6,0x1C00,0x0000
0.0567315600,6,0x1C00,0x0000
0.0567345300,6,0x1C00,0x0000
0.0567374900,6,0x1C00,0x0000
0.0567404500,6,0x1C00,0x0000
0.0567434100,6,0x1C00,0x0000
0.0567463800,6,0x1C00,0x0000
0.0567493400,6,0x1C00,0x0000
0.0567523100,6,0x1C00,0x0000
0.0567552700,6,0x1C00,0x0000
0.0567582300,6,0x1C00,0x0000
0.0567611900,6,0x1C00,0x0000
0.0567641600,6,0x1C00,0x0000
0.0567671200,6,0x1C00,0x0000
0.0567700800,6,0x1C00,0x0000
0.0567730500,6,0x1C00,0x0000
0.0567760100,6,0x1C00,0x0000
0.0567789700,6,0x1C00,0x0000
0.0567819300,6,0x1C00,0x0000
0.0567849000,6,0x1C00,0x0000
0.0567878600,6,0x1C00,0x0000
0.0567908200,6,0x1C00,0x0000
0.0567937900,6,0x1C00,0x0000
0.0567967500,6,0x1C00,0x0000
0.0567997100,6,0x1C00,0x0000
0.0568026800,6,0x1C00,0x0000
0.0568056400,6,0x1C00,0x0000
0.0568086000,6,0x1C00,0x0000
0.0568115600,6,0x1C00,0x0000
0.0568145300,6,0x1C00,0x0000
0.0568174900,6,0x1C00,0x0000
0.0568204500,6,0x1C00,0x0000
0.0568234100,6,0x1C00,0x0000
0.0568263800,6,0x1C00,0x0000
0.0568293400,6,0x1C00,0x0000
0.0568323000,6,0x1C00,0x0000
0.0568352700,6,0x1C00,0x0000
0.0568382300,6,0x1C00,0x0000
0.0568411900,6,0x1C00,0x0000
0.0568441600,6,0x1C00,0x0000
0.0568471200,6,0x1C00,0x0000
0.0568500800,6,0x1C00,0x0000
0.0568530500,6,0x1C00,0x0000
0.0568560100,6,0x1C00,0x0000
0.0568589700,6,0x1C00,0x0000
0.0568619300,6,0x1C00,0x0000
0.0568649000,6,0x1C00,0x0000
0.0568678600,6,0x1C00,0x0000
0.0568708200,6,0x1C00,0x0000
0.0568737900,6,0x1C00,0x0000
0.0568767500,6,0x1C00,0x0000
0.0568797100,6,0x1C00,0x0000
0.0568826800,6,0x1C00,0x0000
0.0568856400,6,0x1C00,0x0000
0.0568886000,6,0x1C00,0x0000
0.0568915600,6,0x1C00,0x0000
0.0568945300,6,0x1C00,0x0000
0.0568974900,6,0x1C00,0x0000
0.0569004500,6,0x1C00,0x0000
0.0569034200,6,0x1C00,0x0000
0.0569063800,6,0x1C00,0x0000
0.0569093400,6,0x1C00,0x0000
0.0569123100,6,0x1C00,0x0000
0.0569152700,6,0x1C00,0x0000
0.0569182300,6,0x1C00,0x0000
0.0569211900,6,0x1C00,0x0000
0.0569241600,6,0x1C00,0x0000
0.0569271200,6,0x1C00,0x0000
0.0569300800,6,0x1C00,0x0000
0.0569330500,6,0x1C00,0x0000
0.0569360100,6,0x1C00,0x0000
0.0569389700,6,0x1C00,0x0000
0.0569419300,6,0x1C00,0x0000
0.0569449000,6,0x1C00,0x0000
0.0569478600,6,0x1C00,0x0000
0.0569508200,6,0x1C00,0x0000
0.0569537900,6,0x1C00,0x0000
0.0569567500,6,0x1C00,0x0000
0.0569597100,6,0x1C00,0x0000
0.0569626800,6,0x1C00,0x0000
0.0569656400,6,0x1C00,0x0000
0.0569686000,6,0x1C00,0x0000
0.0569715600,6,0x1C00,0x0000
0.0569745300,6,0x1C00,0x0000
0.0569774900,6,0x1C00,0x0000
0.0569804500,6,0x1C00,0x0000
0.0569834200,6,0x1C00,0x0000
0.0569863800,6,0x1C00,0x0000
0.0569893400,6,0x1C00,0x0000
0.0569923100,6,0x1C00,0x0000
0.0569952700,6,0x1C00,0x0000
0.0569982300,6,0x1C00,0x0000
0.0570011900,6,0x1C00,0x0000
0.0570041600,6,0x1C00,0x0000
0.0570071200,6,0x1C00,0x0000
0.0570100800,6,0x1C00,0x0000
0.0570130500,6,0x1C00,0x0000
0.0570160100,6,0x1C00,0x0000
0.0570189700,6,0x1C00,0x0000
0.0570219300,6,0x1C00,0x0000
0.0570249000,6,0x1C00,0x0000
0.0570278600,6,0x1C00,0x0000
0.0570308200,6,0x1C00,0x0000
0.0570337900,6,0x1C00,0x0000
0.0570367500,6,0x1C00,0x0000
0.0570397100,6,0x1C00,0x0000
0.0570426800,6,0x1C00,0x0000
0.0570456400,6,0x1C00,0x0000
0.0570486000,6,0x1C00,0x0000
0.0570515600,6,0x1C00,0x0000
0.0570545300,6,0x1C00,0x0000
0.0570574900,6,0x1C00,0x0000
0.0570604500,6,0x1C00,0x0000
0.0570634200,6,0x1C00,0x0000
0.0570663800,6,0x1C00,0x0000
0.0570693400,6,0x1C00,0x0000
0.0570723000,6,0x1C00,0x0000
0.0570752700,6,0x1C00,0x0000
0.0570782300,6,0x1C00,0x0000
0.0570811900,6,0x1C00,0x0000
0.0570841600,6,0x1C00,0x0000
0.0570871200,6,0x1C00,0x0000
0.0570900800,6,0x1C00,0x0000
0.0570930500,6,0x1C00,0x0000
0.0570960100,6,0x1C00,0x0000
0.0570989700,6,0x1C00,0x0000
0.0571019400,6,0x1C00,0x0000
0.0571049000,6,0x1C00,0x0000
0.0571078600,6,0x1C00,0x0000
0.0571108200,6,0x1C00,0x0000
0.0571137900,6,0x1C00,0x0000
0.0571167500,6,0x1C00,0x0000
0.0571197100,6,0x1C00,0x0000
0.0571226800,6,0x1C00,0x0000
0.0571256400,6,0x1C00,0x0000
0.0571286000,6,0x1C00,0x0000
0.0571315600,6,0x1C00,0x0000
0.0571345300,6,0x1C00,0x0000
0.0571374900,6,0x1C00,0x0000
0.0571404500,6,0x1C00,0x0000
0.0571434200,6,0x1C00,0x0000
0.0571463800,6,0x1C00,0x0000
0.0571493400,6,0x1C00,0x0000
0.0571523100,6,0x1C00,0x0000
0.0571552700,6,0x1C00,0x0000
0.0571582300,6,0x1C00,0x0000
0.0571611900,6,0x1C00,0x0000
0.0571641600,6,0x1C00,0x0000
0.0571671200,6,0x1C00,0x0000
0.0571700800,6,0x1C00,0x0000
0.0571730500,6,0x1C00,0x0000
0.0571760100,6,0x1C00,0x0000
0.0571789700,6,0x1C00,0x0000
0.0571819400,6,0x1C00,0x0000
0.0571849000,6,0x1C00,0x0000
0.0571878600,6,0x1C00,0x0000
0.0571908200,6,0x1C00,0x0000
0.0571937900,6,0x1C00,0x0000
0.0571967500,6,0x1C00,0x0000
0.0571997100,6,0x1C00,0x0000
0.0572026800,6,0x1C00,0x0000
0.0572056400,6,0x1C00,0x0000
0.0572086000,6,0x1C00,0x0000
0.0572115600,6,0x1C00,0x0000
0.0572145300,6,0x1C00,0x0000
0.0572174900,6,0x1C00,0x0000
0.0572204500,6,0x1C00,0x0000
0.0572234200,6,0x1C00,0x0000
0.0572263800,6,0x1C00,0x0000
0.0572293400,6,0x1C00,0x0000
0.0572323100,6,0x1C00,0x0000
0.0572352700,6,0x1C00,0x0000
0.0572382300,6,0x1C00,0x0000
0.0572411900,6,0x1C00,0x0000
0.0572441600,6,0x1C00,0x0000
0.0572471200,6,0x1C00,0x0000
0.0572500800,6,0x1C00,0x0000
0.0572530500,6,0x1C00,0x0000
0.0572560100,6,0x1C00,0x0000
0.0572589700,6,0x1C00,0x0000
0.0572619400,6,0x1C00,0x0000
0.0572649000,6,0x1C00,0x0000
0.0572678600,6,0x1C00,0x0000
0.0572708200,6,0x1C00,0x0000
0.0572737900,6,0x1C00,0x0000
0.0572767500,6,0x1C00,0x0000
0.0572797100,6,0x1C00,0x0000
0.0572826800,6,0x1C00,0x0000
0.0572856400,6,0x1C00,0x0000
0.0572886000,6,0x1C00,0x0000
0.0572915600,6,0x1C00,0x0000
0.0572945300,6,0x1C00,0x0000
0.0572974900,6,0x1C00,0x0000
0.0573004500,6,0x1C00,0x0000
0.0573034200,6,0x1C00,0x0000
0.0573063800,6,0x1C00,0x0000
0.0573093400,6,0x1C00,0x0000
0.0573123100,6,0x1C00,0x0000
0.0573152700,6,0x1C00,0x0000
0.0573182300,6,0x1C00,0x0000
0.0573211900,6,0x1C00,0x0000
0.0573241600,6,0x1C00,0x0000
0.0573271200,6,0x1C00,0x0000
0.0573300800,6,0x1C00,0x0000
0.0573330500,6,0x1C00,0x0000
0.0573360100,6,0x1C00,0x0000
0.0573389700,6,0x1C00,0x0000
0.0573419400,6,0x1C00,0x0000
0.0573449000,6,0x1C00,0x0000
0.0573478600,6,0x1C00,0x0000
0.0573508200,6,0x1C00,0x0000
0.0573537900,6,0x1C00,0x0000
0.0573567500,6,0x1C00,0x0000
0.0573597100,6,0x1C00,0x0000
0.0573626800,6,0x1C00,0x0000
0.0573656400,6,0x1C00,0x0000
0.0573686000,6,0x1C00,0x0000
0.0573715600,6,0x1C00,0x0000
0.0573745300,6,0x1C00,0x0000
0.0573774900,6,0x1C00,0x0000
0.0573804500,6,0x1C00,0x0000
0.0573834200,6,0x1C00,0x0000
0.0573863800,6,0x1C00,0x0000
0.0573893400,6,0x1C00,0x0000
0.0573923100,6,0x1C00,0x0000
0.0573952700,6,0x1C00,0x0000
0.0573982300,6,0x1C00,0x0000
0.0574011900,6,0x1C00,0x0000
0.0574041600,6,0x1C00,0x0000
0.0574071200,6,0x1C00,0x0000
0.0574100800,6,0x1C00,0x0000
0.0574130500,6,0x1C00,0x0000
0.0574160100,6,0x1C00,0x0000
0.0574189700,6,0x1C00,0x0000
0.0574219300,6,0x1C00,0x0000
0.0574249000,6,0x1C00,0x0000
0.0574278600,6,0x1C00,0x0000
0.0574308200,6,0x1C00,0x0000
0.0574337900,6,0x1C00,0x0000
0.0574367500,6,0x1C00,0x0000
0.0574397100,6,0x1C00,0x0000
0.0574426800,6,0x1C00,0x0000
0.0574456400,6,0x1C00,0x0000
0.0574486000,6,0x1C00,0x0000
0.0574515600,6,0x1C00,0x0000
0.0574545300,6,0x1C00,0x0000
0.0574574900,6,0x1C00,0x0000
0.0574604500,6,0x1C00,0x0000
0.0574634200,6,0x1C00,0x0000
0.0574663800,6,0x1C00,0x0000
0.0574693400,6,0x1C00,0x0000
0.0574723100,6,0x1C00,0x0000
0.0574752700,6,0x1C00,0x0000
0.0574782300,6,0x1C00,0x0000
0.0574812000,6,0x1C00,0x0000
0.0574841600,6,0x1C00,0x0000
0.0574871200,6,0x1C00,0x0000
0.0574900800,6,0x1C00,0x0000
0.0574930500,6,0x1C00,0x0000
0.0574960100,6,0x1C00,0x0000
0.0574989700,6,0x1C00,0x0000
0.0575019400,6,0x1C00,0x0000
0.0575049000,6,0x1C00,0x0000
0.0575078600,6,0x1C00,0x0000
0.0575108200,6,0x1C00,0x0000
0.0575137900,6,0x1C00,0x0000
0.0575167500,6,0x1C00,0x0000
0.0575197100,6,0x1C00,0x0000
0.0575226800,6,0x1C00,0x0000
0.0575256400,6,0x1C00,0x0000
0.0575286000,6,0x1C00,0x0000
0.0575315600,6,0x1C00,0x0000
0.0575345300,6,0x1C00,0x0000
0.0575374900,6,0x1C00,0x0000
0.0575404500,6,0x1C00,0x0000
0.0575434200,6,0x1C00,0x0000
0.0575463800,6,0x1C00,0x0000
0.0575493400,6,0x1C00,0x0000
0.0575523100,6,0x1C00,0x0000
0.0575552700,6,0x1C00,0x0000
0.0575582300,6,0x1C00,0x0000
0.0575611900,6,0x1C00,0x0000
0.0575641600,6,0x1C00,0x0000
0.0575671200,6,0x1C00,0x0000
0.0575700800,6,0x1C00,0x0000
0.0575730500,6,0x1C00,0x0000
0.0575760100,6,0x1C00,0x0000
0.0575789700,6,0x1C00,0x0000
0.0575819400,6,0x1C00,0x0000
0.0575849000,6,0x1C00,0x0000
0.0575878600,6,0x1C00,0x0000
0.0575908200,6,0x1C00,0x0000
0.0575937900,6,0x1C00,0x0000
0.0575967500,6,0x1C00,0x0000
0.0575997100,6,0x1C00,0x0000
0.0576026800,6,0x1C00,0x0000
0.0576056400,6,0x1C00,0x0000
0.0576086000,6,0x1C00,0x0000
0.0576115600,6,0x1C00,0x0000
0.0576145300,6,0x1C00,0x0000
0.0576174900,6,0x1C00,0x0000
0.0576204500,6,0x1C00,0x0000
0.0576234200,6,0x1C00,0x0000
0.0576263800,6,0x1C00,0x0000
0.0576293400,6,0x1C00,0x0000
0.0576323100,6,0x1C00,0x0000
0.0576352700,6,0x1C00,0x0000
0.0576382300,6,0x1C00,0x0000
0.0576411900,6,0x1C00,0x0000
0.0576441600,6,0x1C00,0x0000
0.0576471200,6,0x1C00,0x0000
0.0576500800,6,0x1C00,0x0000
0.0576530500,6,0x1C00,0x0000
0.0576560100,6,0x1C00,0x0000
0.0576589700,6,0x0000,0x0000
0.0576619400,6,0x0000,0x0000
0.0576649000,6,0x0000,0x0000
0.0622856500,7,0x55AA,0x0000
0.0622886100,7,0x2DEC,0x0000
0.0622915700,7,0x01FF,0x0000
0.0622945400,7,0x1C00,0x0000
0.0622975000,7,0x1C00,0x0000
0.0623004600,7,0x1C00,0x0000
0.0623034200,7,0x1C00,0x0000
0.0623063900,7,0x1C00,0x0000
0.0623093500,7,0x1C00,0x0000
0.0623123100,7,0x1C00,0x0000
0.0623152800,7,0x1C00,0x0000
0.0623182400,7,0x1C00,0x0000
0.0623212000,7,0x1C00,0x0000
0.0623241600,7,0x1C00,0x0000
0.0623271300,7,0x1C00,0x0000
0.0623300900,7,0x1C00,0x0000
0.0623330500,7,0x1C00,0x0000
0.0623360100,7,0x1C00,0x0000
0.0623389800,7,0x1C00,0x0000
0.0623419400,7,0x1C00,0x0000
0.0623449100,7,0x1C00,0x0000
0.0623478700,7,0x1C00,0x0000
0.0623508300,7,0x1C00,0x0000
0.0623537900,7,0x1C00,0x0000
0.0623567600,7,0x1C00,0x0000
0.0623597200,7,0x1C00,0x0000
0.0623626800,7,0x1C00,0x0000
0.0623656500,7,0x1C00,0x0000
0.0623686100,7,0x1C00,0x0000
0.0623715700,7,0x1C00,0x0000
0.0623745300,7,0x1C00,0x0000
0.0623775000,7,0x1C00,0x0000
0.0623804600,7,0x1C00,0x0000
0.0623834200,7,0x1C00,0x0000
0.0623863900,7,0x1C00,0x0000
0.0623893500,7,0x1C00,0x0000
0.0623923100,7,0x1C00,0x0000
0.0623952800,7,0x1C00,0x0000
0.0623982400,7,0x1C00,0x0000
0.0624012000,7,0x1C00,0x0000
0.0624041600,7,0x1C00,0x0000
0.0624071300,7,0x1C00,0x0000
0.0624100900,7,0x1C00,0x0000
0.0624130500,7,0x1C00,0x0000
0.0624160200,7,0x1C00,0x0000
0.0624189800,7,0x1C00,0x0000
0.0624219400,7,0x1C00,0x0000
0.0624249100,7,0x1C00,0x0000
0.0624278700,7,0x1C00,0x0000
0.0624308300,7,0x1C00,0x0000
0.0624337900,7,0x1C00,0x0000
0.0624367600,7,0x1C00,0x0000
0.0624397200,7,0x1C00,0x0000
0.0624426800,7,0x1C00,0x0000
0.0624456500,7,0x1C00,0x0000
0.0624486100,7,0x1C00,0x0000
0.0624515700,7,0x1C00,0x0000
0.0624545300,7,0x1C00,0x0000
0.0624575000,7,0x1C00,0x0000
0.0624604600,7,0x1C00,0x0000
0.0624634200,7,0x1C00,0x0000
0.0624663900,7,0x1C00,0x0000
0.0624693500,7,0x1C00,0x0000
0.0624723100,7,0x1C00,0x0000
0.0624752800,7,0x1C00,0x0000
0.0624782400,7,0x1C00,0x0000
0.0624812000,7,0x1C00,0x0000
0.0624841600,7,0x1C00,0x0000
0.0624871300,7,0x1C00,0x0000
0.0624900900,7,0x1C00,0x0000
0.0624930500,7,0x1C00,0x0000
0.0624960200,7,0x1C00,0x0000
0.0624989800,7,0x1C00,0x0000
0.0625019400,7,0x1C00,0x0000
0.0625049100,7,0x1C00,0x0000
0.0625078700,7,0x1C00,0x0000
0.0625108300,7,0x1C00,0x0000
0.0625137900,7,0x1C00,0x0000
0.0625167600,7,0x1C00,0x0000
0.0625197200,7,0x1C00,0x0000
0.0625226800,7,0x1C00,0x0000
0.0625256500,7,0x1C00,0x0000
0.0625286100,7,0x1C00,0x0000
0.0625315700,7,0x1C00,0x0000
0.0625345400,7,0x1C00,0x0000
0.0625375000,7,0x1C00,0x0000
0.0625404600,7,0x1C00,0x0000
0.0625434200,7,0x1C00,0x0000
0.0625463900,7,0x1C00,0x0000
0.0625493500,7,0x1C00,0x0000
0.0625523100,7,0x1C00,0x0000
0.0625552800,7,0x1C00,0x0000
0.0625582400,7,0x1C00,0x0000
0.0625612000,7,0x1C00,0x0000
0.0625641600,7,0x1C00,0x0000
0.0625671300,7,0x1C00,0x0000
0.0625700900,7,0x1C00,0x0000
0.0625730500,7,0x1C00,0x0000
0.0625760200,7,0x1C00,0x0000
0.0625789800,7,0x1C00,0x0000
0.0625819400,7,0x1C00,0x0000
0.0625849100,7,0x1C00,0x0000
0.0625878700,7,0x1C00,0x0000
0.0625908300,7,0x1C00,0x0000
0.0625937900,7,0x1C00,0x0000
0.0625967600,7,0x1C00,0x0000
0.0625997200,7,0x1C00,0x0000
0.0626026800,7,0x1C00,0x0000
0.0626056500,7,0x1C00,0x0000
0.0626086100,7,0x1C00,0x0000
0.0626115700,7,0x1C00,0x0000
0.0626145400,7,0x1C00,0x0000
0.0626175000,7,0x1C00,0x0000
0.0626204600,7,0x1C00,0x0000
0.0626234200,7,0x1C00,0x0000
0.0626263900,7,0x1C00,0x0000
0.0626293500,7,0x1C00,0x0000
0.0626323100,7,0x1C00,0x0000
0.0626352800,7,0x1C00,0x0000
0.0626382400,7,0x1C00,0x0000
0.0626412000,7,0x1C00,0x0000
0.0626441600,7,0x1C00,0x0000
0.0626471300,7,0x1C00,0x0000
0.0626500900,7,0x1C00,0x0000
0.0626530500,7,0x1C00,0x0000
0.0626560200,7,0x1C00,0x0000
0.0626589800,7,0x1C00,0x0000
0.0626619400,7,0x1C00,0x0000
0.0626649100,7,0x1C00,0x0000
0.0626678700,7,0x1C00,0x0000
0.0626708300,7,0x1C00,0x0000
0.0626737900,7,0x1C00,0x0000
0.0626767600,7,0x1C00,0x0000
0.0626797200,7,0x1C00,0x0000
0.0626826800,7,0x1C00,0x0000
0.0626856500,7,0x1C00,0x0000
0.0626886100,7,0x1C00,0x0000
0.0626915700,7,0x1C00,0x0000
0.0626945400,7,0x1C00,0x0000
0.0626975000,7,0x1C00,0x0000
0.0627004600,7,0x1C00,0x0000
0.0627034200,7,0x1C00,0x0000
0.0627063900,7,0x1C00,0x0000
0.0627093500,7,0x1C00,0x0000
0.0627123100,7,0x1C00,0x0000
0.0627152800,7,0x1C00,0x0000
0.0627182400,7,0x1C00,0x0000
0.0627212000,7,0x1C00,0x0000
0.0627241600,7,0x1C00,0x0000
0.0627271300,7,0x1C00,0x0000
0.0627300900,7,0x1C00,0x0000
0.0627330500,7,0x1C00,0x0000
0.0627360200,7,0x1C00,0x0000
0.0627389800,7,0x1C00,0x0000
0.0627419400,7,0x1C00,0x0000
0.0627449100,7,0x1C00,0x0000
0.0627478700,7,0x1C00,0x0000
0.0627508300,7,0x1C00,0x0000
0.0627537900,7,0x1C00,0x0000
0.0627567600,7,0x1C00,0x0000
0.0627597200,7,0x1C00,0x0000
0.0627626800,7,0x1C00,0x0000
0.0627656500,7,0x1C00,0x0000
0.0627686100,7,0x1C00,0x0000
0.0627715700,7,0x1C00,0x0000
0.0627745400,7,0x1C00,0x0000
0.0627775000,7,0x1C00,0x0000
0.0627804600,7,0x1C00,0x0000
0.0627834200,7,0x1C00,0x0000
0.0627863900,7,0x1C00,0x0000
0.0627893500,7,0x1C00,0x0000
0.0627923100,7,0x1C00,0x0000
0.0627952800,7,0x1C00,0x0000
0.0627982400,7,0x1C00,0x0000
0.0628012000,7,0x1C00,0x0000
0.0628041600,7,0x1C00,0x0000
0.0628071300,7,0x1C00,0x0000
0.0628100900,7,0x1C00,0x0000
0.0628130500,7,0x1C00,0x0000
0.0628160200,7,0x1C00,0x0000
0.0628189800,7,0x1C00,0x0000
0.0628219400,7,0x1C00,0x0000
0.0628249100,7,0x1C00,0x0000
0.0628278700,7,0x1C00,0x0000
0.0628308300,7,0x1C00,0x0000
0.0628338000,7,0x1C00,0x0000
0.0628367600,7,0x1C00,0x0000
0.0628397200,7,0x1C00,0x0000
0.0628426800,7,0x1C00,0x0000
0.0628456500,7,0x1C00,0x0000
0.0628486100,7,0x1C00,0x0000
0.0628515700,7,0x1C00,0x0000
0.0628545400,7,0x1C00,0x0000
0.0628575000,7,0x1C00,0x0000
0.0628604600,7,0x1C00,0x0000
0.0628634200,7,0x1C00,0x0000
0.0628663900,7,0x1C00,0x0000
0.0628693500,7,0x1C00,0x0000
0.0628723100,7,0x1C00,0x0000
0.0628752800,7,0x1C00,0x0000
0.0628782400,7,0x1C00,0x0000
0.0628812000,7,0x1C00,0x0000
0.0628841600,7,0x1C00,0x0000
0.0628871300,7,0x1C00,0x0000
0.0628900900,7,0x1C00,0x0000
0.0628930500,7,0x1C00,0x0000
0.0628960200,7,0x1C00,0x0000
0.0628989800,7,0x1C00,0x0000
0.0629019400,7,0x1C00,0x0000
0.0629049100,7,0x1C00,0x0000
0.0629078700,7,0x1C00,0x0000
0.0629108300,7,0x1C00,0x0000
0.0629137900,7,0x1C00,0x0000
0.0629167600,7,0x1C00,0x0000
0.0629197200,7,0x1C00,0x0000
0.0629226800,7,0x1C00,0x0000
0.0629256500,7,0x1C00,0x0000
0.0629286100,7,0x1C00,0x0000
0.0629315700,7,0x1C00,0x0000
0.0629345400,7,0x1C00,0x0000
0.0629375000,7,0x1C00,0x0000
0.0629404600,7,0x1C00,0x0000
0.0629434200,7,0x1C00,0x0000
0.0629463900,7,0x1C00,0x0000
0.0629493500,7,0x1C00,0x0000
0.0629523100,7,0x1C00,0x0000
0.0629552800,7,0x1C00,0x0000
0.0629582400,7,0x1C00,0x0000
0.0629612000,7,0x1C00,0x0000
0.0629641600,7,0x1C00,0x0000
0.0629671300,7,0x1C00,0x0000
0.0629700900,7,0x1C00,0x0000
0.0629730500,7,0x1C00,0x0000
0.0629760200,7,0x1C00,0x0000
0.0629789800,7,0x1C00,0x0000
0.0629819400,7,0x1C00,0x0000
0.0629849100,7,0x1C00,0x0000
0.0629878700,7,0x1C00,0x0000
0.0629908300,7,0x1C00,0x0000
0.0629938000,7,0x1C00,0x0000
0.0629967600,7,0x1C00,0x0000
0.0629997200,7,0x1C00,0x0000
0.0630026800,7,0x1C00,0x0000
0.0630056500,7,0x1C00,0x0000
0.0630086100,7,0x1C00,0x0000
0.0630115700,7,0x1C00,0x0000
0.0630145400,7,0x1C00,0x0000
0.0630175000,7,0x1C00,0x0000
0.0630204600,7,0x1C00,0x0000
0.0630234200,7,0x1C00,0x0000
0.0630263900,7,0x1C00,0x0000
0.0630293500,7,0x1C00,0x0000
0.0630323100,7,0x1C00,0x0000
0.0630352800,7,0x1C00,0x0000
0.0630382400,7,0x1C00,0x0000
0.0630412000,7,0x1C00,0x0000
0.0630441600,7,0x1C00,0x0000
0.0630471300,7,0x1C00,0x0000
0.0630500900,7,0x1C00,0x0000
0.0630530500,7,0x1C00,0x0000
0.0630560200,7,0x1C00,0x0000
0.0630589800,7,0x1C00,0x0000
0.0630619400,7,0x1C00,0x0000
0.0630649100,7,0x1C00,0x0000
0.0630678700,7,0x1C00,0x0000
0.0630708300,7,0x1C00,0x0000
0.0630738000,7,0x1C00,0x0000
0.0630767600,7,0x1C00,0x0000
0.0630797200,7,0x1C00,0x0000
0.0630826800,7,0x1C00,0x0000
0.0630856500,7,0x1C00,0x0000
0.0630886100,7,0x1C00,0x0000
0.0630915700,7,0x1C00,0x0000
0.0630945400,7,0x1C00,0x0000
0.0630975000,7,0x1C00,0x0000
0.0631004600,7,0x1C00,0x0000
0.0631034300,7,0x1C00,0x0000
0.0631063900,7,0x1C00,0x0000
0.0631093500,7,0x1C00,0x0000
0.0631123100,7,0x1C00,0x0000
0.0631152800,7,0x1C00,0x0000
0.0631182400,7,0x1C00,0x0000
0.0631212000,7,0x1C00,0x0000
0.0631241600,7,0x1C00,0x0000
0.0631271300,7,0x1C00,0x0000
0.0631300900,7,0x1C00,0x0000
0.0631330500,7,0x1C00,0x0000
0.0631360200,7,0x1C00,0x0000
0.0631389800,7,0x1C00,0x0000
0.0631419400,7,0x1C00,0x0000
0.0631449100,7,0x1C00,0x0000
0.0631478700,7,0x1C00,0x0000
0.0631508300,7,0x1C00,0x0000
0.0631537900,7,0x1C00,0x0000
0.0631567600,7,0x1C00,0x0000
0.0631597200,7,0x1C00,0x0000
0.0631626800,7,0x1C00,0x0000
0.0631656500,7,0x1C00,0x0000
0.0631686100,7,0x1C00,0x0000
0.0631715700,7,0x1C00,0x0000
0.0631745400,7,0x1C00,0x0000
0.0631775000,7,0x1C00,0x0000
0.0631804600,7,0x1C00,0x0000
0.0631834200,7,0x1C00,0x0000
0.0631863900,7,0x1C00,0x0000
0.0631893500,7,0x1C00,0x0000
0.0631923100,7,0x1C00,0x0000
0.0631952800,7,0x1C00,0x0000
0.0631982400,7,0x1C00,0x0000
0.0632012000,7,0x1C00,0x0000
0.0632041600,7,0x1C00,0x0000
0.0632071300,7,0x1C00,0x0000
0.0632100900,7,0x1C00,0x0000
0.0632130500,7,0x1C00,0x0000
0.0632160200,7,0x1C00,0x0000
0.0632189800,7,0x1C00,0x0000
0.0632219400,7,0x1C00,0x0000
0.0632249100,7,0x1C00,0x0000
0.0632278700,7,0x1C00,0x0000
0.0632308300,7,0x1C00,0x0000
0.0632338000,7,0x1C00,0x0000
0.0632367600,7,0x1C00,0x0000
0.0632397200,7,0x1C00,0x0000
0.0632426800,7,0x1C00,0x0000
0.0632456500,7,0x1C00,0x0000
0.0632486100,7,0x1C00,0x0000
0.0632515700,7,0x1C00,0x0000
0.0632545400,7,0x1C00,0x0000
0.0632575000,7,0x1C00,0x0000
0.0632604600,7,0x1C00,0x0000
0.0632634200,7,0x1C00,0x0000
0.0632663900,7,0x1C00,0x0000
0.0632693500,7,0x1C00,0x0000
0.0632723100,7,0x1C00,0x0000
0.0632752800,7,0x1C00,0x0000
0.0632782400,7,0x1C00,0x0000
0.0632812000,7,0x1C00,0x0000
0.0632841700,7,0x1C00,0x0000
0.0632871300,7,0x1C00,0x0000
0.0632900900,7,0x1C00,0x0000
0.0632930500,7,0x1C00,0x0000
0.0632960200,7,0x1C00,0x0000
0.0632989800,7,0x1C00,0x0000
0.0633019400,7,0x1C00,0x0000
0.0633049100,7,0x1C00,0x0000
0.0633078700,7,0x1C00,0x0000
0.0633108300,7,0x1C00,0x0000
0.0633138000,7,0x1C00,0x0000
0.0633167600,7,0x1C00,0x0000
0.0633197200,7,0x1C00,0x0000
0.0633226800,7,0x1C00,0x0000
0.0633256500,7,0x1C00,0x0000
0.0633286100,7,0x1C00,0x0000
0.0633315700,7,0x1C00,0x0000
0.0633345400,7,0x1C00,0x0000
0.0633375000,7,0x1C00,0x0000
0.0633404600,7,0x1C00,0x0000
0.0633434300,7,0x1C00,0x0000
0.0633463900,7,0x1C00,0x0000
0.0633493500,7,0x1C00,0x0000
0.0633523100,7,0x1C00,0x0000
0.0633552800,7,0x1C00,0x0000
0.0633582400,7,0x1C00,0x0000
0.0633612000,7,0x1C00,0x0000
0.0633641600,7,0x1C00,0x0000
0.0633671300,7,0x1C00,0x0000
0.0633700900,7,0x1C00,0x0000
0.0633730500,7,0x1C00,0x0000
0.0633760200,7,0x1C00,0x0000
0.0633789800,7,0x1C00,0x0000
0.0633819400,7,0x1C00,0x0000
0.0633849100,7,0x1C00,0x0000
0.0633878700,7,0x1C00,0x0000
0.0633908300,7,0x1C00,0x0000
0.0633938000,7,0x1C00,0x0000
0.0633967600,7,0x1C00,0x0000
0.0633997200,7,0x1C00,0x0000
0.0634026800,7,0x1C00,0x0000
0.0634056500,7,0x1C00,0x0000
0.0634086100,7,0x1C00,0x0000
0.0634115700,7,0x1C00,0x0000
0.0634145400,7,0x1C00,0x0000
0.0634175000,7,0x1C00,0x0000
0.0634204600,7,0x1C00,0x0000
0.0634234300,7,0x1C00,0x0000
0.0634263900,7,0x1C00,0x0000
0.0634293500,7,0x1C00,0x0000
0.0634323100,7,0x1C00,0x0000
0.0634352800,7,0x1C00,0x0000
0.0634382400,7,0x1C00,0x0000
0.0634412000,7,0x1C00,0x0000
0.0634441600,7,0x1C00,0x0000
0.0634471300,7,0x1C00,0x0000
0.0634500900,7,0x1C00,0x0000
0.0634530500,7,0x1C00,0x0000
0.0634560200,7,0x1C00,0x0000
0.0634589800,7,0x1C00,0x0000
0.0634619400,7,0x1C00,0x0000
0.0634649100,7,0x1C00,0x0000
0.0634678700,7,0x1C00,0x0000
0.0634708300,7,0x1C00,0x0000
0.0634738000,7,0x1C00,0x0000
0.0634767600,7,0x83E7,0x0000
0.0634797200,7,0xAFFF,0x0000
0.0634826800,7,0xAFFF,0x0000
0.0634856500,7,0xAFFF,0x0000
0.0634886100,7,0xAFFF,0x0000
0.0634915700,7,0xAFFF,0x0000
0.0634945400,7,0xAFFF,0x0000
0.0634975000,7,0xAFFF,0x0000
0.0635004600,7,0xAFFF,0x0000
0.0635034300,7,0xAFFF,0x0000
0.0635063900,7,0xAFFF,0x0000
0.0635093500,7,0xAFFF,0x0000
0.0635123100,7,0xAFFF,0x0000
0.0635152800,7,0xAFFF,0x0000
0.0635182400,7,0xAFFF,0x0000
0.0635212000,7,0xAFFF,0x0000
0.0635241700,7,0xAFFF,0x0000
0.0635271300,7,0x83E1,0x0000
0.0635300900,7,0x1C00,0x0000
0.0635330600,7,0x1C00,0x0000
0.0635360200,7,0x1C00,0x0000
0.0635389800,7,0x1C00,0x0000
0.0635419400,7,0x1C00,0x0000
0.0635449100,7,0x1C00,0x0000
0.0635478700,7,0x1C00,0x0000
0.0635508300,7,0x1C00,0x0000
0.0635538000,7,0x1C00,0x0000
0.0635567600,7,0x1C00,0x0000
0.0635597200,7,0x1C00,0x0000
0.0635626800,7,0x1C00,0x0000
0.0635656500,7,0x1C00,0x0000
0.0635686100,7,0x1C00,0x0000
0.0635715700,7,0x1C00,0x0000
0.0635745400,7,0x1C00,0x0000
0.0635775000,7,0x1C00,0x0000
0.0635804600,7,0x1C00,0x0000
0.0635834300,7,0x1C00,0x0000
0.0635863900,7,0x1C00,0x0000
0.0635893500,7,0x1C00,0x0000
0.0635923100,7,0x1C00,0x0000
0.0635952800,7,0x1C00,0x0000
0.0635982400,7,0x1C00,0x0000
0.0636012000,7,0x1C00,0x0000
0.0636041600,7,0x1C00,0x0000
0.0636071300,7,0x1C00,0x0000
0.0636100900,7,0x1C00,0x0000
0.0636130600,7,0x1C00,0x0000
0.0636160200,7,0x1C00,0x0000
0.0636189800,7,0x93E7,0x0000
0.0636219400,7,0xBBEF,0x0000
0.0636249100,7,0xBBEF,0x0000
0.0636278700,7,0xBBEF,0x0000
0.0636308300,7,0xBBEF,0x0000
0.0636338000,7,0xBBEF,0x0000
0.0636367600,7,0xBBEF,0x0000
0.0636397200,7,0xBBEF,0x0000
0.0636426800,7,0xBBEF,0x0000
0.0636456500,7,0xBBEF,0x0000
0.0636486100,7,0xBBEF,0x0000
0.0636515700,7,0xBBEF,0x0000
0.0636545400,7,0xBBEF,0x0000
0.0636575000,7,0xBBEF,0x0000
0.0636604600,7,0xBBEF,0x0000
0.0636634300,7,0xBBEF,0x0000
0.0636663900,7,0xBBEF,0x0000
0.0636693500,7,0x8FEF,0x0000
0.0636723100,7,0x1C00,0x0000
0.0636752800,7,0x1C00,0x0000
0.0636782400,7,0x1C00,0x0000
0.0636812000,7,0x1C00,0x0000
0.0636841700,7,0x1C00,0x0000
0.0636871300,7,0x1C00,0x0000
0.0636900900,7,0x1C00,0x0000
0.0636930600,7,0x1C00,0x0000
0.0636960200,7,0x1C00,0x0000
0.0636989800,7,0x1C00,0x0000
0.0637019400,7,0x1C00,0x0000
0.0637049100,7,0x1C00,0x0000
0.0637078700,7,0x1C00,0x0000
0.0637108300,7,0x1C00,0x0000
0.0637138000,7,0x1C00,0x0000
0.0637167600,7,0x1C00,0x0000
0.0637197200,7,0x1C00,0x0000
0.0637226800,7,0x1C00,0x0000
0.0637256500,7,0x1C00,0x0000
0.0637286100,7,0x1C00,0x0000
0.0637315700,7,0x1C00,0x0000
0.0637345400,7,0x1C00,0x0000
0.0637375000,7,0x1C00,0x0000
0.0637404600,7,0x1C00,0x0000
0.0637434300,7,0x1C00,0x0000
0.0637463900,7,0x1C00,0x0000
0.0637493500,7,0x1C00,0x0000
0.0637523100,7,0x1C00,0x0000
0.0637552800,7,0x1C00,0x0000
0.0637582400,7,0x1C00,0x0000
0.0637612000,7,0x93E7,0x0000
0.0637641700,7,0xBBEF,0x0000
0.0637671300,7,0xBBEF,0x0000
0.0637700900,7,0xBBEF,0x0000
0.0637730600,7,0xBBEF,0x0000
0.0637760200,7,0xBBEF,0x0000
0.0637789800,7,0xBBEF,0x0000
0.0637819400,7,0xBBEF,0x0000
0.0637849100,7,0xBBEF,0x0000
0.0637878700,7,0xBBEF,0x0000
0.0637908300,7,0xBBEF,0x0000
0.0637938000,7,0xBBEF,0x0000
0.0637967600,7,0xBBEF,0x0000
0.0637997200,7,0xBBEF,0x0000
0.0638026800,7,0xBBEF,0x0000
0.0638056500,7,0xBBEF,0x0000
0.0638086100,7,0xBBEF,0x0000
0.0638115700,7,0x8FEF,0x0000
0.0638145400,7,0x1C00,0x0000
0.0638175000,7,0x1C00,0x0000
0.0638204600,7,0x1C00,0x0000
0.0638234300,7,0x1C00,0x0000
0.0638263900,7,0x1C00,0x0000
0.0638293500,7,0x1C00,0x0000
0.0638323100,7,0x1C00,0x0000
0.0638352800,7,0x1C00,0x0000
0.0638382400,7,0x1C00,0x0000
0.0638412000,7,0x1C00,0x0000
0.0638441700,7,0x1C00,0x0000
0.0638471300,7,0x1C00,0x0000
0.0638500900,7,0x1C00,0x0000
0.0638530600,7,0x1C00,0x0000
0.0638560200,7,0x1C00,0x0000
0.0638589800,7,0x1C00,0x0000
0.0638619500,7,0x1C00,0x0000
0.0638649100,7,0x1C00,0x0000
0.0638678700,7,0x1C00,0x0000
0.0638708300,7,0x1C00,0x0000
0.0638738000,7,0x1C00,0x0000
0.0638767600,7,0x1C00,0x0000
0.0638797200,7,0x1C00,0x0000
0.0638826900,7,0x1C00,0x0000
0.0638856500,7,0x1C00,0x0000
0.0638886100,7,0x1C00,0x0000
0.0638915700,7,0x1C00,0x0000
0.0638945400,7,0x1C00,0x0000
0.0638975000,7,0x1C00,0x0000
0.0639004600,7,0x1C00,0x0000
0.0639034300,7,0x93E7,0x0000
0.0639063900,7,0xBBEF,0x0000
0.0639093500,7,0xBBEF,0x0000
0.0639123100,7,0xBBEF,0x0000
0.0639152800,7,0xBBEF,0x0000
0.0639182400,7,0xBBEF,0x0000
0.0639212000,7,0xBBEF,0x0000
0.0639241700,7,0xBBEF,0x0000
0.0639271300,7,0xBBEF,0x0000
0.0639300900,7,0xBBEF,0x0000
0.0639330600,7,0xBBEF,0x0000
0.0639360200,7,0xBBEF,0x0000
0.0639389800,7,0xBBEF,0x0000
0.0639419400,7,0xBBEF,0x0000
0.0639449100,7,0xBBEF,0x0000
0.0639478700,7,0xBBEF,0x0000
0.0639508300,7,0xBBEF,0x0000
0.0639538000,7,0x8FEF,0x0000
0.0639567600,7,0x1C00,0x0000
0.0639597200,7,0x1C00,0x0000
0.0639626900,7,0x1C00,0x0000
0.0639656500,7,0x1C00,0x0000
0.0639686100,7,0x1C00,0x0000
0.0639715700,7,0x1C00,0x0000
0.0639745400,7,0x1C00,0x0000
0.0639775000,7,0x1C00,0x0000
0.0639804600,7,0x1C00,0x0000
0.0639834300,7,0x1C00,0x0000
0.0639863900,7,0x1C00,0x0000
0.0639893500,7,0x1C00,0x0000
0.0639923100,7,0x1C00,0x0000
0.0639952800,7,0x1C00,0x0000
0.0639982400,7,0x1C00,0x0000
0.0640012000,7,0x1C00,0x0000
0.0640041700,7,0x1C00,0x0000
0.0640071300,7,0x1C00,0x0000
0.0640100900,7,0x1C00,0x0000
0.0640130600,7,0x1C00,0x0000
0.0640160200,7,0x1C00,0x0000
0.0640189800,7,0x1C00,0x0000
0.0640219400,7,0x1C00,0x0000
0.0640249100,7,0x1C00,0x0000
0.0640278700,7,0x1C00,0x0000
0.0640308300,7,0x1C00,0x0000
0.0640338000,7,0x1C00,0x0000
0.0640367600,7,0x1C00,0x0000
0.0640397200,7,0x1C00,0x0000
0.0640426900,7,0x1C00,0x0000
0.0640456500,7,0x93E7,0x0000
0.0640486100,7,0xBBEF,0x0000
0.0640515700,7,0xBBEF,0x0000
0.0640545400,7,0xBBEF,0x0000
0.0640575000,7,0xBBEF,0x0000
0.0640604600,7,0xBBEF,0x0000
0.0640634300,7,0xBBEF,0x0000
0.0640663900,7,0xBBEF,0x0000
0.0640693500,7,0xBBEF,0x0000
0.0640723100,7,0xBBEF,0x0000
0.0640752800,7,0xBBEF,0x0000
0.0640782400,7,0xBBEF,0x0000
0.0640812000,7,0xBBEF,0x0000
0.0640841700,7,0xBBEF,0x0000
0.0640871300,7,0xBBEF,0x0000
0.0640900900,7,0xBBEF,0x0000
0.0640930600,7,0xBBEF,0x0000
0.0640960200,7,0x8FEF,0x0000
0.0640989800,7,0x1C00,0x0000
0.0641019400,7,0x1C00,0x0000
0.0641049100,7,0x1C00,0x0000
0.0641078700,7,0x1C00,0x0000
0.0641108300,7,0x1C00,0x0000
0.0641138000,7,0x1C00,0x0000
0.0641167600,7,0x1C00,0x0000
0.0641197200,7,0x1C00,0x0000
0.0641226900,7,0x1C00,0x0000
0.0641256500,7,0x1C00,0x0000
0.0641286100,7,0x1C00,0x0000
0.0641315700,7,0x1C00,0x0000
0.0641345400,7,0x1C00,0x0000
0.0641375000,7,0x1C00,0x0000
0.0641404600,7,0x1C00,0x0000
0.0641434300,7,0x1C00,0x0000
0.0641463900,7,0x1C00,0x0000
0.0641493500,7,0x1C00,0x0000
0.0641523100,7,0x1C00,0x0000
0.0641552800,7,0x1C00,0x0000
0.0641582400,7,0x1C00,0x0000
0.0641612000,7,0x1C00,0x0000
0.0641641700,7,0x1C00,0x0000
0.0641671300,7,0x1C00,0x0000
0.0641700900,7,0x1C00,0x0000
0.0641730600,7,0x1C00,0x0000
0.0641760200,7,0x1C00,0x0000
0.0641789800,7,0x1C00,0x0000
0.0641819500,7,0x1C00,0x0000
0.0641849100,7,0x1C00,0x0000
0.0641878700,7,0x93E7,0x0000
0.0641908300,7,0xBBEF,0x0000
0.0641938000,7,0xBBEF,0x0000
0.0641967600,7,0xBBEF,0x0000
0.0641997200,7,0xBBEF,0x0000
0.0642026900,7,0xBBEF,0x0000
0.0642056500,7,0xBBEF,0x0000
0.0642086100,7,0xBBEF,0x0000
0.0642115700,7,0xBBEF,0x0000
0.0642145400,7,0xBBEF,0x0000
0.0642175000,7,0xBBEF,0x0000
0.0642204600,7,0xBBEF,0x0000
0.0642234300,7,0xBBEF,0x0000
0.0642263900,7,0xBBEF,0x0000
0.0642293500,7,0xBBEF,0x0000
0.0642323100,7,0xBBEF,0x0000
0.0642352800,7,0xBBEF,0x0000
0.0642382400,7,0x8FEF,0x0000
0.0642412000,7,0x1C00,0x0000
0.0642441700,7,0x1C00,0x0000
0.0642471300,7,0x1C00,0x0000
0.0642500900,7,0x1C00,0x0000
0.0642530600,7,0x1C00,0x0000
0.0642560200,7,0x1C00,0x0000
0.0642589800,7,0x1C00,0x0000
0.0642619400,7,0x1C00,0x0000
0.0642649100,7,0x1C00,0x0000
0.0642678700,7,0x1C00,0x0000
0.0642708300,7,0x1C00,0x0000
0.0642738000,7,0x1C00,0x0000
0.0642767600,7,0x1C00,0x0000
0.0642797200,7,0x1C00,0x0000
0.0642826900,7,0x1C00,0x0000
0.0642856500,7,0x1C00,0x0000
0.0642886100,7,0x1C00,0x0000
0.0642915700,7,0x1C00,0x0000
0.0642945400,7,0x1C00,0x0000
0.0642975000,7,0x1C00,0x0000
0.0643004600,7,0x1C00,0x0000
0.0643034300,7,0x1C00,0x0000
0.0643063900,7,0x1C00,0x0000
0.0643093500,7,0x1C00,0x0000
0.0643123100,7,0x1C00,0x0000
0.0643152800,7,0x1C00,0x0000
0.0643182400,7,0x1C00,0x0000
0.0643212000,7,0x1C00,0x0000
0.0643241700,7,0x1C00,0x0000
0.0643271300,7,0x1C00,0x0000
0.0643300900,7,0x93E7,0x0000
0.0643330600,7,0xBBEF,0x0000
0.0643360200,7,0xBBEF,0x0000
0.0643389800,7,0xBBEF,0x0000
0.0643419500,7,0xBBEF,0x0000
0.0643449100,7,0xBBEF,0x0000
0.0643478700,7,0xBBEF,0x0000
0.0643508300,7,0xBBEF,0x0000
0.0643538000,7,0xBBEF,0x0000
0.0643567600,7,0xBBEF,0x0000
0.0643597200,7,0xBBEF,0x0000
0.0643626900,7,0xBBEF,0x0000
0.0643656500,7,0xBBEF,0x0000
0.0643686100,7,0xBBEF,0x0000
0.0643715700,7,0xBBEF,0x0000
0.0643745400,7,0xBBEF,0x0000
0.0643775000,7,0xBBEF,0x0000
0.0643804600,7,0x8FEF,0x0000
0.0643834300,7,0x1C00,0x0000
0.0643863900,7,0x1C00,0x0000
0.0643893500,7,0x1C00,0x0000
0.0643923100,7,0x1C00,0x0000
0.0643952800,7,0x1C00,0x0000
0.0643982400,7,0x1C00,0x0000
0.0644012000,7,0x1C00,0x0000
0.0644041700,7,0x1C00,0x0000
0.0644071300,7,0x1C00,0x0000
0.0644100900,7,0x1C00,0x0000
0.0644130600,7,0x1C00,0x0000
0.0644160200,7,0x1C00,0x0000
0.0644189800,7,0x1C00,0x0000
0.0644219500,7,0x1C00,0x0000
0.0644249100,7,0x1C00,0x0000
0.0644278700,7,0x1C00,0x0000
0.0644308300,7,0x1C00,0x0000
0.0644338000,7,0x1C00,0x0000
0.0644367600,7,0x1C00,0x0000
0.0644397200,7,0x1C00,0x0000
0.0644426900,7,0x1C00,0x0000
0.0644456500,7,0x1C00,0x0000
0.0644486100,7,0x1C00,0x0000
0.0644515800,7,0x1C00,0x0000
0.0644545400,7,0x1C00,0x0000
0.0644575000,7,0x1C00,0x0000
0.0644604600,7,0x1C00,0x0000
0.0644634300,7,0x1C00,0x0000
0.0644663900,7,0x1C00,0x0000
0.0644693500,7,0x1C00,0x0000
0.0644723100,7,0x93E7,0x0000
0.0644752800,7,0xBBEF,0x0000
0.0644782400,7,0xBBEF,0x0000
0.0644812000,7,0xBBEF,0x0000
0.0644841700,7,0xBBEF,0x0000
0.0644871300,7,0xBBEF,0x0000
0.0644900900,7,0xBBEF,0x0000
0.0644930600,7,0xBBEF,0x0000
0.0644960200,7,0xBBEF,0x0000
0.0644989800,7,0xBBEF,0x0000
0.0645019400,7,0xBBEF,0x0000
0.0645049100,7,0xBBEF,0x0000
0.0645078700,7,0xBBEF,0x0000
0.0645108300,7,0xBBEF,0x0000
0.0645138000,7,0xBBEF,0x0000
0.0645167600,7,0xBBEF,0x0000
0.0645197200,7,0xBBEF,0x0000
0.0645226900,7,0x8FEF,0x0000
0.0645256500,7,0x1C00,0x0000
0.0645286100,7,0x1C00,0x0000
0.0645315800,7,0x1C00,0x0000
0.0645345400,7,0x1C00,0x0000
0.0645375000,7,0x1C00,0x0000
0.0645404600,7,0x1C00,0x0000
0.0645434300,7,0x1C00,0x0000
0.0645463900,7,0x1C00,0x0000
0.0645493500,7,0x1C00,0x0000
0.0645523100,7,0x1C00,0x0000
0.0645552800,7,0x1C00,0x0000
0.0645582400,7,0x1C00,0x0000
0.0645612000,7,0x1C00,0x0000
0.0645641700,7,0x1C00,0x0000
0.0645671300,7,0x1C00,0x0000
0.0645700900,7,0x1C00,0x0000
0.0645730600,7,0x1C00,0x0000
0.0645760200,7,0x1C00,0x0000
0.0645789800,7,0x1C00,0x0000
0.0645819500,7,0x1C00,0x0000
0.0645849100,7,0x1C00,0x0000
0.0645878700,7,0x1C00,0x0000
0.0645908300,7,0x1C00,0x0000
0.0645938000,7,0x1C00,0x0000
0.0645967600,7,0x1C00,0x0000
0.0645997200,7,0x1C00,0x0000
0.0646026900,7,0x1C00,0x0000
0.0646056500,7,0x1C00,0x0000
0.0646086100,7,0x1C00,0x0000
0.0646115800,7,0x1C00,0x0000
0.0646145400,7,0x93E7,0x0000
0.0646175000,7,0xBBEF,0x0000
0.0646204600,7,0xBBEF,0x0000
0.0646234300,7,0xBBEF,0x0000
0.0646263900,7,0xBBEF,0x0000
0.0646293500,7,0xBBEF,0x0000
0.0646323100,7,0xBBEF,0x0000
0.0646352800,7,0xBBEF,0x0000
0.0646382400,7,0xBBEF,0x0000
0.0646412000,7,0xBBEF,0x0000
0.0646441700,7,0xBBEF,0x0000
0.0646471300,7,0xBBEF,0x0000
0.0646500900,7,0xBBEF,0x0000
0.0646530600,7,0xBBEF,0x0000
0.0646560200,7,0xBBEF,0x0000
0.0646589800,7,0xBBEF,0x0000
0.0646619500,7,0xBBEF,0x0000
0.0646649100,7,0x8FEF,0x0000
0.0646678700,7,0x1C00,0x0000
0.0646708300,7,0x1C00,0x0000
0.0646738000,7,0x1C00,0x0000
0.0646767600,7,0x1C00,0x0000
0.0646797200,7,0x1C00,0x0000
0.0646826900,7,0x1C00,0x0000
0.0646856500,7,0x1C00,0x0000
0.0646886100,7,0x1C00,0x0000
0.0646915800,7,0x1C00,0x0000
0.0646945400,7,0x1C00,0x0000
0.0646975000,7,0x1C00,0x0000
0.0647004600,7,0x1C00,0x0000
0.0647034300,7,0x1C00,0x0000
0.0647063900,7,0x1C00,0x0000
0.0647093500,7,0x1C00,0x0000
0.0647123200,7,0x1C00,0x0000
0.0647152800,7,0x1C00,0x0000
0.0647182400,7,0x1C00,0x0000
0.0647212100,7,0x1C00,0x0000
0.0647241700,7,0x1C00,0x0000
0.0647271300,7,0x1C00,0x0000
0.0647300900,7,0x1C00,0x0000
0.0647330600,7,0x1C00,0x0000
0.0647360200,7,0x1C00,0x0000
0.0647389800,7,0x1C00,0x0000
0.0647419500,7,0x1C00,0x0000
0.0647449100,7,0x1C00,0x0000
0.0647478700,7,0x1C00,0x0000
0.0647508300,7,0x1C00,0x0000
0.0647538000,7,0x1C00,0x0000
0.0647567600,7,0x83E1,0x0000
0.0647597200,7,0xAFF6,0x0000
0.0647626900,7,0xAFF6,0x0000
0.0647656500,7,0xAFF6,0x0000
0.0647686100,7,0xAFF6,0x0000
0.0647715800,7,0xAFF6,0x0000
0.0647745400,7,0xAFF6,0x0000
0.0647775000,7,0xAFF6,0x0000
0.0647804600,7,0xAFF6,0x0000
0.0647834300,7,0xAFF6,0x0000
0.0647863900,7,0xAFF6,0x0000
0.0647893500,7,0xAFF6,0x0000
0.0647923100,7,0xAFF6,0x0000
0.0647952800,7,0xAFF6,0x0000
0.0647982400,7,0xAFF6,0x0000
0.0648012000,7,0xAFF6,0x0000
0.0648041700,7,0xAFF6,0x0000
0.0648071300,7,0x83E1,0x0000
0.0648100900,7,0x1C00,0x0000
0.0648130600,7,0x1C00,0x0000
0.0648160200,7,0x1C00,0x0000
0.0648189800,7,0x1C00,0x0000
0.0648219500,7,0x1C00,0x0000
0.0648249100,7,0x1C00,0x0000
0.0648278700,7,0x1C00,0x0000
0.0648308300,7,0x1C00,0x0000
0.0648338000,7,0x1C00,0x0000
0.0648367600,7,0x1C00,0x0000
0.0648397200,7,0x1C00,0x0000
0.0648426900,7,0x1C00,0x0000
0.0648456500,7,0x1C00,0x0000
0.0648486100,7,0x1C00,0x0000
0.0648515800,7,0x1C00,0x0000
0.0648545400,7,0x1C00,0x0000
0.0648575000,7,0x1C00,0x0000
0.0648604600,7,0x1C00,0x0000
0.0648634300,7,0x1C00,0x0000
0.0648663900,7,0x1C00,0x0000
0.0648693500,7,0x1C00,0x0000
0.0648723200,7,0x1C00,0x0000
0.0648752800,7,0x1C00,0x0000
0.0648782400,7,0x1C00,0x0000
0.0648812100,7,0x1C00,0x0000
0.0648841700,7,0x1C00,0x0000
0.0648871300,7,0x1C00,0x0000
0.0648900900,7,0x1C00,0x0000
0.0648930600,7,0x1C00,0x0000
0.0648960200,7,0x1C00,0x0000
0.0648989800,7,0x1C00,0x0000
0.0649019500,7,0x1C00,0x0000
0.0649049100,7,0x1C00,0x0000
0.0649078700,7,0x1C00,0x0000
0.0649108300,7,0x1C00,0x0000
0.0649138000,7,0x1C00,0x0000
0.0649167600,7,0x1C00,0x0000
0.0649197200,7,0x1C00,0x0000
0.0649226900,7,0x1C00,0x0000
0.0649256500,7,0x1C00,0x0000
0.0649286100,7,0x1C00,0x0000
0.0649315800,7,0x1C00,0x0000
0.0649345400,7,0x1C00,0x0000
0.0649375000,7,0x1C00,0x0000
0.0649404600,7,0x1C00,0x0000
0.0649434300,7,0x1C00,0x0000
0.0649463900,7,0x1C00,0x0000
0.0649493500,7,0x1C00,0x0000
0.0649523200,7,0x1C00,0x0000
0.0649552800,7,0x1C00,0x0000
0.0649582400,7,0x1C00,0x0000
0.0649612000,7,0x1C00,0x0000
0.0649641700,7,0x1C00,0x0000
0.0649671300,7,0x1C00,0x0000
0.0649700900,7,0x1C00,0x0000
0.0649730600,7,0x1C00,0x0000
0.0649760200,7,0x1C00,0x0000
0.0649789800,7,0x1C00,0x0000
0.0649819500,7,0x1C00,0x0000
0.0649849100,7,0x1C00,0x0000
0.0649878700,7,0x1C00,0x0000
0.0649908300,7,0x1C00,0x0000
0.0649938000,7,0x1C00,0x0000
0.0649967600,7,0x1C00,0x0000
0.0649997200,7,0x1C00,0x0000
0.0650026900,7,0x1C00,0x0000
0.0650056500,7,0x1C00,0x0000
0.0650086100,7,0x1C00,0x0000
0.0650115800,7,0x1C00,0x0000
0.0650145400,7,0x1C00,0x0000
0.0650175000,7,0x1C00,0x0000
0.0650204600,7,0x1C00,0x0000
0.0650234300,7,0x1C00,0x0000
0.0650263900,7,0x1C00,0x0000
0.0650293500,7,0x1C00,0x0000
0.0650323200,7,0x1C00,0x0000
0.0650352800,7,0x1C00,0x0000
0.0650382400,7,0x1C00,0x0000
0.0650412100,7,0x1C00,0x0000
0.0650441700,7,0x1C00,0x0000
0.0650471300,7,0x1C00,0x0000
0.0650500900,7,0x1C00,0x0000
0.0650530600,7,0x1C00,0x0000
0.0650560200,7,0x1C00,0x0000
0.0650589800,7,0x1C00,0x0000
0.0650619500,7,0x1C00,0x0000
0.0650649100,7,0x1C00,0x0000
0.0650678700,7,0x1C00,0x0000
0.0650708300,7,0x1C00,0x0000
0.0650738000,7,0x1C00,0x0000
0.0650767600,7,0x1C00,0x0000
0.0650797200,7,0x1C00,0x0000
0.0650826900,7,0x1C00,0x0000
0.0650856500,7,0x1C00,0x0000
0.0650886100,7,0x1C00,0x0000
0.0650915800,7,0x1C00,0x0000
0.0650945400,7,0x1C00,0x0000
0.0650975000,7,0x1C00,0x0000
0.0651004600,7,0x1C00,0x0000
0.0651034300,7,0x1C00,0x0000
0.0651063900,7,0x1C00,0x0000
0.0651093500,7,0x1C00,0x0000
0.0651123200,7,0x1C00,0x0000
0.0651152800,7,0x1C00,0x0000
0.0651182400,7,0x1C00,0x0000
0.0651212100,7,0x1C00,0x0000
0.0651241700,7,0x1C00,0x0000
0.0651271300,7,0x1C00,0x0000
0.0651300900,7,0x1C00,0x0000
0.0651330600,7,0x1C00,0x0000
0.0651360200,7,0x1C00,0x0000
0.0651389800,7,0x1C00,0x0000
0.0651419500,7,0x1C00,0x0000
0.0651449100,7,0x1C00,0x0000
0.0651478700,7,0x1C00,0x0000
0.0651508400,7,0x1C00,0x0000
0.0651538000,7,0x1C00,0x0000
0.0651567600,7,0x1C00,0x0000
0.0651597200,7,0x1C00,0x0000
0.0651626900,7,0x1C00,0x0000
0.0651656500,7,0x1C00,0x0000
0.0651686100,7,0x1C00,0x0000
0.0651715800,7,0x1C00,0x0000
0.0651745400,7,0x1C00,0x0000
0.0651775000,7,0x1C00,0x0000
0.0651804600,7,0x1C00,0x0000
0.0651834300,7,0x1C00,0x0000
0.0651863900,7,0x1C00,0x0000
0.0651893500,7,0x1C00,0x0000
0.0651923200,7,0x1C00,0x0000
0.0651952800,7,0x1C00,0x0000
0.0651982400,7,0x1C00,0x0000
0.0652012100,7,0x1C00,0x0000
0.0652041700,7,0x1C00,0x0000
0.0652071300,7,0x1C00,0x0000
0.0652100900,7,0x1C00,0x0000
0.0652130600,7,0x1C00,0x0000
0.0652160200,7,0x1C00,0x0000
0.0652189800,7,0x1C00,0x0000
0.0652219500,7,0x1C00,0x0000
0.0652249100,7,0x1C00,0x0000
0.0652278700,7,0x1C00,0x0000
0.0652308400,7,0x1C00,0x0000
0.0652338000,7,0x1C00,0x0000
0.0652367600,7,0x1C00,0x0000
0.0652397200,7,0x1C00,0x0000
0.0652426900,7,0x1C00,0x0000
0.0652456500,7,0x1C00,0x0000
0.0652486100,7,0x1C00,0x0000
0.0652515800,7,0x1C00,0x0000
0.0652545400,7,0x1C00,0x0000
0.0652575000,7,0x1C00,0x0000
0.0652604600,7,0x1C00,0x0000
0.0652634300,7,0x1C00,0x0000
0.0652663900,7,0x1C00,0x0000
0.0652693500,7,0x1C00,0x0000
0.0652723200,7,0x1C00,0x0000
0.0652752800,7,0x1C00,0x0000
0.0652782400,7,0x1C00,0x0000
0.0652812100,7,0x1C00,0x0000
0.0652841700,7,0x1C00,0x0000
0.0652871300,7,0x1C00,0x0000
0.0652900900,7,0x1C00,0x0000
0.0652930600,7,0x1C00,0x0000
0.0652960200,7,0x1C00,0x0000
0.0652989800,7,0x1C00,0x0000
0.0653019500,7,0x1C00,0x0000
0.0653049100,7,0x1C00,0x0000
0.0653078700,7,0x1C00,0x0000
0.0653108400,7,0x1C00,0x0000
0.0653138000,7,0x1C00,0x0000
0.0653167600,7,0x1C00,0x0000
0.0653197200,7,0x1C00,0x0000
0.0653226900,7,0x1C00,0x0000
0.0653256500,7,0x1C00,0x0000
0.0653286100,7,0x1C00,0x0000
0.0653315800,7,0x1C00,0x0000
0.0653345400,7,0x1C00,0x0000
0.0653375000,7,0x1C00,0x0000
0.0653404600,7,0x1C00,0x0000
0.0653434300,7,0x1C00,0x0000
0.0653463900,7,0x1C00,0x0000
0.0653493500,7,0x1C00,0x0000
0.0653523200,7,0x1C00,0x0000
0.0653552800,7,0x1C00,0x0000
0.0653582400,7,0x1C00,0x0000
0.0653612100,7,0x1C00,0x0000
0.0653641700,7,0x1C00,0x0000
0.0653671300,7,0x1C00,0x0000
0.0653700900,7,0x1C00,0x0000
0.0653730600,7,0x1C00,0x0000
0.0653760200,7,0x1C00,0x0000
0.0653789800,7,0x1C00,0x0000
0.0653819500,7,0x1C00,0x0000
0.0653849100,7,0x1C00,0x0000
0.0653878700,7,0x1C00,0x0000
0.0653908400,7,0x1C00,0x0000
0.0653938000,7,0x1C00,0x0000
0.0653967600,7,0x1C00,0x0000
0.0653997200,7,0x1C00,0x0000
0.0654026900,7,0x1C00,0x0000
0.0654056500,7,0x1C00,0x0000
0.0654086100,7,0x1C00,0x0000
0.0654115800,7,0x1C00,0x0000
0.0654145400,7,0x1C00,0x0000
0.0654175000,7,0x1C00,0x0000
0.0654204600,7,0x1C00,0x0000
0.0654234300,7,0x1C00,0x0000
0.0654263900,7,0x1C00,0x0000
0.0654293500,7,0x1C00,0x0000
0.0654323200,7,0x1C00,0x0000
0.0654352800,7,0x1C00,0x0000
0.0654382400,7,0x1C00,0x0000
0.0654412100,7,0x1C00,0x0000
0.0654441700,7,0x1C00,0x0000
0.0654471300,7,0x1C00,0x0000
0.0654500900,7,0x1C00,0x0000
0.0654530600,7,0x1C00,0x0000
0.0654560200,7,0x1C00,0x0000
0.0654589800,7,0x1C00,0x0000
0.0654619500,7,0x1C00,0x0000
0.0654649100,7,0x1C00,0x0000
0.0654678700,7,0x1C00,0x0000
0.0654708400,7,0x1C00,0x0000
0.0654738000,7,0x1C00,0x0000
0.0654767600,7,0x1C00,0x0000
0.0654797200,7,0x1C00,0x0000
0.0654826900,7,0x1C00,0x0000
0.0654856500,7,0x1C00,0x0000
0.0654886100,7,0x1C00,0x0000
0.0654915800,7,0x1C00,0x0000
0.0654945400,7,0x1C00,0x0000
0.0654975000,7,0x1C00,0x0000
0.0655004600,7,0x1C00,0x0000
0.0655034300,7,0x1C00,0x0000
0.0655063900,7,0x1C00,0x0000
0.0655093500,7,0x1C00,0x0000
0.0655123200,7,0x1C00,0x0000
0.0655152800,7,0x1C00,0x0000
0.0655182400,7,0x1C00,0x0000
0.0655212100,7,0x1C00,0x0000
0.0655241700,7,0x1C00,0x0000
0.0655271300,7,0x1C00,0x0000
0.0655301000,7,0x1C00,0x0000
0.0655330600,7,0x1C00,0x0000
0.0655360200,7,0x1C00,0x0000
0.0655389800,7,0x1C00,0x0000
0.0655419500,7,0x1C00,0x0000
0.0655449100,7,0x1C00,0x0000
0.0655478700,7,0x1C00,0x0000
0.0655508400,7,0x1C00,0x0000
0.0655538000,7,0x1C00,0x0000
0.0655567600,7,0x1C00,0x0000
0.0655597300,7,0x1C00,0x0000
0.0655626900,7,0x1C00,0x0000
0.0655656500,7,0x1C00,0x0000
0.0655686100,7,0x1C00,0x0000
0.0655715800,7,0x1C00,0x0000
0.0655745400,7,0x1C00,0x0000
0.0655775000,7,0x1C00,0x0000
0.0655804600,7,0x1C00,0x0000
0.0655834300,7,0x1C00,0x0000
0.0655863900,7,0x1C00,0x0000
0.0655893500,7,0x1C00,0x0000
0.0655923200,7,0x1C00,0x0000
0.0655952800,7,0x1C00,0x0000
0.0655982400,7,0x1C00,0x0000
0.0656012100,7,0x1C00,0x0000
0.0656041700,7,0x1C00,0x0000
0.0656071300,7,0x1C00,0x0000
0.0656101000,7,0x1C00,0x0000
0.0656130600,7,0x1C00,0x0000
0.0656160200,7,0x1C00,0x0000
0.0656189800,7,0x1C00,0x0000
0.0656219500,7,0x1C00,0x0000
0.0656249100,7,0x1C00,0x0000
0.0656278700,7,0x1C00,0x0000
0.0656308400,7,0x1C00,0x0000
0.0656338000,7,0x1C00,0x0000
0.0656367600,7,0x1C00,0x0000
0.0656397200,7,0x1C00,0x0000
0.0656426900,7,0x1C00,0x0000
0.0656456500,7,0x1C00,0x0000
0.0656486100,7,0x1C00,0x0000
0.0656515800,7,0x1C00,0x0000
0.0656545400,7,0x1C00,0x0000
0.0656575000,7,0x1C00,0x0000
0.0656604600,7,0x1C00,0x0000
0.0656634300,7,0x1C00,0x0000
0.0656663900,7,0x1C00,0x0000
0.0656693500,7,0x1C00,0x0000
0.0656723200,7,0x1C00,0x0000
0.0656752800,7,0x1C00,0x0000
0.0656782400,7,0x1C00,0x0000
0.0656812100,7,0x1C00,0x0000
0.0656841700,7,0x1C00,0x0000
0.0656871300,7,0x1C00,0x0000
0.0656901000,7,0x1C00,0x0000
0.0656930600,7,0x1C00,0x0000
0.0656960200,7,0x1C00,0x0000
0.0656989800,7,0x1C00,0x0000
0.0657019500,7,0x1C00,0x0000
0.0657049100,7,0x1C00,0x0000
0.0657078700,7,0x1C00,0x0000
0.0657108400,7,0x1C00,0x0000
0.0657138000,7,0x1C00,0x0000
0.0657167600,7,0x1C00,0x0000
0.0657197200,7,0x1C00,0x0000
0.0657226900,7,0x1C00,0x0000
0.0657256500,7,0x1C00,0x0000
0.0657286100,7,0x1C00,0x0000
0.0657315800,7,0x1C00,0x0000
0.0657345400,7,0x1C00,0x0000
0.0657375000,7,0x1C00,0x0000
0.0657404600,7,0x1C00,0x0000
0.0657434300,7,0x1C00,0x0000
0.0657463900,7,0x1C00,0x0000
0.0657493500,7,0x1C00,0x0000
0.0657523200,7,0x1C00,0x0000
0.0657552800,7,0x1C00,0x0000
0.0657582400,7,0x1C00,0x0000
0.0657612100,7,0x1C00,0x0000
0.0657641700,7,0x1C00,0x0000
0.0657671300,7,0x1C00,0x0000
0.0657701000,7,0x1C00,0x0000
0.0657730600,7,0x1C00,0x0000
0.0657760200,7,0x1C00,0x0000
0.0657789800,7,0x1C00,0x0000
0.0657819500,7,0x1C00,0x0000
0.0657849100,7,0x1C00,0x0000
0.0657878700,7,0x1C00,0x0000
0.0657908400,7,0x1C00,0x0000
0.0657938000,7,0x1C00,0x0000
0.0657967600,7,0x1C00,0x0000
0.0657997300,7,0x1C00,0x0000
0.0658026900,7,0x1C00,0x0000
0.0658056500,7,0x1C00,0x0000
0.0658086100,7,0x1C00,0x0000
0.0658115800,7,0x1C00,0x0000
0.0658145400,7,0x1C00,0x0000
0.0658175000,7,0x1C00,0x0000
0.0658204600,7,0x1C00,0x0000
0.0658234300,7,0x1C00,0x0000
0.0658263900,7,0x1C00,0x0000
0.0658293500,7,0x1C00,0x0000
0.0658323200,7,0x1C00,0x0000
0.0658352800,7,0x1C00,0x0000
0.0658382400,7,0x1C00,0x0000
0.0658412100,7,0x1C00,0x0000
0.0658441700,7,0x1C00,0x0000
0.0658471300,7,0x1C00,0x0000
0.0658501000,7,0x1C00,0x0000
0.0658530600,7,0x1C00,0x0000
0.0658560200,7,0x1C00,0x0000
0.0658589800,7,0x1C00,0x0000
0.0658619500,7,0x1C00,0x0000
0.0658649100,7,0x1C00,0x0000
0.0658678700,7,0x1C00,0x0000
0.0658708400,7,0x1C00,0x0000
0.0658738000,7,0x1C00,0x0000
0.0658767600,7,0x1C00,0x0000
0.0658797200,7,0x1C00,0x0000
0.0658826900,7,0x1C00,0x0000
0.0658856500,7,0x1C00,0x0000
0.0658886100,7,0x1C00,0x0000
0.0658915800,7,0x1C00,0x0000
0.0658945400,7,0x1C00,0x0000
0.0658975000,7,0x1C00,0x0000
0.0659004600,7,0x1C00,0x0000
0.0659034300,7,0x1C00,0x0000
0.0659063900,7,0x1C00,0x0000
0.0659093500,7,0x1C00,0x0000
0.0659123200,7,0x1C00,0x0000
0.0659152800,7,0x1C00,0x0000
0.0659182400,7,0x1C00,0x0000
0.0659212100,7,0x1C00,0x0000
0.0659241700,7,0x1C00,0x0000
0.0659271300,7,0x1C00,0x0000
0.0659301000,7,0x1C00,0x0000
0.0659330600,7,0x1C00,0x0000
0.0659360200,7,0x1C00,0x0000
0.0659389800,7,0x1C00,0x0000
0.0659419500,7,0x1C00,0x0000
0.0659449100,7,0x1C00,0x0000
0.0659478700,7,0x1C00,0x0000
0.0659508400,7,0x1C00,0x0000
0.0659538000,7,0x1C00,0x0000
0.0659567600,7,0x1C00,0x0000
0.0659597300,7,0x1C00,0x0000
0.0659626900,7,0x1C00,0x0000
0.0659656500,7,0x1C00,0x0000
0.0659686100,7,0x1C00,0x0000
0.0659715800,7,0x1C00,0x0000
0.0659745400,7,0x1C00,0x0000
0.0659775000,7,0x1C00,0x0000
0.0659804600,7,0x1C00,0x0000
0.0659834300,7,0x1C00,0x0000
0.0659863900,7,0x1C00,0x0000
0.0659893500,7,0x1C00,0x0000
0.0659923200,7,0x0000,0x0000
0.0659952800,7,0x0000,0x0000
0.0659982400,7,0x0000,0x0000
0.0706193600,8,0x55AA,0x0000
0.0706223300,8,0x2DEC,0x0000
0.0706252900,8,0x01FF,0x0000
0.0706282500,8,0x1C00,0x0000
0.0706312100,8,0x1C00,0x0000
0.0706341800,8,0x1C00,0x0000
0.0706371400,8,0x1C00,0x0000
0.0706401000,8,0x1C00,0x0000
0.0706430600,8,0x1C00,0x0000
0.0706460300,8,0x1C00,0x0000
0.0706489900,8,0x1C00,0x0000
0.0706519500,8,0x1C00,0x0000
0.0706549200,8,0x1C00,0x0000
0.0706578800,8,0x1C00,0x0000
0.0706608400,8,0x1C00,0x0000
0.0706638100,8,0x1C00,0x0000
0.0706667700,8,0x1C00,0x0000
0.0706697300,8,0x1C00,0x0000
0.0706726900,8,0x1C00,0x0000
0.0706756600,8,0x1C00,0x0000
0.0706786200,8,0x1C00,0x0000
0.0706815800,8,0x1C00,0x0000
0.0706845500,8,0x1C00,0x0000
0.0706875100,8,0x1C00,0x0000
0.0706904700,8,0x1C00,0x0000
0.0706934400,8,0x1C00,0x0000
0.0706964000,8,0x1C00,0x0000
0.0706993600,8,0x1C00,0x0000
0.0707023200,8,0x1C00,0x0000
0.0707052900,8,0x1C00,0x0000
0.0707082500,8,0x1C00,0x0000
0.0707112100,8,0x1C00,0x0000
0.0707141800,8,0x1C00,0x0000
0.0707171400,8,0x1C00,0x0000
0.0707201000,8,0x1C00,0x0000
0.0707230600,8,0x1C00,0x0000
0.0707260300,8,0x1C00,0x0000
0.0707289900,8,0x1C00,0x0000
0.0707319500,8,0x1C00,0x0000
0.0707349200,8,0x1C00,0x0000
0.0707378800,8,0x1C00,0x0000
0.0707408400,8,0x1C00,0x0000
0.0707438100,8,0x1C00,0x0000
0.0707467700,8,0x1C00,0x0000
0.0707497300,8,0x1C00,0x0000
0.0707527000,8,0x1C00,0x0000
0.0707556600,8,0x1C00,0x0000
0.0707586200,8,0x1C00,0x0000
0.0707615800,8,0x1C00,0x0000
0.0707645500,8,0x1C00,0x0000
0.0707675100,8,0x1C00,0x0000
0.0707704700,8,0x1C00,0x0000
0.0707734400,8,0x1C00,0x0000
0.0707764000,8,0x1C00,0x0000
0.0707793600,8,0x1C00,0x0000
0.0707823200,8,0x1C00,0x0000
0.0707852900,8,0x1C00,0x0000
0.0707882500,8,0x1C00,0x0000
0.0707912100,8,0x1C00,0x0000
0.0707941800,8,0x1C00,0x0000
0.0707971400,8,0x1C00,0x0000
0.0708001000,8,0x1C00,0x0000
0.0708030600,8,0x1C00,0x0000
0.0708060300,8,0x1C00,0x0000
0.0708089900,8,0x1C00,0x0000
0.0708119500,8,0x1C00,0x0000
0.0708149200,8,0x1C00,0x0000
0.0708178800,8,0x1C00,0x0000
0.0708208400,8,0x1C00,0x0000
0.0708238100,8,0x1C00,0x0000
0.0708267700,8,0x1C00,0x0000
0.0708297300,8,0x1C00,0x0000
0.0708327000,8,0x1C00,0x0000
0.0708356600,8,0x1C00,0x0000
0.0708386200,8,0x1C00,0x0000
0.0708415800,8,0x1C00,0x0000
0.0708445500,8,0x1C00,0x0000
0.0708475100,8,0x1C00,0x0000
0.0708504700,8,0x1C00,0x0000
0.0708534400,8,0x1C00,0x0000
0.0708564000,8,0x1C00,0x0000
0.0708593600,8,0x1C00,0x0000
0.0708623200,8,0x1C00,0x0000
0.0708652900,8,0x1C00,0x0000
0.0708682500,8,0x1C00,0x0000
0.0708712100,8,0x1C00,0x0000
0.0708741800,8,0x1C00,0x0000
0.0708771400,8,0x1C00,0x0000
0.0708801000,8,0x1C00,0x0000
0.0708830600,8,0x1C00,0x0000
0.0708860300,8,0x1C00,0x0000
0.0708889900,8,0x1C00,0x0000
0.0708919500,8,0x1C00,0x0000
0.0708949200,8,0x1C00,0x0000
0.0708978800,8,0x1C00,0x0000
0.0709008400,8,0x1C00,0x0000
0.0709038100,8,0x1C00,0x0000
0.0709067700,8,0x1C00,0x0000
0.0709097300,8,0x1C00,0x0000
0.0709126900,8,0x1C00,0x0000
0.0709156600,8,0x1C00,0x0000
0.0709186200,8,0x1C00,0x0000
0.0709215800,8,0x1C00,0x0000
0.0709245500,8,0x1C00,0x0000
0.0709275100,8,0x1C00,0x0000
0.0709304700,8,0x1C00,0x0000
0.0709334400,8,0x1C00,0x0000
0.0709364000,8,0x1C00,0x0000
0.0709393600,8,0x1C00,0x0000
0.0709423300,8,0x1C00,0x0000
0.0709452900,8,0x1C00,0x0000
0.0709482500,8,0x1C00,0x0000
0.0709512100,8,0x1C00,0x0000
0.0709541800,8,0x1C00,0x0000
0.0709571400,8,0x1C00,0x0000
0.0709601000,8,0x1C00,0x0000
0.0709630600,8,0x1C00,0x0000
0.0709660300,8,0x1C00,0x0000
0.0709689900,8,0x1C00,0x0000
0.0709719500,8,0x1C00,0x0000
0.0709749200,8,0x1C00,0x0000
0.0709778800,8,0x1C00,0x0000
0.0709808400,8,0x1C00,0x0000
0.0709838100,8,0x1C00,0x0000
0.0709867700,8,0x1C00,0x0000
0.0709897300,8,0x1C00,0x0000
0.0709927000,8,0x1C00,0x0000
0.0709956600,8,0x1C00,0x0000
0.0709986200,8,0x1C00,0x0000
0.0710015800,8,0x1C00,0x0000
0.0710045500,8,0x1C00,0x0000
0.0710075100,8,0x1C00,0x0000
0.0710104700,8,0x1C00,0x0000
0.0710134400,8,0x1C00,0x0000
0.0710164000,8,0x1C00,0x0000
0.0710193600,8,0x1C00,0x0000
0.0710223200,8,0x1C00,0x0000
0.0710252900,8,0x1C00,0x0000
0.0710282500,8,0x1C00,0x0000
0.0710312100,8,0x1C00,0x0000
0.0710341800,8,0x1C00,0x0000
0.0710371400,8,0x1C00,0x0000
0.0710401000,8,0x1C00,0x0000
0.0710430600,8,0x1C00,0x0000
0.0710460300,8,0x1C00,0x0000
0.0710489900,8,0x1C00,0x0000
0.0710519500,8,0x1C00,0x0000
0.0710549200,8,0x1C00,0x0000
0.0710578800,8,0x1C00,0x0000
0.0710608400,8,0x1C00,0x0000
0.0710638100,8,0x1C00,0x0000
0.0710667700,8,0x1C00,0x0000
0.0710697300,8,0x1C00,0x0000
0.0710727000,8,0x1C00,0x0000
0.0710756600,8,0x1C00,0x0000
0.0710786200,8,0x1C00,0x0000
0.0710815800,8,0x1C00,0x0000
0.0710845500,8,0x1C00,0x0000
0.0710875100,8,0x1C00,0x0000
0.0710904700,8,0x1C00,0x0000
0.0710934400,8,0x1C00,0x0000
0.0710964000,8,0x1C00,0x0000
0.0710993600,8,0x1C00,0x0000
0.0711023300,8,0x1C00,0x0000
0.0711052900,8,0x1C00,0x0000
0.0711082500,8,0x1C00,0x0000
0.0711112100,8,0x1C00,0x0000
0.0711141800,8,0x1C00,0x0000
0.0711171400,8,0x1C00,0x0000
0.0711201000,8,0x1C00,0x0000
0.0711230600,8,0x1C00,0x0000
0.0711260300,8,0x1C00,0x0000
0.0711289900,8,0x1C00,0x0000
0.0711319500,8,0x1C00,0x0000
0.0711349200,8,0x1C00,0x0000
0.0711378800,8,0x1C00,0x0000
0.0711408400,8,0x1C00,0x0000
0.0711438100,8,0x1C00,0x0000
0.0711467700,8,0x1C00,0x0000
0.0711497300,8,0x1C00,0x0000
0.0711527000,8,0x1C00,0x0000
0.0711556600,8,0x1C00,0x0000
0.0711586200,8,0x1C00,0x0000
0.0711615800,8,0x1C00,0x0000
0.0711645500,8,0x1C00,0x0000
0.0711675100,8,0x1C00,0x0000
0.0711704700,8,0x1C00,0x0000
0.0711734400,8,0x1C00,0x0000
0.0711764000,8,0x1C00,0x0000
0.0711793600,8,0x1C00,0x0000
0.0711823300,8,0x1C00,0x0000
0.0711852900,8,0x1C00,0x0000
0.0711882500,8,0x1C00,0x0000
0.0711912100,8,0x1C00,0x0000
0.0711941800,8,0x1C00,0x0000
0.0711971400,8,0x1C00,0x0000
0.0712001000,8,0x1C00,0x0000
0.0712030600,8,0x1C00,0x0000
0.0712060300,8,0x1C00,0x0000
0.0712089900,8,0x1C00,0x0000
0.0712119500,8,0x1C00,0x0000
0.0712149200,8,0x1C00,0x0000
0.0712178800,8,0x1C00,0x0000
0.0712208400,8,0x1C00,0x0000
0.0712238100,8,0x1C00,0x0000
0.0712267700,8,0x1C00,0x0000
0.0712297300,8,0x1C00,0x0000
0.0712327000,8,0x1C00,0x0000
0.0712356600,8,0x1C00,0x0000
0.0712386200,8,0x1C00,0x0000
0.0712415800,8,0x1C00,0x0000
0.0712445500,8,0x1C00,0x0000
0.0712475100,8,0x1C00,0x0000
0.0712504700,8,0x1C00,0x0000
0.0712534400,8,0x1C00,0x0000
0.0712564000,8,0x1C00,0x0000
0.0712593600,8,0x1C00,0x0000
0.0712623300,8,0x1C00,0x0000
0.0712652900,8,0x1C00,0x0000
0.0712682500,8,0x1C00,0x0000
0.0712712100,8,0x1C00,0x0000
0.0712741800,8,0x1C00,0x0000
0.0712771400,8,0x1C00,0x0000
0.0712801000,8,0x1C00,0x0000
0.0712830700,8,0x1C00,0x0000
0.0712860300,8,0x1C00,0x0000
0.0712889900,8,0x1C00,0x0000
0.0712919600,8,0x1C00,0x0000
0.0712949200,8,0x1C00,0x0000
0.0712978800,8,0x1C00,0x0000
0.0713008400,8,0x1C00,0x0000
0.0713038100,8,0x1C00,0x0000
0.0713067700,8,0x1C00,0x0000
0.0713097300,8,0x1C00,0x0000
0.0713127000,8,0x1C00,0x0000
0.0713156600,8,0x1C00,0x0000
0.0713186200,8,0x1C00,0x0000
0.0713215800,8,0x1C00,0x0000
0.0713245500,8,0x1C00,0x0000
0.0713275100,8,0x1C00,0x0000
0.0713304700,8,0x1C00,0x0000
0.0713334400,8,0x1C00,0x0000
0.0713364000,8,0x1C00,0x0000
0.0713393600,8,0x1C00,0x0000
0.0713423300,8,0x1C00,0x0000
0.0713452900,8,0x1C00,0x0000
0.0713482500,8,0x1C00,0x0000
0.0713512100,8,0x1C00,0x0000
0.0713541800,8,0x1C00,0x0000
0.0713571400,8,0x1C00,0x0000
0.0713601000,8,0x1C00,0x0000
0.0713630700,8,0x1C00,0x0000
0.0713660300,8,0x1C00,0x0000
0.0713689900,8,0x1C00,0x0000
0.0713719500,8,0x1C00,0x0000
0.0713749200,8,0x1C00,0x0000
0.0713778800,8,0x1C00,0x0000
0.0713808400,8,0x1C00,0x0000
0.0713838100,8,0x1C00,0x0000
0.0713867700,8,0x1C00,0x0000
0.0713897300,8,0x1C00,0x0000
0.0713927000,8,0x1C00,0x0000
0.0713956600,8,0x1C00,0x0000
0.0713986200,8,0x1C00,0x0000
0.0714015800,8,0x1C00,0x0000
0.0714045500,8,0x1C00,0x0000
0.0714075100,8,0x1C00,0x0000
0.0714104700,8,0x1C00,0x0000
0.0714134400,8,0x1C00,0x0000
0.0714164000,8,0x1C00,0x0000
0.0714193600,8,0x1C00,0x0000
0.0714223300,8,0x1C00,0x0000
0.0714252900,8,0x1C00,0x0000
0.0714282500,8,0x1C00,0x0000
0.0714312100,8,0x1C00,0x0000
0.0714341800,8,0x1C00,0x0000
0.0714371400,8,0x1C00,0x0000
0.0714401000,8,0x1C00,0x0000
0.0714430700,8,0x1C00,0x0000
0.0714460300,8,0x1C00,0x0000
0.0714489900,8,0x1C00,0x0000
0.0714519600,8,0x1C00,0x0000
0.0714549200,8,0x1C00,0x0000
0.0714578800,8,0x1C00,0x0000
0.0714608400,8,0x1C00,0x0000
0.0714638100,8,0x1C00,0x0000
0.0714667700,8,0x1C00,0x0000
0.0714697300,8,0x1C00,0x0000
0.0714727000,8,0x1C00,0x0000
0.0714756600,8,0x1C00,0x0000
0.0714786200,8,0x1C00,0x0000
0.0714815800,8,0x1C00,0x0000
0.0714845500,8,0x1C00,0x0000
0.0714875100,8,0x1C00,0x0000
0.0714904700,8,0x1C00,0x0000
0.0714934400,8,0x1C00,0x0000
0.0714964000,8,0x1C00,0x0000
0.0714993600,8,0x1C00,0x0000
0.0715023300,8,0x1C00,0x0000
0.0715052900,8,0x1C00,0x0000
0.0715082500,8,0x1C00,0x0000
0.0715112100,8,0x1C00,0x0000
0.0715141800,8,0x1C00,0x0000
0.0715171400,8,0x1C00,0x0000
0.0715201000,8,0x1C00,0x0000
0.0715230700,8,0x1C00,0x0000
0.0715260300,8,0x1C00,0x0000
0.0715289900,8,0x1C00,0x0000
0.0715319600,8,0x1C00,0x0000
0.0715349200,8,0x1C00,0x0000
0.0715378800,8,0x1C00,0x0000
0.0715408400,8,0x1C00,0x0000
0.0715438100,8,0x1C00,0x0000
0.0715467700,8,0x1C00,0x0000
0.0715497300,8,0x1C00,0x0000
0.0715527000,8,0x1C00,0x0000
0.0715556600,8,0x1C00,0x0000
0.0715586200,8,0x1C00,0x0000
0.0715615800,8,0x1C00,0x0000
0.0715645500,8,0x1C00,0x0000
0.0715675100,8,0x1C00,0x0000
0.0715704700,8,0x1C00,0x0000
0.0715734400,8,0x1C00,0x0000
0.0715764000,8,0x1C00,0x0000
0.0715793600,8,0x1C00,0x0000
0.0715823300,8,0x1C00,0x0000
0.0715852900,8,0x1C00,0x0000
0.0715882500,8,0x1C00,0x0000
0.0715912100,8,0x1C00,0x0000
0.0715941800,8,0x1C00,0x0000
0.0715971400,8,0x1C00,0x0000
0.0716001000,8,0x1C00,0x0000
0.0716030600,8,0x1C00,0x0000
0.0716060300,8,0x1C00,0x0000
0.0716089900,8,0x1C00,0x0000
0.0716119600,8,0x1C00,0x0000
0.0716149200,8,0x1C00,0x0000
0.0716178800,8,0x1C00,0x0000
0.0716208400,8,0x1C00,0x0000
0.0716238100,8,0x1C00,0x0000
0.0716267700,8,0x1C00,0x0000
0.0716297300,8,0x1C00,0x0000
0.0716327000,8,0x1C00,0x0000
0.0716356600,8,0x1C00,0x0000
0.0716386200,8,0x1C00,0x0000
0.0716415900,8,0x1C00,0x0000
0.0716445500,8,0x1C00,0x0000
0.0716475100,8,0x1C00,0x0000
0.0716504700,8,0x1C00,0x0000
0.0716534400,8,0x1C00,0x0000
0.0716564000,8,0x1C00,0x0000
0.0716593600,8,0x1C00,0x0000
0.0716623300,8,0x1C00,0x0000
0.0716652900,8,0x1C00,0x0000
0.0716682500,8,0x1C00,0x0000
0.0716712100,8,0x1C00,0x0000
0.0716741800,8,0x1C00,0x0000
0.0716771400,8,0x1C00,0x0000
0.0716801000,8,0x1C00,0x0000
0.0716830700,8,0x1C00,0x0000
0.0716860300,8,0x1C00,0x0000
0.0716889900,8,0x1C00,0x0000
0.0716919600,8,0x1C00,0x0000
0.0716949200,8,0x1C00,0x0000
0.0716978800,8,0x1C00,0x0000
0.0717008400,8,0x1C00,0x0000
0.0717038100,8,0x1C00,0x0000
0.0717067700,8,0x1C00,0x0000
0.0717097300,8,0x1C00,0x0000
0.0717127000,8,0x1C00,0x0000
0.0717156600,8,0x1C00,0x0000
0.0717186200,8,0x1C00,0x0000
0.0717215800,8,0x1C00,0x0000
0.0717245500,8,0x1C00,0x0000
0.0717275100,8,0x1C00,0x0000
0.0717304700,8,0x1C00,0x0000
0.0717334400,8,0x1C00,0x0000
0.0717364000,8,0x1C00,0x0000
0.0717393600,8,0x1C00,0x0000
0.0717423300,8,0x1C00,0x0000
0.0717452900,8,0x1C00,0x0000
0.0717482500,8,0x1C00,0x0000
0.0717512100,8,0x1C00,0x0000
0.0717541800,8,0x1C00,0x0000
0.0717571400,8,0x1C00,0x0000
0.0717601000,8,0x1C00,0x0000
0.0717630700,8,0x1C00,0x0000
0.0717660300,8,0x1C00,0x0000
0.0717689900,8,0x1C00,0x0000
0.0717719600,8,0x1C00,0x0000
0.0717749200,8,0x1C00,0x0000
0.0717778800,8,0x1C00,0x0000
0.0717808400,8,0x1C00,0x0000
0.0717838100,8,0x1C00,0x0000
0.0717867700,8,0x1C00,0x0000
0.0717897300,8,0x1C00,0x0000
0.0717927000,8,0x1C00,0x0000
0.0717956600,8,0x1C00,0x0000
0.0717986200,8,0x1C00,0x0000
0.0718015900,8,0x1C00,0x0000
0.0718045500,8,0x1C00,0x0000
0.0718075100,8,0x1C00,0x0000
0.0718104700,8,0x83E7,0x0000
0.0718134400,8,0xAFFF,0x0000
0.0718164000,8,0xAFFF,0x0000
0.0718193600,8,0xAFFF,0x0000
0.0718223300,8,0xAFFF,0x0000
0.0718252900,8,0xAFFF,0x0000
0.0718282500,8,0xAFFF,0x0000
0.0718312100,8,0xAFFF,0x0000
0.0718341800,8,0xAFFF,0x0000
0.0718371400,8,0xAFFF,0x0000
0.0718401000,8,0xAFFF,0x0000
0.0718430700,8,0xAFFF,0x0000
0.0718460300,8,0xAFFF,0x0000
0.0718489900,8,0xAFFF,0x0000
0.0718519600,8,0xAFFF,0x0000
0.0718549200,8,0xAFFF,0x0000
0.0718578800,8,0xAFFF,0x0000
0.0718608400,8,0x83E1,0x0000
0.0718638100,8,0x1C00,0x0000
0.0718667700,8,0x1C00,0x0000
0.0718697300,8,0x1C00,0x0000
0.0718727000,8,0x1C00,0x0000
0.0718756600,8,0x1C00,0x0000
0.0718786200,8,0x1C00,0x0000
0.0718815900,8,0x1C00,0x0000
0.0718845500,8,0x1C00,0x0000
0.0718875100,8,0x1C00,0x0000
0.0718904700,8,0x1C00,0x0000
0.0718934400,8,0x1C00,0x0000
0.0718964000,8,0x1C00,0x0000
0.0718993600,8,0x1C00,0x0000
0.0719023300,8,0x1C00,0x0000
0.0719052900,8,0x1C00,0x0000
0.0719082500,8,0x1C00,0x0000
0.0719112100,8,0x1C00,0x0000
0.0719141800,8,0x1C00,0x0000
0.0719171400,8,0x1C00,0x0000
0.0719201000,8,0x1C00,0x0000
0.0719230700,8,0x1C00,0x0000
0.0719260300,8,0x1C00,0x0000
0.0719289900,8,0x1C00,0x0000
0.0719319600,8,0x1C00,0x0000
0.0719349200,8,0x1C00,0x0000
0.0719378800,8,0x1C00,0x0000
0.0719408400,8,0x1C00,0x0000
0.0719438100,8,0x1C00,0x0000
0.0719467700,8,0x1C00,0x0000
0.0719497300,8,0x1C00,0x0000
0.0719527000,8,0x93E7,0x0000
0.0719556600,8,0xBBEF,0x0000
0.0719586200,8,0xBBEF,0x0000
0.0719615900,8,0xBBEF,0x0000
0.0719645500,8,0xBBEF,0x0000
0.0719675100,8,0xBBEF,0x0000
0.0719704700,8,0xBBEF,0x0000
0.0719734400,8,0xBBEF,0x0000
0.0719764000,8,0xBBEF,0x0000
0.0719793600,8,0xBBEF,0x0000
0.0719823300,8,0xBBEF,0x0000
0.0719852900,8,0xBBEF,0x0000
0.0719882500,8,0xBBEF,0x0000
0.0719912100,8,0xBBEF,0x0000
0.0719941800,8,0xBBEF,0x0000
0.0719971400,8,0xBBEF,0x0000
0.0720001000,8,0xBBEF,0x0000
0.0720030700,8,0x8FEF,0x0000
0.0720060300,8,0x1C00,0x0000
0.0720089900,8,0x1C00,0x0000
0.0720119600,8,0x1C00,0x0000
0.0720149200,8,0x1C00,0x0000
0.0720178800,8,0x1C00,0x0000
0.0720208400,8,0x1C00,0x0000
0.0720238100,8,0x1C00,0x0000
0.0720267700,8,0x1C00,0x0000
0.0720297300,8,0x1C00,0x0000
0.0720327000,8,0x1C00,0x0000
0.0720356600,8,0x1C00,0x0000
0.0720386200,8,0x1C00,0x0000
0.0720415900,8,0x1C00,0x0000
0.0720445500,8,0x1C00,0x0000
0.0720475100,8,0x1C00,0x0000
0.0720504700,8,0x1C00,0x0000
0.0720534400,8,0x1C00,0x0000
0.0720564000,8,0x1C00,0x0000
0.0720593600,8,0x1C00,0x0000
0.0720623300,8,0x1C00,0x0000
0.0720652900,8,0x1C00,0x0000
0.0720682500,8,0x1C00,0x0000
0.0720712100,8,0x1C00,0x0000
0.0720741800,8,0x1C00,0x0000
0.0720771400,8,0x1C00,0x0000
0.0720801000,8,0x1C00,0x0000
0.0720830700,8,0x1C00,0x0000
0.0720860300,8,0x1C00,0x0000
0.0720889900,8,0x1C00,0x0000
0.0720919600,8,0x1C00,0x0000
0.0720949200,8,0x93E7,0x0000
0.0720978800,8,0xBBEF,0x0000
0.0721008400,8,0xBBEF,0x0000
0.0721038100,8,0xBBEF,0x0000
0.0721067700,8,0xBBEF,0x0000
0.0721097300,8,0xBBEF,0x0000
0.0721127000,8,0xBBEF,0x0000
0.0721156600,8,0xBBEF,0x0000
0.0721186200,8,0xBBEF,0x0000
0.0721215900,8,0xBBEF,0x0000
0.0721245500,8,0xBBEF,0x0000
0.0721275100,8,0xBBEF,0x0000
0.0721304700,8,0xBBEF,0x0000
0.0721334400,8,0xBBEF,0x0000
0.0721364000,8,0xBBEF,0x0000
0.0721393600,8,0xBBEF,0x0000
0.0721423300,8,0xBBEF,0x0000
0.0721452900,8,0x8FEF,0x0000
0.0721482500,8,0x1C00,0x0000
0.0721512100,8,0x1C00,0x0000
0.0721541800,8,0x1C00,0x0000
0.0721571400,8,0x1C00,0x0000
0.0721601000,8,0x1C00,0x0000
0.0721630700,8,0x1C00,0x0000
0.0721660300,8,0x1C00,0x0000
0.0721689900,8,0x1C00,0x0000
0.0721719600,8,0x1C00,0x0000
0.0721749200,8,0x1C00,0x0000
0.0721778800,8,0x1C00,0x0000
0.0721808400,8,0x1C00,0x0000
0.0721838100,8,0x1C00,0x0000
0.0721867700,8,0x1C00,0x0000
0.0721897300,8,0x1C00,0x0000
0.0721927000,8,0x1C00,0x0000
0.0721956600,8,0x1C00,0x0000
0.0721986200,8,0x1C00,0x0000
0.0722015900,8,0x1C00,0x0000
0.0722045500,8,0x1C00,0x0000
0.0722075100,8,0x1C00,0x0000
0.0722104800,8,0x1C00,0x0000
0.0722134400,8,0x1C00,0x0000
0.0722164000,8,0x1C00,0x0000
0.0722193600,8,0x1C00,0x0000
0.0722223300,8,0x1C00,0x0000
0.0722252900,8,0x1C00,0x0000
0.0722282500,8,0x1C00,0x0000
0.0722312100,8,0x1C00,0x0000
0.0722341800,8,0x1C00,0x0000
0.0722371400,8,0x93E7,0x0000
0.0722401000,8,0xBBEF,0x0000
0.0722430700,8,0xBBEF,0x0000
0.0722460300,8,0xBBEF,0x0000
0.0722489900,8,0xBBEF,0x0000
0.0722519600,8,0xBBEF,0x0000
0.0722549200,8,0xBBEF,0x0000
0.0722578800,8,0xBBEF,0x0000
0.0722608500,8,0xBBEF,0x0000
0.0722638100,8,0xBBEF,0x0000
0.0722667700,8,0xBBEF,0x0000
0.0722697300,8,0xBBEF,0x0000
0.0722727000,8,0xBBEF,0x0000
0.0722756600,8,0xBBEF,0x0000
0.0722786200,8,0xBBEF,0x0000
0.0722815900,8,0xBBEF,0x0000
0.0722845500,8,0xBBEF,0x0000
0.0722875100,8,0x8FEF,0x0000
0.0722904800,8,0x1C00,0x0000
0.0722934400,8,0x1C00,0x0000
0.0722964000,8,0x1C00,0x0000
0.0722993600,8,0x1C00,0x0000
0.0723023300,8,0x1C00,0x0000
0.0723052900,8,0x1C00,0x0000
0.0723082500,8,0x1C00,0x0000
0.0723112100,8,0x1C00,0x0000
0.0723141800,8,0x1C00,0x0000
0.0723171400,8,0x1C00,0x0000
0.0723201000,8,0x1C00,0x0000
0.0723230700,8,0x1C00,0x0000
0.0723260300,8,0x1C00,0x0000
0.0723289900,8,0x1C00,0x0000
0.0723319600,8,0x1C00,0x0000
0.0723349200,8,0x1C00,0x0000
0.0723378800,8,0x1C00,0x0000
0.0723408500,8,0x1C00,0x0000
0.0723438100,8,0x1C00,0x0000
0.0723467700,8,0x1C00,0x0000
0.0723497300,8,0x1C00,0x0000
0.0723527000,8,0x1C00,0x0000
0.0723556600,8,0x1C00,0x0000
0.0723586200,8,0x1C00,0x0000
0.0723615900,8,0x1C00,0x0000
0.0723645500,8,0x1C00,0x0000
0.0723675100,8,0x1C00,0x0000
0.0723704700,8,0x1C00,0x0000
0.0723734400,8,0x1C00,0x0000
0.0723764000,8,0x1C00,0x0000
0.0723793600,8,0x93E7,0x0000
0.0723823300,8,0xBBEF,0x0000
0.0723852900,8,0xBBEF,0x0000
0.0723882500,8,0xBBEF,0x0000
0.0723912100,8,0xBBEF,0x0000
0.0723941800,8,0xBBEF,0x0000
0.0723971400,8,0xBBEF,0x0000
0.0724001000,8,0xBBEF,0x0000
0.0724030700,8,0xBBEF,0x0000
0.0724060300,8,0xBBEF,0x0000
0.0724089900,8,0xBBEF,0x0000
0.0724119600,8,0xBBEF,0x0000
0.0724149200,8,0xBBEF,0x0000
0.0724178800,8,0xBBEF,0x0000
0.0724208500,8,0xBBEF,0x0000
0.0724238100,8,0xBBEF,0x0000
0.0724267700,8,0xBBEF,0x0000
0.0724297300,8,0x8FEF,0x0000
0.0724327000,8,0x1C00,0x0000
0.0724356600,8,0x1C00,0x0000
0.0724386200,8,0x1C00,0x0000
0.0724415900,8,0x1C00,0x0000
0.0724445500,8,0x1C00,0x0000
0.0724475100,8,0x1C00,0x0000
0.0724504800,8,0x1C00,0x0000
0.0724534400,8,0x1C00,0x0000
0.0724564000,8,0x1C00,0x0000
0.0724593600,8,0x1C00,0x0000
0.0724623300,8,0x1C00,0x0000
0.0724652900,8,0x1C00,0x0000
0.0724682500,8,0x1C00,0x0000
0.0724712100,8,0x1C00,0x0000
0.0724741800,8,0x1C00,0x0000
0.0724771400,8,0x1C00,0x0000
0.0724801000,8,0x1C00,0x0000
0.0724830700,8,0x1C00,0x0000
0.0724860300,8,0x1C00,0x0000
0.0724889900,8,0x1C00,0x0000
0.0724919600,8,0x1C00,0x0000
0.0724949200,8,0x1C00,0x0000
0.0724978800,8,0x1C00,0x0000
0.0725008500,8,0x1C00,0x0000
0.0725038100,8,0x1C00,0x0000
0.0725067700,8,0x1C00,0x0000
0.0725097300,8,0x1C00,0x0000
0.0725127000,8,0x1C00,0x0000
0.0725156600,8,0x1C00,0x0000
0.0725186200,8,0x1C00,0x0000
0.0725215900,8,0x93E7,0x0000
0.0725245500,8,0xBBEF,0x0000
0.0725275100,8,0xBBEF,0x0000
0.0725304800,8,0xBBEF,0x0000
0.0725334400,8,0xBBEF,0x0000
0.0725364000,8,0xBBEF,0x0000
0.0725393600,8,0xBBEF,0x0000
0.0725423300,8,0xBBEF,0x0000
0.0725452900,8,0xBBEF,0x0000
0.0725482500,8,0xBBEF,0x0000
0.0725512100,8,0xBBEF,0x0000
0.0725541800,8,0xBBEF,0x0000
0.0725571400,8,0xBBEF,0x0000
0.0725601000,8,0xBBEF,0x0000
0.0725630700,8,0xBBEF,0x0000
0.0725660300,8,0xBBEF,0x0000
0.0725689900,8,0xBBEF,0x0000
0.0725719600,8,0x8FEF,0x0000
0.0725749200,8,0x1C00,0x0000
0.0725778800,8,0x1C00,0x0000
0.0725808500,8,0x1C00,0x0000
0.0725838100,8,0x1C00,0x0000
0.0725867700,8,0x1C00,0x0000
0.0725897300,8,0x1C00,0x0000
0.0725927000,8,0x1C00,0x0000
0.0725956600,8,0x1C00,0x0000
0.0725986200,8,0x1C00,0x0000
0.0726015900,8,0x1C00,0x0000
0.0726045500,8,0x1C00,0x0000
0.0726075100,8,0x1C00,0x0000
0.0726104800,8,0x1C00,0x0000
0.0726134400,8,0x1C00,0x0000
0.0726164000,8,0x1C00,0x0000
0.0726193600,8,0x1C00,0x0000
0.0726223300,8,0x1C00,0x0000
0.0726252900,8,0x1C00,0x0000
0.0726282500,8,0x1C00,0x0000
0.0726312100,8,0x1C00,0x0000
0.0726341800,8,0x1C00,0x0000
0.0726371400,8,0x1C00,0x0000
0.0726401000,8,0x1C00,0x0000
0.0726430700,8,0x1C00,0x0000
0.0726460300,8,0x1C00,0x0000
0.0726489900,8,0x1C00,0x0000
0.0726519600,8,0x1C00,0x0000
0.0726549200,8,0x1C00,0x0000
0.0726578800,8,0x1C00,0x0000
0.0726608500,8,0x1C00,0x0000
0.0726638100,8,0x93E7,0x0000
0.0726667700,8,0xBBEF,0x0000
0.0726697300,8,0xBBEF,0x0000
0.0726727000,8,0xBBEF,0x0000
0.0726756600,8,0xBBEF,0x0000
0.0726786200,8,0xBBEF,0x0000
0.0726815900,8,0xBBEF,0x0000
0.0726845500,8,0xBBEF,0x0000
0.0726875100,8,0xBBEF,0x0000
0.0726904800,8,0xBBEF,0x0000
0.0726934400,8,0xBBEF,0x0000
0.0726964000,8,0xBBEF,0x0000
0.0726993600,8,0xBBEF,0x0000
0.0727023300,8,0xBBEF,0x0000
0.0727052900,8,0xBBEF,0x0000
0.0727082500,8,0xBBEF,0x0000
0.0727112100,8,0xBBEF,0x0000
0.0727141800,8,0x8FEF,0x0000
0.0727171400,8,0x1C00,0x0000
0.0727201100,8,0x1C00,0x0000
0.0727230700,8,0x1C00,0x0000
0.0727260300,8,0x1C00,0x0000
0.0727289900,8,0x1C00,0x0000
0.0727319600,8,0x1C00,0x0000
0.0727349200,8,0x1C00,0x0000
0.0727378800,8,0x1C00,0x0000
0.0727408500,8,0x1C00,0x0000
0.0727438100,8,0x1C00,0x0000
0.0727467700,8,0x1C00,0x0000
0.0727497300,8,0x1C00,0x0000
0.0727527000,8,0x1C00,0x0000
0.0727556600,8,0x1C00,0x0000
0.0727586200,8,0x1C00,0x0000
0.0727615900,8,0x1C00,0x0000
0.0727645500,8,0x1C00,0x0000
0.0727675100,8,0x1C00,0x0000
0.0727704800,8,0x1C00,0x0000
0.0727734400,8,0x1C00,0x0000
0.0727764000,8,0x1C00,0x0000
0.0727793600,8,0x1C00,0x0000
0.0727823300,8,0x1C00,0x0000
0.0727852900,8,0x1C00,0x0000
0.0727882500,8,0x1C00,0x0000
0.0727912200,8,0x1C00,0x0000
0.0727941800,8,0x1C00,0x0000
0.0727971400,8,0x1C00,0x0000
0.0728001100,8,0x1C00,0x0000
0.0728030700,8,0x1C00,0x0000
0.0728060300,8,0x93E7,0x0000
0.0728089900,8,0xBBEF,0x0000
0.0728119600,8,0xBBEF,0x0000
0.0728149200,8,0xBBEF,0x0000
0.0728178800,8,0xBBEF,0x0000
0.0728208500,8,0xBBEF,0x0000
0.0728238100,8,0xBBEF,0x0000
0.0728267700,8,0xBBEF,0x0000
0.0728297300,8,0xBBEF,0x0000
0.0728327000,8,0xBBEF,0x0000
0.0728356600,8,0xBBEF,0x0000
0.0728386200,8,0xBBEF,0x0000
0.0728415900,8,0xBBEF,0x0000
0.0728445500,8,0xBBEF,0x0000
0.0728475100,8,0xBBEF,0x0000
0.0728504800,8,0xBBEF,0x0000
0.0728534400,8,0xBBEF,0x0000
0.0728564000,8,0x8FEF,0x0000
0.0728593600,8,0x1C00,0x0000
0.0728623300,8,0x1C00,0x0000
0.0728652900,8,0x1C00,0x0000
0.0728682500,8,0x1C00,0x0000
0.0728712200,8,0x1C00,0x0000
0.0728741800,8,0x1C00,0x0000
0.0728771400,8,0x1C00,0x0000
0.0728801100,8,0x1C00,0x0000
0.0728830700,8,0x1C00,0x0000
0.0728860300,8,0x1C00,0x0000
0.0728889900,8,0x1C00,0x0000
0.0728919600,8,0x1C00,0x0000
0.0728949200,8,0x1C00,0x0000
0.0728978800,8,0x1C00,0x0000
0.0729008500,8,0x1C00,0x0000
0.0729038100,8,0x1C00,0x0000
0.0729067700,8,0x1C00,0x0000
0.0729097400,8,0x1C00,0x0000
0.0729127000,8,0x1C00,0x0000
0.0729156600,8,0x1C00,0x0000
0.0729186200,8,0x1C00,0x0000
0.0729215900,8,0x1C00,0x0000
0.0729245500,8,0x1C00,0x0000
0.0729275100,8,0x1C00,0x0000
0.0729304800,8,0x1C00,0x0000
0.0729334400,8,0x1C00,0x0000
0.0729364000,8,0x1C00,0x0000
0.0729393600,8,0x1C00,0x0000
0.0729423300,8,0x1C00,0x0000
0.0729452900,8,0x1C00,0x0000
0.0729482500,8,0x93E7,0x0000
0.0729512200,8,0xBBEF,0x0000
0.0729541800,8,0xBBEF,0x0000
0.0729571400,8,0xBBEF,0x0000
0.0729601000,8,0xBBEF,0x0000
0.0729630700,8,0xBBEF,0x0000
0.0729660300,8,0xBBEF,0x0000
0.0729689900,8,0xBBEF,0x0000
0.0729719600,8,0xBBEF,0x0000
0.0729749200,8,0xBBEF,0x0000
0.0729778800,8,0xBBEF,0x0000
0.0729808500,8,0xBBEF,0x0000
0.0729838100,8,0xBBEF,0x0000
0.0729867700,8,0xBBEF,0x0000
0.0729897400,8,0xBBEF,0x0000
0.0729927000,8,0xBBEF,0x0000
0.0729956600,8,0xBBEF,0x0000
0.0729986200,8,0x8FEF,0x0000
0.0730015900,8,0x1C00,0x0000
0.0730045500,8,0x1C00,0x0000
0.0730075100,8,0x1C00,0x0000
0.0730104800,8,0x1C00,0x0000
0.0730134400,8,0x1C00,0x0000
0.0730164000,8,0x1C00,0x0000
0.0730193600,8,0x1C00,0x0000
0.0730223300,8,0x1C00,0x0000
0.0730252900,8,0x1C00,0x0000
0.0730282500,8,0x1C00,0x0000
0.0730312200,8,0x1C00,0x0000
0.0730341800,8,0x1C00,0x0000
0.0730371400,8,0x1C00,0x0000
0.0730401100,8,0x1C00,0x0000
0.0730430700,8,0x1C00,0x0000
0.0730460300,8,0x1C00,0x0000
0.0730489900,8,0x1C00,0x0000
0.0730519600,8,0x1C00,0x0000
0.0730549200,8,0x1C00,0x0000
0.0730578800,8,0x1C00,0x0000
0.0730608500,8,0x1C00,0x0000
0.0730638100,8,0x1C00,0x0000
0.0730667700,8,0x1C00,0x0000
0.0730697400,8,0x1C00,0x0000
0.0730727000,8,0x1C00,0x0000
0.0730756600,8,0x1C00,0x0000
0.0730786200,8,0x1C00,0x0000
0.0730815900,8,0x1C00,0x0000
0.0730845500,8,0x1C00,0x0000
0.0730875100,8,0x1C00,0x0000
0.0730904800,8,0x83E1,0x0000
0.0730934400,8,0xAFF6,0x0000
0.0730964000,8,0xAFF6,0x0000
0.0730993600,8,0xAFF6,0x0000
0.0731023300,8,0xAFF6,0x0000
0.0731052900,8,0xAFF6,0x0000
0.0731082500,8,0xAFF6,0x0000
0.0731112200,8,0xAFF6,0x0000
0.0731141800,8,0xAFF6,0x0000
0.0731171400,8,0xAFF6,0x0000
0.0731201100,8,0xAFF6,0x0000
0.0731230700,8,0xAFF6,0x0000
0.0731260300,8,0xAFF6,0x0000
0.0731289900,8,0xAFF6,0x0000
0.0731319600,8,0xAFF6,0x0000
0.0731349200,8,0xAFF6,0x0000
0.0731378800,8,0xAFF6,0x0000
0.0731408500,8,0x83E1,0x0000
0.0731438100,8,0x1C00,0x0000
0.0731467700,8,0x1C00,0x0000
0.0731497400,8,0x1C00,0x0000
0.0731527000,8,0x1C00,0x0000
0.0731556600,8,0x1C00,0x0000
0.0731586200,8,0x1C00,0x0000
0.0731615900,8,0x1C00,0x0000
0.0731645500,8,0x1C00,0x0000
0.0731675100,8,0x1C00,0x0000
0.0731704800,8,0x1C00,0x0000
0.0731734400,8,0x1C00,0x0000
0.0731764000,8,0x1C00,0x0000
0.0731793600,8,0x1C00,0x0000
0.0731823300,8,0x1C00,0x0000
0.0731852900,8,0x1C00,0x0000
0.0731882500,8,0x1C00,0x0000
0.0731912200,8,0x1C00,0x0000
0.0731941800,8,0x1C00,0x0000
0.0731971400,8,0x1C00,0x0000
0.0732001100,8,0x1C00,0x0000
0.0732030700,8,0x1C00,0x0000
0.0732060300,8,0x1C00,0x0000
0.0732089900,8,0x1C00,0x0000
0.0732119600,8,0x1C00,0x0000
0.0732149200,8,0x1C00,0x0000
0.0732178800,8,0x1C00,0x0000
0.0732208500,8,0x1C00,0x0000
0.0732238100,8,0x1C00,0x0000
0.0732267700,8,0x1C00,0x0000
0.0732297400,8,0x1C00,0x0000
0.0732327000,8,0x1C00,0x0000
0.0732356600,8,0x1C00,0x0000
0.0732386200,8,0x1C00,0x0000
0.0732415900,8,0x1C00,0x0000
0.0732445500,8,0x1C00,0x0000
0.0732475100,8,0x1C00,0x0000
0.0732504800,8,0x1C00,0x0000
0.0732534400,8,0x1C00,0x0000
0.0732564000,8,0x1C00,0x0000
0.0732593600,8,0x1C00,0x0000
0.0732623300,8,0x1C00,0x0000
0.0732652900,8,0x1C00,0x0000
0.0732682500,8,0x1C00,0x0000
0.0732712200,8,0x1C00,0x0000
0.0732741800,8,0x1C00,0x0000
0.0732771400,8,0x1C00,0x0000
0.0732801100,8,0x1C00,0x0000
0.0732830700,8,0x1C00,0x0000
0.0732860300,8,0x1C00,0x0000
0.0732889900,8,0x1C00,0x0000
0.0732919600,8,0x1C00,0x0000
0.0732949200,8,0x1C00,0x0000
0.0732978800,8,0x1C00,0x0000
0.0733008500,8,0x1C00,0x0000
0.0733038100,8,0x1C00,0x0000
0.0733067700,8,0x1C00,0x0000
0.0733097400,8,0x1C00,0x0000
0.0733127000,8,0x1C00,0x0000
0.0733156600,8,0x1C00,0x0000
0.0733186200,8,0x1C00,0x0000
0.0733215900,8,0x1C00,0x0000
0.0733245500,8,0x1C00,0x0000
0.0733275100,8,0x1C00,0x0000
0.0733304800,8,0x1C00,0x0000
0.0733334400,8,0x1C00,0x0000
0.0733364000,8,0x1C00,0x0000
0.0733393600,8,0x1C00,0x0000
0.0733423300,8,0x1C00,0x0000
0.0733452900,8,0x1C00,0x0000
0.0733482500,8,0x1C00,0x0000
0.0733512200,8,0x1C00,0x0000
0.0733541800,8,0x1C00,0x0000
0.0733571400,8,0x1C00,0x0000
0.0733601100,8,0x1C00,0x0000
0.0733630700,8,0x1C00,0x0000
0.0733660300,8,0x1C00,0x0000
0.0733689900,8,0x1C00,0x0000
0.0733719600,8,0x1C00,0x0000
0.0733749200,8,0x1C00,0x0000
0.0733778800,8,0x1C00,0x0000
0.0733808500,8,0x1C00,0x0000
0.0733838100,8,0x1C00,0x0000
0.0733867700,8,0x1C00,0x0000
0.0733897400,8,0x1C00,0x0000
0.0733927000,8,0x1C00,0x0000
0.0733956600,8,0x1C00,0x0000
0.0733986200,8,0x1C00,0x0000
0.0734015900,8,0x1C00,0x0000
0.0734045500,8,0x1C00,0x0000
0.0734075100,8,0x1C00,0x0000
0.0734104800,8,0x1C00,0x0000
0.0734134400,8,0x1C00,0x0000
0.0734164000,8,0x1C00,0x0000
0.0734193600,8,0x1C00,0x0000
0.0734223300,8,0x1C00,0x0000
0.0734252900,8,0x1C00,0x0000
0.0734282500,8,0x1C00,0x0000
0.0734312200,8,0x1C00,0x0000
0.0734341800,8,0x1C00,0x0000
0.0734371400,8,0x1C00,0x0000
0.0734401100,8,0x1C00,0x0000
0.0734430700,8,0x1C00,0x0000
0.0734460300,8,0x1C00,0x0000
0.0734490000,8,0x1C00,0x0000
0.0734519600,8,0x1C00,0x0000
0.0734549200,8,0x1C00,0x0000
0.0734578800,8,0x1C00,0x0000
0.0734608500,8,0x1C00,0x0000
0.0734638100,8,0x1C00,0x0000
0.0734667700,8,0x1C00,0x0000
0.0734697400,8,0x1C00,0x0000
0.0734727000,8,0x1C00,0x0000
0.0734756600,8,0x1C00,0x0000
0.0734786200,8,0x1C00,0x0000
0.0734815900,8,0x1C00,0x0000
0.0734845500,8,0x1C00,0x0000
0.0734875100,8,0x1C00,0x0000
0.0734904800,8,0x1C00,0x0000
0.0734934400,8,0x1C00,0x0000
0.0734964000,8,0x1C00,0x0000
0.0734993600,8,0x1C00,0x0000
0.0735023300,8,0x1C00,0x0000
0.0735052900,8,0x1C00,0x0000
0.0735082500,8,0x1C00,0x0000
0.0735112200,8,0x1C00,0x0000
0.0735141800,8,0x1C00,0x0000
0.0735171400,8,0x1C00,0x0000
0.0735201100,8,0x1C00,0x0000
0.0735230700,8,0x1C00,0x0000
0.0735260300,8,0x1C00,0x0000
0.0735290000,8,0x1C00,0x0000
0.0735319600,8,0x1C00,0x0000
0.0735349200,8,0x1C00,0x0000
0.0735378800,8,0x1C00,0x0000
0.0735408500,8,0x1C00,0x0000
0.0735438100,8,0x1C00,0x0000
0.0735467700,8,0x1C00,0x0000
0.0735497400,8,0x1C00,0x0000
0.0735527000,8,0x1C00,0x0000
0.0735556600,8,0x1C00,0x0000
0.0735586300,8,0x1C00,0x0000
0.0735615900,8,0x1C00,0x0000
0.0735645500,8,0x1C00,0x0000
0.0735675100,8,0x1C00,0x0000
0.0735704800,8,0x1C00,0x0000
0.0735734400,8,0x1C00,0x0000
0.0735764000,8,0x1C00,0x0000
0.0735793600,8,0x1C00,0x0000
0.0735823300,8,0x1C00,0x0000
0.0735852900,8,0x1C00,0x0000
0.0735882500,8,0x1C00,0x0000
0.0735912200,8,0x1C00,0x0000
0.0735941800,8,0x1C00,0x0000
0.0735971400,8,0x1C00,0x0000
0.0736001100,8,0x1C00,0x0000
0.0736030700,8,0x1C00,0x0000
0.0736060300,8,0x1C00,0x0000
0.0736090000,8,0x1C00,0x0000
0.0736119600,8,0x1C00,0x0000
0.0736149200,8,0x1C00,0x0000
0.0736178800,8,0x1C00,0x0000
0.0736208500,8,0x1C00,0x0000
0.0736238100,8,0x1C00,0x0000
0.0736267700,8,0x1C00,0x0000
0.0736297400,8,0x1C00,0x0000
0.0736327000,8,0x1C00,0x0000
0.0736356600,8,0x1C00,0x0000
0.0736386200,8,0x1C00,0x0000
0.0736415900,8,0x1C00,0x0000
0.0736445500,8,0x1C00,0x0000
0.0736475100,8,0x1C00,0x0000
0.0736504800,8,0x1C00,0x0000
0.0736534400,8,0x1C00,0x0000
0.0736564000,8,0x1C00,0x0000
0.0736593600,8,0x1C00,0x0000
0.0736623300,8,0x1C00,0x0000
0.0736652900,8,0x1C00,0x0000
0.0736682500,8,0x1C00,0x0000
0.0736712200,8,0x1C00,0x0000
0.0736741800,8,0x1C00,0x0000
0.0736771400,8,0x1C00,0x0000
0.0736801100,8,0x1C00,0x0000
0.0736830700,8,0x1C00,0x0000
0.0736860300,8,0x1C00,0x0000
0.0736890000,8,0x1C00,0x0000
0.0736919600,8,0x1C00,0x0000
0.0736949200,8,0x1C00,0x0000
0.0736978800,8,0x1C00,0x0000
0.0737008500,8,0x1C00,0x0000
0.0737038100,8,0x1C00,0x0000
0.0737067700,8,0x1C00,0x0000
0.0737097400,8,0x1C00,0x0000
0.0737127000,8,0x1C00,0x0000
0.0737156600,8,0x1C00,0x0000
0.0737186300,8,0x1C00,0x0000
0.0737215900,8,0x1C00,0x0000
0.0737245500,8,0x1C00,0x0000
0.0737275100,8,0x1C00,0x0000
0.0737304800,8,0x1C00,0x0000
0.0737334400,8,0x1C00,0x0000
0.0737364000,8,0x1C00,0x0000
0.0737393600,8,0x1C00,0x0000
0.0737423300,8,0x1C00,0x0000
0.0737452900,8,0x1C00,0x0000
0.0737482500,8,0x1C00,0x0000
0.0737512200,8,0x1C00,0x0000
0.0737541800,8,0x1C00,0x0000
0.0737571400,8,0x1C00,0x0000
0.0737601100,8,0x1C00,0x0000
0.0737630700,8,0x1C00,0x0000
0.0737660300,8,0x1C00,0x0000
0.0737689900,8,0x1C00,0x0000
0.0737719600,8,0x1C00,0x0000
0.0737749200,8,0x1C00,0x0000
0.0737778800,8,0x1C00,0x0000
0.0737808500,8,0x1C00,0x0000
0.0737838100,8,0x1C00,0x0000
0.0737867700,8,0x1C00,0x0000
0.0737897400,8,0x1C00,0x0000
0.0737927000,8,0x1C00,0x0000
0.0737956600,8,0x1C00,0x0000
0.0737986300,8,0x1C00,0x0000
0.0738015900,8,0x1C00,0x0000
0.0738045500,8,0x1C00,0x0000
0.0738075100,8,0x1C00,0x0000
0.0738104800,8,0x1C00,0x0000
0.0738134400,8,0x1C00,0x0000
0.0738164000,8,0x1C00,0x0000
0.0738193600,8,0x1C00,0x0000
0.0738223300,8,0x1C00,0x0000
0.0738252900,8,0x1C00,0x0000
0.0738282500,8,0x1C00,0x0000
0.0738312200,8,0x1C00,0x0000
0.0738341800,8,0x1C00,0x0000
0.0738371400,8,0x1C00,0x0000
0.0738401100,8,0x1C00,0x0000
0.0738430700,8,0x1C00,0x0000
0.0738460300,8,0x1C00,0x0000
0.0738490000,8,0x1C00,0x0000
0.0738519600,8,0x1C00,0x0000
0.0738549200,8,0x1C00,0x0000
0.0738578800,8,0x1C00,0x0000
0.0738608500,8,0x1C00,0x0000
0.0738638100,8,0x1C00,0x0000
0.0738667700,8,0x1C00,0x0000
0.0738697400,8,0x1C00,0x0000
0.0738727000,8,0x1C00,0x0000
0.0738756600,8,0x1C00,0x0000
0.0738786200,8,0x1C00,0x0000
0.0738815900,8,0x1C00,0x0000
0.0738845500,8,0x1C00,0x0000
0.0738875100,8,0x1C00,0x0000
0.0738904800,8,0x1C00,0x0000
0.0738934400,8,0x1C00,0x0000
0.0738964000,8,0x1C00,0x0000
0.0738993700,8,0x1C00,0x0000
0.0739023300,8,0x1C00,0x0000
0.0739052900,8,0x1C00,0x0000
0.0739082600,8,0x1C00,0x0000
0.0739112200,8,0x1C00,0x0000
0.0739141800,8,0x1C00,0x0000
0.0739171400,8,0x1C00,0x0000
0.0739201100,8,0x1C00,0x0000
0.0739230700,8,0x1C00,0x0000
0.0739260300,8,0x1C00,0x0000
0.0739290000,8,0x1C00,0x0000
0.0739319600,8,0x1C00,0x0000
0.0739349200,8,0x1C00,0x0000
0.0739378800,8,0x1C00,0x0000
0.0739408500,8,0x1C00,0x0000
0.0739438100,8,0x1C00,0x0000
0.0739467700,8,0x1C00,0x0000
0.0739497400,8,0x1C00,0x0000
0.0739527000,8,0x1C00,0x0000
0.0739556600,8,0x1C00,0x0000
0.0739586300,8,0x1C00,0x0000
0.0739615900,8,0x1C00,0x0000
0.0739645500,8,0x1C00,0x0000
0.0739675100,8,0x1C00,0x0000
0.0739704800,8,0x1C00,0x0000
0.0739734400,8,0x1C00,0x0000
0.0739764000,8,0x1C00,0x0000
0.0739793700,8,0x1C00,0x0000
0.0739823300,8,0x1C00,0x0000
0.0739852900,8,0x1C00,0x0000
0.0739882600,8,0x1C00,0x0000
0.0739912200,8,0x1C00,0x0000
0.0739941800,8,0x1C00,0x0000
0.0739971400,8,0x1C00,0x0000
0.0740001100,8,0x1C00,0x0000
0.0740030700,8,0x1C00,0x0000
0.0740060300,8,0x1C00,0x0000
0.0740090000,8,0x1C00,0x0000
0.0740119600,8,0x1C00,0x0000
0.0740149200,8,0x1C00,0x0000
0.0740178800,8,0x1C00,0x0000
0.0740208500,8,0x1C00,0x0000
0.0740238100,8,0x1C00,0x0000
0.0740267700,8,0x1C00,0x0000
0.0740297400,8,0x1C00,0x0000
0.0740327000,8,0x1C00,0x0000
0.0740356600,8,0x1C00,0x0000
0.0740386300,8,0x1C00,0x0000
0.0740415900,8,0x1C00,0x0000
0.0740445500,8,0x1C00,0x0000
0.0740475100,8,0x1C00,0x0000
0.0740504800,8,0x1C00,0x0000
0.0740534400,8,0x1C00,0x0000
0.0740564000,8,0x1C00,0x0000
0.0740593700,8,0x1C00,0x0000
0.0740623300,8,0x1C00,0x0000
0.0740652900,8,0x1C00,0x0000
0.0740682600,8,0x1C00,0x0000
0.0740712200,8,0x1C00,0x0000
0.0740741800,8,0x1C00,0x0000
0.0740771400,8,0x1C00,0x0000
0.0740801100,8,0x1C00,0x0000
0.0740830700,8,0x1C00,0x0000
0.0740860300,8,0x1C00,0x0000
0.0740890000,8,0x1C00,0x0000
0.0740919600,8,0x1C00,0x0000
0.0740949200,8,0x1C00,0x0000
0.0740978800,8,0x1C00,0x0000
0.0741008500,8,0x1C00,0x0000
0.0741038100,8,0x1C00,0x0000
0.0741067700,8,0x1C00,0x0000
0.0741097400,8,0x1C00,0x0000
0.0741127000,8,0x1C00,0x0000
0.0741156600,8,0x1C00,0x0000
0.0741186300,8,0x1C00,0x0000
0.0741215900,8,0x1C00,0x0000
0.0741245500,8,0x1C00,0x0000
0.0741275100,8,0x1C00,0x0000
0.0741304800,8,0x1C00,0x0000
0.0741334400,8,0x1C00,0x0000
0.0741364000,8,0x1C00,0x0000
0.0741393700,8,0x1C00,0x0000
0.0741423300,8,0x1C00,0x0000
0.0741452900,8,0x1C00,0x0000
0.0741482600,8,0x1C00,0x0000
0.0741512200,8,0x1C00,0x0000
0.0741541800,8,0x1C00,0x0000
0.0741571400,8,0x1C00,0x0000
0.0741601100,8,0x1C00,0x0000
0.0741630700,8,0x1C00,0x0000
0.0741660300,8,0x1C00,0x0000
0.0741690000,8,0x1C00,0x0000
0.0741719600,8,0x1C00,0x0000
0.0741749200,8,0x1C00,0x0000
0.0741778800,8,0x1C00,0x0000
0.0741808500,8,0x1C00,0x0000
0.0741838100,8,0x1C00,0x0000
0.0741867700,8,0x1C00,0x0000
0.0741897400,8,0x1C00,0x0000
0.0741927000,8,0x1C00,0x0000
0.0741956600,8,0x1C00,0x0000
0.0741986300,8,0x1C00,0x0000
0.0742015900,8,0x1C00,0x0000
0.0742045500,8,0x1C00,0x0000
0.0742075100,8,0x1C00,0x0000
0.0742104800,8,0x1C00,0x0000
0.0742134400,8,0x1C00,0x0000
0.0742164000,8,0x1C00,0x0000
0.0742193700,8,0x1C00,0x0000
0.0742223300,8,0x1C00,0x0000
0.0742252900,8,0x1C00,0x0000
0.0742282500,8,0x1C00,0x0000
0.0742312200,8,0x1C00,0x0000
0.0742341800,8,0x1C00,0x0000
0.0742371400,8,0x1C00,0x0000
0.0742401100,8,0x1C00,0x0000
0.0742430700,8,0x1C00,0x0000
0.0742460300,8,0x1C00,0x0000
0.0742490000,8,0x1C00,0x0000
0.0742519600,8,0x1C00,0x0000
0.0742549200,8,0x1C00,0x0000
0.0742578900,8,0x1C00,0x0000
0.0742608500,8,0x1C00,0x0000
0.0742638100,8,0x1C00,0x0000
0.0742667700,8,0x1C00,0x0000
0.0742697400,8,0x1C00,0x0000
0.0742727000,8,0x1C00,0x0000
0.0742756600,8,0x1C00,0x0000
0.0742786300,8,0x1C00,0x0000
0.0742815900,8,0x1C00,0x0000
0.0742845500,8,0x1C00,0x0000
0.0742875100,8,0x1C00,0x0000
0.0742904800,8,0x1C00,0x0000
0.0742934400,8,0x1C00,0x0000
0.0742964000,8,0x1C00,0x0000
0.0742993700,8,0x1C00,0x0000
0.0743023300,8,0x1C00,0x0000
0.0743052900,8,0x1C00,0x0000
0.0743082600,8,0x1C00,0x0000
0.0743112200,8,0x1C00,0x0000
0.0743141800,8,0x1C00,0x0000
0.0743171400,8,0x1C00,0x0000
0.0743201100,8,0x1C00,0x0000
0.0743230700,8,0x1C00,0x0000
0.0743260300,8,0x0000,0x0000
0.0743290000,8,0x0000,0x0000
0.0743319600,8,0x0000,0x0000
0.0789521600,9,0x55AA,0x0000
0.0789551100,9,0x2DEC,0x0000
0.0789580800,9,0x01FF,0x0000
0.0789610400,9,0x1C00,0x0000
0.0789640000,9,0x1C00,0x0000
0.0789669600,9,0x1C00,0x0000
0.0789699300,9,0x1C00,0x0000
0.0789728900,9,0x1C00,0x0000
0.0789758500,9,0x1C00,0x0000
0.0789788200,9,0x1C00,0x0000
0.0789817800,9,0x1C00,0x0000
0.0789847400,9,0x1C00,0x0000
0.0789877100,9,0x1C00,0x0000
0.0789906700,9,0x1C00,0x0000
0.0789936300,9,0x1C00,0x0000
0.0789966000,9,0x1C00,0x0000
0.0789995600,9,0x1C00,0x0000
0.0790025200,9,0x1C00,0x0000
0.0790054800,9,0x1C00,0x0000
0.0790084500,9,0x1C00,0x0000
0.0790114100,9,0x1C00,0x0000
0.0790143700,9,0x1C00,0x0000
0.0790173400,9,0x1C00,0x0000
0.0790203000,9,0x1C00,0x0000
0.0790232600,9,0x1C00,0x0000
0.0790262200,9,0x1C00,0x0000
0.0790291900,9,0x1C00,0x0000
0.0790321500,9,0x1C00,0x0000
0.0790351100,9,0x1C00,0x0000
0.0790380800,9,0x1C00,0x0000
0.0790410400,9,0x1C00,0x0000
0.0790440000,9,0x1C00,0x0000
0.0790469700,9,0x1C00,0x0000
0.0790499300,9,0x1C00,0x0000
0.0790528900,9,0x1C00,0x0000
0.0790558500,9,0x1C00,0x0000
0.0790588200,9,0x1C00,0x0000
0.0790617800,9,0x1C00,0x0000
0.0790647400,9,0x1C00,0x0000
0.0790677100,9,0x1C00,0x0000
0.0790706700,9,0x1C00,0x0000
0.0790736300,9,0x1C00,0x0000
0.0790766000,9,0x1C00,0x0000
0.0790795600,9,0x1C00,0x0000
0.0790825200,9,0x1C00,0x0000
0.0790854800,9,0x1C00,0x0000
0.0790884500,9,0x1C00,0x0000
0.0790914100,9,0x1C00,0x0000
0.0790943700,9,0x1C00,0x0000
0.0790973400,9,0x1C00,0x0000
0.0791003000,9,0x1C00,0x0000
0.0791032600,9,0x1C00,0x0000
0.0791062300,9,0x1C00,0x0000
0.0791091900,9,0x1C00,0x0000
0.0791121500,9,0x1C00,0x0000
0.0791151100,9,0x1C00,0x0000
0.0791180800,9,0x1C00,0x0000
0.0791210400,9,0x1C00,0x0000
0.0791240000,9,0x1C00,0x0000
0.0791269600,9,0x1C00,0x0000
0.0791299300,9,0x1C00,0x0000
0.0791328900,9,0x1C00,0x0000
0.0791358500,9,0x1C00,0x0000
0.0791388200,9,0x1C00,0x0000
0.0791417800,9,0x1C00,0x0000
0.0791447400,9,0x1C00,0x0000
0.0791477100,9,0x1C00,0x0000
0.0791506700,9,0x1C00,0x0000
0.0791536300,9,0x1C00,0x0000
0.0791566000,9,0x1C00,0x0000
0.0791595600,9,0x1C00,0x0000
0.0791625200,9,0x1C00,0x0000
0.0791654800,9,0x1C00,0x0000
0.0791684500,9,0x1C00,0x0000
0.0791714100,9,0x1C00,0x0000
0.0791743700,9,0x1C00,0x0000
0.0791773400,9,0x1C00,0x0000
0.0791803000,9,0x1C00,0x0000
0.0791832600,9,0x1C00,0x0000
0.0791862300,9,0x1C00,0x0000
0.0791891900,9,0x1C00,0x0000
0.0791921500,9,0x1C00,0x0000
0.0791951100,9,0x1C00,0x0000
0.0791980800,9,0x1C00,0x0000
0.0792010400,9,0x1C00,0x0000
0.0792040000,9,0x1C00,0x0000
0.0792069600,9,0x1C00,0x0000
0.0792099300,9,0x1C00,0x0000
0.0792128900,9,0x1C00,0x0000
0.0792158600,9,0x1C00,0x0000
0.0792188200,9,0x1C00,0x0000
0.0792217800,9,0x1C00,0x0000
0.0792247400,9,0x1C00,0x0000
0.0792277100,9,0x1C00,0x0000
0.0792306700,9,0x1C00,0x0000
0.0792336300,9,0x1C00,0x0000
0.0792366000,9,0x1C00,0x0000
0.0792395600,9,0x1C00,0x0000
0.0792425200,9,0x1C00,0x0000
0.0792454800,9,0x1C00,0x0000
0.0792484500,9,0x1C00,0x0000
0.0792514100,9,0x1C00,0x0000
0.0792543700,9,0x1C00,0x0000
0.0792573400,9,0x1C00,0x0000
0.0792603000,9,0x1C00,0x0000
0.0792632600,9,0x1C00,0x0000
0.0792662300,9,0x1C00,0x0000
0.0792691900,9,0x1C00,0x0000
0.0792721500,9,0x1C00,0x0000
0.0792751100,9,0x1C00,0x0000
0.0792780800,9,0x1C00,0x0000
0.0792810400,9,0x1C00,0x0000
0.0792840000,9,0x1C00,0x0000
0.0792869700,9,0x1C00,0x0000
0.0792899300,9,0x1C00,0x0000
0.0792928900,9,0x1C00,0x0000
0.0792958600,9,0x1C00,0x0000
0.0792988200,9,0x1C00,0x0000
0.0793017800,9,0x1C00,0x0000
0.0793047400,9,0x1C00,0x0000
0.0793077100,9,0x1C00,0x0000
0.0793106700,9,0x1C00,0x0000
0.0793136300,9,0x1C00,0x0000
0.0793166000,9,0x1C00,0x0000
0.0793195600,9,0x1C00,0x0000
0.0793225200,9,0x1C00,0x0000
0.0793254800,9,0x1C00,0x0000
0.0793284500,9,0x1C00,0x0000
0.0793314100,9,0x1C00,0x0000
0.0793343700,9,0x1C00,0x0000
0.0793373400,9,0x1C00,0x0000
0.0793403000,9,0x1C00,0x0000
0.0793432600,9,0x1C00,0x0000
0.0793462300,9,0x1C00,0x0000
0.0793491900,9,0x1C00,0x0000
0.0793521500,9,0x1C00,0x0000
0.0793551100,9,0x1C00,0x0000
0.0793580800,9,0x1C00,0x0000
0.0793610400,9,0x1C00,0x0000
0.0793640000,9,0x1C00,0x0000
0.0793669600,9,0x1C00,0x0000
0.0793699300,9,0x1C00,0x0000
0.0793728900,9,0x1C00,0x0000
0.0793758500,9,0x1C00,0x0000
0.0793788200,9,0x1C00,0x0000
0.0793817800,9,0x1C00,0x0000
0.0793847400,9,0x1C00,0x0000
0.0793877100,9,0x1C00,0x0000
0.0793906700,9,0x1C00,0x0000
0.0793936300,9,0x1C00,0x0000
0.0793966000,9,0x1C00,0x0000
0.0793995600,9,0x1C00,0x0000
0.0794025200,9,0x1C00,0x0000
0.0794054800,9,0x1C00,0x0000
0.0794084500,9,0x1C00,0x0000
0.0794114100,9,0x1C00,0x0000
0.0794143700,9,0x1C00,0x0000
0.0794173400,9,0x1C00,0x0000
0.0794203000,9,0x1C00,0x0000
0.0794232600,9,0x1C00,0x0000
0.0794262300,9,0x1C00,0x0000
0.0794291900,9,0x1C00,0x0000
0.0794321500,9,0x1C00,0x0000
0.0794351100,9,0x1C00,0x0000
0.0794380800,9,0x1C00,0x0000
0.0794410400,9,0x1C00,0x0000
0.0794440000,9,0x1C00,0x0000
0.0794469700,9,0x1C00,0x0000
0.0794499300,9,0x1C00,0x0000
0.0794528900,9,0x1C00,0x0000
0.0794558600,9,0x1C00,0x0000
0.0794588200,9,0x1C00,0x0000
0.0794617800,9,0x1C00,0x0000
0.0794647400,9,0x1C00,0x0000
0.0794677100,9,0x1C00,0x0000
0.0794706700,9,0x1C00,0x0000
0.0794736300,9,0x1C00,0x0000
0.0794766000,9,0x1C00,0x0000
0.0794795600,9,0x1C00,0x0000
0.0794825200,9,0x1C00,0x0000
0.0794854800,9,0x1C00,0x0000
0.0794884500,9,0x1C00,0x0000
0.0794914100,9,0x1C00,0x0000
0.0794943700,9,0x1C00,0x0000
0.0794973400,9,0x1C00,0x0000
0.0795003000,9,0x1C00,0x0000
0.0795032600,9,0x1C00,0x0000
0.0795062300,9,0x1C00,0x0000
0.0795091900,9,0x1C00,0x0000
0.0795121500,9,0x1C00,0x0000
0.0795151100,9,0x1C00,0x0000
0.0795180800,9,0x1C00,0x0000
0.0795210400,9,0x1C00,0x0000
0.0795240000,9,0x1C00,0x0000
0.0795269700,9,0x1C00,0x0000
0.0795299300,9,0x1C00,0x0000
0.0795328900,9,0x1C00,0x0000
0.0795358600,9,0x1C00,0x0000
0.0795388200,9,0x1C00,0x0000
0.0795417800,9,0x1C00,0x0000
0.0795447400,9,0x1C00,0x0000
0.0795477100,9,0x1C00,0x0000
0.0795506700,9,0x1C00,0x0000
0.0795536300,9,0x1C00,0x0000
0.0795566000,9,0x1C00,0x0000
0.0795595600,9,0x1C00,0x0000
0.0795625200,9,0x1C00,0x0000
0.0795654800,9,0x1C00,0x0000
0.0795684500,9,0x1C00,0x0000
0.0795714100,9,0x1C00,0x0000
0.0795743700,9,0x1C00,0x0000
0.0795773400,9,0x1C00,0x0000
0.0795803000,9,0x1C00,0x0000
0.0795832600,9,0x1C00,0x0000
0.0795862300,9,0x1C00,0x0000
0.0795891900,9,0x1C00,0x0000
0.0795921500,9,0x1C00,0x0000
0.0795951100,9,0x1C00,0x0000
0.0795980800,9,0x1C00,0x0000
0.0796010400,9,0x1C00,0x0000
0.0796040000,9,0x1C00,0x0000
0.0796069700,9,0x1C00,0x0000
0.0796099300,9,0x1C00,0x0000
0.0796128900,9,0x1C00,0x0000
0.0796158600,9,0x1C00,0x0000
0.0796188200,9,0x1C00,0x0000
0.0796217800,9,0x1C00,0x0000
0.0796247400,9,0x1C00,0x0000
0.0796277100,9,0x1C00,0x0000
0.0796306700,9,0x1C00,0x0000
0.0796336300,9,0x1C00,0x0000
0.0796366000,9,0x1C00,0x0000
0.0796395600,9,0x1C00,0x0000
0.0796425200,9,0x1C00,0x0000
0.0796454900,9,0x1C00,0x0000
0.0796484500,9,0x1C00,0x0000
0.0796514100,9,0x1C00,0x0000
0.0796543700,9,0x1C00,0x0000
0.0796573400,9,0x1C00,0x0000
0.0796603000,9,0x1C00,0x0000
0.0796632600,9,0x1C00,0x0000
0.0796662300,9,0x1C00,0x0000
0.0796691900,9,0x1C00,0x0000
0.0796721500,9,0x1C00,0x0000
0.0796751100,9,0x1C00,0x0000
0.0796780800,9,0x1C00,0x0000
0.0796810400,9,0x1C00,0x0000
0.0796840000,9,0x1C00,0x0000
0.0796869700,9,0x1C00,0x0000
0.0796899300,9,0x1C00,0x0000
0.0796928900,9,0x1C00,0x0000
0.0796958600,9,0x1C00,0x0000
0.0796988200,9,0x1C00,0x0000
0.0797017800,9,0x1C00,0x0000
0.0797047400,9,0x1C00,0x0000
0.0797077100,9,0x1C00,0x0000
0.0797106700,9,0x1C00,0x0000
0.0797136300,9,0x1C00,0x0000
0.0797166000,9,0x1C00,0x0000
0.0797195600,9,0x1C00,0x0000
0.0797225200,9,0x1C00,0x0000
0.0797254800,9,0x1C00,0x0000
0.0797284500,9,0x1C00,0x0000
0.0797314100,9,0x1C00,0x0000
0.0797343700,9,0x1C00,0x0000
0.0797373400,9,0x1C00,0x0000
0.0797403000,9,0x1C00,0x0000
0.0797432600,9,0x1C00,0x0000
0.0797462300,9,0x1C00,0x0000
0.0797491900,9,0x1C00,0x0000
0.0797521500,9,0x1C00,0x0000
0.0797551100,9,0x1C00,0x0000
0.0797580800,9,0x1C00,0x0000
0.0797610400,9,0x1C00,0x0000
0.0797640000,9,0x1C00,0x0000
0.0797669700,9,0x1C00,0x0000
0.0797699300,9,0x1C00,0x0000
0.0797728900,9,0x1C00,0x0000
0.0797758600,9,0x1C00,0x0000
0.0797788200,9,0x1C00,0x0000
0.0797817800,9,0x1C00,0x0000
0.0797847400,9,0x1C00,0x0000
0.0797877100,9,0x1C00,0x0000
0.0797906700,9,0x1C00,0x0000
0.0797936300,9,0x1C00,0x0000
0.0797966000,9,0x1C00,0x0000
0.0797995600,9,0x1C00,0x0000
0.0798025200,9,0x1C00,0x0000
0.0798054900,9,0x1C00,0x0000
0.0798084500,9,0x1C00,0x0000
0.0798114100,9,0x1C00,0x0000
0.0798143700,9,0x1C00,0x0000
0.0798173400,9,0x1C00,0x0000
0.0798203000,9,0x1C00,0x0000
0.0798232600,9,0x1C00,0x0000
0.0798262300,9,0x1C00,0x0000
0.0798291900,9,0x1C00,0x0000
0.0798321500,9,0x1C00,0x0000
0.0798351100,9,0x1C00,0x0000
0.0798380800,9,0x1C00,0x0000
0.0798410400,9,0x1C00,0x0000
0.0798440000,9,0x1C00,0x0000
0.0798469700,9,0x1C00,0x0000
0.0798499300,9,0x1C00,0x0000
0.0798528900,9,0x1C00,0x0000
0.0798558600,9,0x1C00,0x0000
0.0798588200,9,0x1C00,0x0000
0.0798617800,9,0x1C00,0x0000
0.0798647400,9,0x1C00,0x0000
0.0798677100,9,0x1C00,0x0000
0.0798706700,9,0x1C00,0x0000
0.0798736300,9,0x1C00,0x0000
0.0798766000,9,0x1C00,0x0000
0.0798795600,9,0x1C00,0x0000
0.0798825200,9,0x1C00,0x0000
0.0798854900,9,0x1C00,0x0000
0.0798884500,9,0x1C00,0x0000
0.0798914100,9,0x1C00,0x0000
0.0798943700,9,0x1C00,0x0000
0.0798973400,9,0x1C00,0x0000
0.0799003000,9,0x1C00,0x0000
0.0799032600,9,0x1C00,0x0000
0.0799062300,9,0x1C00,0x0000
0.0799091900,9,0x1C00,0x0000
0.0799121500,9,0x1C00,0x0000
0.0799151100,9,0x1C00,0x0000
0.0799180800,9,0x1C00,0x0000
0.0799210400,9,0x1C00,0x0000
0.0799240000,9,0x1C00,0x0000
0.0799269700,9,0x1C00,0x0000
0.0799299300,9,0x1C00,0x0000
0.0799328900,9,0x1C00,0x0000
0.0799358600,9,0x1C00,0x0000
0.0799388200,9,0x1C00,0x0000
0.0799417800,9,0x1C00,0x0000
0.0799447400,9,0x1C00,0x0000
0.0799477100,9,0x1C00,0x0000
0.0799506700,9,0x1C00,0x0000
0.0799536300,9,0x1C00,0x0000
0.0799566000,9,0x1C00,0x0000
0.0799595600,9,0x1C00,0x0000
0.0799625200,9,0x1C00,0x0000
0.0799654900,9,0x1C00,0x0000
0.0799684500,9,0x1C00,0x0000
0.0799714100,9,0x1C00,0x0000
0.0799743700,9,0x1C00,0x0000
0.0799773400,9,0x1C00,0x0000
0.0799803000,9,0x1C00,0x0000
0.0799832600,9,0x1C00,0x0000
0.0799862300,9,0x1C00,0x0000
0.0799891900,9,0x1C00,0x0000
0.0799921500,9,0x1C00,0x0000
0.0799951100,9,0x1C00,0x0000
0.0799980800,9,0x1C00,0x0000
0.0800010400,9,0x1C00,0x0000
0.0800040000,9,0x1C00,0x0000
0.0800069700,9,0x1C00,0x0000
0.0800099300,9,0x1C00,0x0000
0.0800128900,9,0x1C00,0x0000
0.0800158600,9,0x1C00,0x0000
0.0800188200,9,0x1C00,0x0000
0.0800217800,9,0x1C00,0x0000
0.0800247500,9,0x1C00,0x0000
0.0800277100,9,0x1C00,0x0000
0.0800306700,9,0x1C00,0x0000
0.0800336300,9,0x1C00,0x0000
0.0800366000,9,0x1C00,0x0000
0.0800395600,9,0x1C00,0x0000
0.0800425200,9,0x1C00,0x0000
0.0800454900,9,0x1C00,0x0000
0.0800484500,9,0x1C00,0x0000
0.0800514100,9,0x1C00,0x0000
0.0800543700,9,0x1C00,0x0000
0.0800573400,9,0x1C00,0x0000
0.0800603000,9,0x1C00,0x0000
0.0800632600,9,0x1C00,0x0000
0.0800662300,9,0x1C00,0x0000
0.0800691900,9,0x1C00,0x0000
0.0800721500,9,0x1C00,0x0000
0.0800751100,9,0x1C00,0x0000
0.0800780800,9,0x1C00,0x0000
0.0800810400,9,0x1C00,0x0000
0.0800840000,9,0x1C00,0x0000
0.0800869700,9,0x1C00,0x0000
0.0800899300,9,0x1C00,0x0000
0.0800928900,9,0x1C00,0x0000
0.0800958600,9,0x1C00,0x0000
0.0800988200,9,0x1C00,0x0000
0.0801017800,9,0x1C00,0x0000
0.0801047500,9,0x1C00,0x0000
0.0801077100,9,0x1C00,0x0000
0.0801106700,9,0x1C00,0x0000
0.0801136300,9,0x1C00,0x0000
0.0801166000,9,0x1C00,0x0000
0.0801195600,9,0x1C00,0x0000
0.0801225200,9,0x1C00,0x0000
0.0801254900,9,0x1C00,0x0000
0.0801284500,9,0x1C00,0x0000
0.0801314100,9,0x1C00,0x0000
0.0801343800,9,0x1C00,0x0000
0.0801373400,9,0x1C00,0x0000
0.0801403000,9,0x1C00,0x0000
0.0801432600,9,0x83E7,0x0000
0.0801462300,9,0xAFFF,0x0000
0.0801491900,9,0xAFFF,0x0000
0.0801521500,9,0xAFFF,0x0000
0.0801551100,9,0xAFFF,0x0000
0.0801580800,9,0xAFFF,0x0000
0.0801610400,9,0xAFFF,0x0000
0.0801640000,9,0xAFFF,0x0000
0.0801669700,9,0xAFFF,0x0000
0.0801699300,9,0xAFFF,0x0000
0.0801728900,9,0xAFFF,0x0000
0.0801758600,9,0xAFFF,0x0000
0.0801788200,9,0xAFFF,0x0000
0.0801817800,9,0xAFFF,0x0000
0.0801847400,9,0xAFFF,0x0000
0.0801877100,9,0xAFFF,0x0000
0.0801906700,9,0xAFFF,0x0000
0.0801936300,9,0x83E1,0x0000
0.0801966000,9,0x1C00,0x0000
0.0801995600,9,0x1C00,0x0000
0.0802025200,9,0x1C00,0x0000
0.0802054900,9,0x1C00,0x0000
0.0802084500,9,0x1C00,0x0000
0.0802114100,9,0x1C00,0x0000
0.0802143800,9,0x1C00,0x0000
0.0802173400,9,0x1C00,0x0000
0.0802203000,9,0x1C00,0x0000
0.0802232600,9,0x1C00,0x0000
0.0802262300,9,0x1C00,0x0000
0.0802291900,9,0x1C00,0x0000
0.0802321500,9,0x1C00,0x0000
0.0802351100,9,0x1C00,0x0000
0.0802380800,9,0x1C00,0x0000
0.0802410400,9,0x1C00,0x0000
0.0802440000,9,0x1C00,0x0000
0.0802469700,9,0x1C00,0x0000
0.0802499300,9,0x1C00,0x0000
0.0802528900,9,0x1C00,0x0000
0.0802558600,9,0x1C00,0x0000
0.0802588200,9,0x1C00,0x0000
0.0802617800,9,0x1C00,0x0000
0.0802647500,9,0x1C00,0x0000
0.0802677100,9,0x1C00,0x0000
0.0802706700,9,0x1C00,0x0000
0.0802736300,9,0x1C00,0x0000
0.0802766000,9,0x1C00,0x0000
0.0802795600,9,0x1C00,0x0000
0.0802825200,9,0x1C00,0x0000
0.0802854900,9,0x93E7,0x0000
0.0802884500,9,0xBBEF,0x0000
0.0802914100,9,0xBBEF,0x0000
0.0802943700,9,0xBBEF,0x0000
0.0802973400,9,0xBBEF,0x0000
0.0803003000,9,0xBBEF,0x0000
0.0803032600,9,0xBBEF,0x0000
0.0803062300,9,0xBBEF,0x0000
0.0803091900,9,0xBBEF,0x0000
0.0803121500,9,0xBBEF,0x0000
0.0803151100,9,0xBBEF,0x0000
0.0803180800,9,0xBBEF,0x0000
0.0803210400,9,0xBBEF,0x0000
0.0803240000,9,0xBBEF,0x0000
0.0803269700,9,0xBBEF,0x0000
0.0803299300,9,0xBBEF,0x0000
0.0803328900,9,0xBBEF,0x0000
0.0803358600,9,0x8FEF,0x0000
0.0803388200,9,0x1C00,0x0000
0.0803417800,9,0x1C00,0x0000
0.0803447500,9,0x1C00,0x0000
0.0803477100,9,0x1C00,0x0000
0.0803506700,9,0x1C00,0x0000
0.0803536300,9,0x1C00,0x0000
0.0803566000,9,0x1C00,0x0000
0.0803595600,9,0x1C00,0x0000
0.0803625200,9,0x1C00,0x0000
0.0803654900,9,0x1C00,0x0000
0.0803684500,9,0x1C00,0x0000
0.0803714100,9,0x1C00,0x0000
0.0803743800,9,0x1C00,0x0000
0.0803773400,9,0x1C00,0x0000
0.0803803000,9,0x1C00,0x0000
0.0803832600,9,0x1C00,0x0000
0.0803862300,9,0x1C00,0x0000
0.0803891900,9,0x1C00,0x0000
0.0803921500,9,0x1C00,0x0000
0.0803951100,9,0x1C00,0x0000
0.0803980800,9,0x1C00,0x0000
0.0804010400,9,0x1C00,0x0000
0.0804040000,9,0x1C00,0x0000
0.0804069700,9,0x1C00,0x0000
0.0804099300,9,0x1C00,0x0000
0.0804128900,9,0x1C00,0x0000
0.0804158600,9,0x1C00,0x0000
0.0804188200,9,0x1C00,0x0000
0.0804217800,9,0x1C00,0x0000
0.0804247500,9,0x1C00,0x0000
0.0804277100,9,0x93E7,0x0000
0.0804306700,9,0xBBEF,0x0000
0.0804336300,9,0xBBEF,0x0000
0.0804366000,9,0xBBEF,0x0000
0.0804395600,9,0xBBEF,0x0000
0.0804425200,9,0xBBEF,0x0000
0.0804454900,9,0xBBEF,0x0000
0.0804484500,9,0xBBEF,0x0000
0.0804514100,9,0xBBEF,0x0000
0.0804543800,9,0xBBEF,0x0000
0.0804573400,9,0xBBEF,0x0000
0.0804603000,9,0xBBEF,0x0000
0.0804632600,9,0xBBEF,0x0000
0.0804662300,9,0xBBEF,0x0000
0.0804691900,9,0xBBEF,0x0000
0.0804721500,9,0xBBEF,0x0000
0.0804751100,9,0xBBEF,0x0000
0.0804780800,9,0x8FEF,0x0000
0.0804810400,9,0x1C00,0x0000
0.0804840100,9,0x1C00,0x0000
0.0804869700,9,0x1C00,0x0000
0.0804899300,9,0x1C00,0x0000
0.0804928900,9,0x1C00,0x0000
0.0804958600,9,0x1C00,0x0000
0.0804988200,9,0x1C00,0x0000
0.0805017800,9,0x1C00,0x0000
0.0805047500,9,0x1C00,0x0000
0.0805077100,9,0x1C00,0x0000
0.0805106700,9,0x1C00,0x0000
0.0805136300,9,0x1C00,0x0000
0.0805166000,9,0x1C00,0x0000
0.0805195600,9,0x1C00,0x0000
0.0805225200,9,0x1C00,0x0000
0.0805254900,9,0x1C00,0x0000
0.0805284500,9,0x1C00,0x0000
0.0805314100,9,0x1C00,0x0000
0.0805343800,9,0x1C00,0x0000
0.0805373400,9,0x1C00,0x0000
0.0805403000,9,0x1C00,0x0000
0.0805432600,9,0x1C00,0x0000
0.0805462300,9,0x1C00,0x0000
0.0805491900,9,0x1C00,0x0000
0.0805521500,9,0x1C00,0x0000
0.0805551200,9,0x1C00,0x0000
0.0805580800,9,0x1C00,0x0000
0.0805610400,9,0x1C00,0x0000
0.0805640100,9,0x1C00,0x0000
0.0805669700,9,0x1C00,0x0000
0.0805699300,9,0x93E7,0x0000
0.0805728900,9,0xBBEF,0x0000
0.0805758600,9,0xBBEF,0x0000
0.0805788200,9,0xBBEF,0x0000
0.0805817800,9,0xBBEF,0x0000
0.0805847500,9,0xBBEF,0x0000
0.0805877100,9,0xBBEF,0x0000
0.0805906700,9,0xBBEF,0x0000
0.0805936300,9,0xBBEF,0x0000
0.0805966000,9,0xBBEF,0x0000
0.0805995600,9,0xBBEF,0x0000
0.0806025200,9,0xBBEF,0x0000
0.0806054900,9,0xBBEF,0x0000
0.0806084500,9,0xBBEF,0x0000
0.0806114100,9,0xBBEF,0x0000
0.0806143800,9,0xBBEF,0x0000
0.0806173400,9,0xBBEF,0x0000
0.0806203000,9,0x8FEF,0x0000
0.0806232600,9,0x1C00,0x0000
0.0806262300,9,0x1C00,0x0000
0.0806291900,9,0x1C00,0x0000
0.0806321500,9,0x1C00,0x0000
0.0806351100,9,0x1C00,0x0000
0.0806380800,9,0x1C00,0x0000
0.0806410400,9,0x1C00,0x0000
0.0806440100,9,0x1C00,0x0000
0.0806469700,9,0x1C00,0x0000
0.0806499300,9,0x1C00,0x0000
0.0806528900,9,0x1C00,0x0000
0.0806558600,9,0x1C00,0x0000
0.0806588200,9,0x1C00,0x0000
0.0806617800,9,0x1C00,0x0000
0.0806647500,9,0x1C00,0x0000
0.0806677100,9,0x1C00,0x0000
0.0806706700,9,0x1C00,0x0000
0.0806736300,9,0x1C00,0x0000
0.0806766000,9,0x1C00,0x0000
0.0806795600,9,0x1C00,0x0000
0.0806825200,9,0x1C00,0x0000
0.0806854900,9,0x1C00,0x0000
0.0806884500,9,0x1C00,0x0000
0.0806914100,9,0x1C00,0x0000
0.0806943800,9,0x1C00,0x0000
0.0806973400,9,0x1C00,0x0000
0.0807003000,9,0x1C00,0x0000
0.0807032600,9,0x1C00,0x0000
0.0807062300,9,0x1C00,0x0000
0.0807091900,9,0x1C00,0x0000
0.0807121500,9,0x93E7,0x0000
0.0807151100,9,0xBBEF,0x0000
0.0807180800,9,0xBBEF,0x0000
0.0807210400,9,0xBBEF,0x0000
0.0807240000,9,0xBBEF,0x0000
0.0807269700,9,0xBBEF,0x0000
0.0807299300,9,0xBBEF,0x0000
0.0807328900,9,0xBBEF,0x0000
0.0807358600,9,0xBBEF,0x0000
0.0807388200,9,0xBBEF,0x0000
0.0807417800,9,0xBBEF,0x0000
0.0807447500,9,0xBBEF,0x0000
0.0807477100,9,0xBBEF,0x0000
0.0807506700,9,0xBBEF,0x0000
0.0807536300,9,0xBBEF,0x0000
0.0807566000,9,0xBBEF,0x0000
0.0807595600,9,0xBBEF,0x0000
0.0807625200,9,0x8FEF,0x0000
0.0807654900,9,0x1C00,0x0000
0.0807684500,9,0x1C00,0x0000
0.0807714100,9,0x1C00,0x0000
0.0807743800,9,0x1C00,0x0000
0.0807773400,9,0x1C00,0x0000
0.0807803000,9,0x1C00,0x0000
0.0807832600,9,0x1C00,0x0000
0.0807862300,9,0x1C00,0x0000
0.0807891900,9,0x1C00,0x0000
0.0807921500,9,0x1C00,0x0000
0.0807951200,9,0x1C00,0x0000
0.0807980800,9,0x1C00,0x0000
0.0808010400,9,0x1C00,0x0000
0.0808040100,9,0x1C00,0x0000
0.0808069700,9,0x1C00,0x0000
0.0808099300,9,0x1C00,0x0000
0.0808128900,9,0x1C00,0x0000
0.0808158600,9,0x1C00,0x0000
0.0808188200,9,0x1C00,0x0000
0.0808217800,9,0x1C00,0x0000
0.0808247500,9,0x1C00,0x0000
0.0808277100,9,0x1C00,0x0000
0.0808306700,9,0x1C00,0x0000
0.0808336300,9,0x1C00,0x0000
0.0808366000,9,0x1C00,0x0000
0.0808395600,9,0x1C00,0x0000
0.0808425200,9,0x1C00,0x0000
0.0808454900,9,0x1C00,0x0000
0.0808484500,9,0x1C00,0x0000
0.0808514100,9,0x1C00,0x0000
0.0808543700,9,0x93E7,0x0000
0.0808573400,9,0xBBEF,0x0000
0.0808603000,9,0xBBEF,0x0000
0.0808632600,9,0xBBEF,0x0000
0.0808662300,9,0xBBEF,0x0000
0.0808691900,9,0xBBEF,0x0000
0.0808721500,9,0xBBEF,0x0000
0.0808751200,9,0xBBEF,0x0000
0.0808780800,9,0xBBEF,0x0000
0.0808810400,9,0xBBEF,0x0000
0.0808840100,9,0xBBEF,0x0000
0.0808869700,9,0xBBEF,0x0000
0.0808899300,9,0xBBEF,0x0000
0.0808928900,9,0xBBEF,0x0000
0.0808958600,9,0xBBEF,0x0000
0.0808988200,9,0xBBEF,0x0000
0.0809017800,9,0xBBEF,0x0000
0.0809047500,9,0x8FEF,0x0000
0.0809077100,9,0x1C00,0x0000
0.0809106700,9,0x1C00,0x0000
0.0809136300,9,0x1C00,0x0000
0.0809166000,9,0x1C00,0x0000
0.0809195600,9,0x1C00,0x0000
0.0809225200,9,0x1C00,0x0000
0.0809254900,9,0x1C00,0x0000
0.0809284500,9,0x1C00,0x0000
0.0809314100,9,0x1C00,0x0000
0.0809343800,9,0x1C00,0x0000
0.0809373400,9,0x1C00,0x0000
0.0809403000,9,0x1C00,0x0000
0.0809432600,9,0x1C00,0x0000
0.0809462300,9,0x1C00,0x0000
0.0809491900,9,0x1C00,0x0000
0.0809521500,9,0x1C00,0x0000
0.0809551200,9,0x1C00,0x0000
0.0809580800,9,0x1C00,0x0000
0.0809610400,9,0x1C00,0x0000
0.0809640100,9,0x1C00,0x0000
0.0809669700,9,0x1C00,0x0000
0.0809699300,9,0x1C00,0x0000
0.0809728900,9,0x1C00,0x0000
0.0809758600,9,0x1C00,0x0000
0.0809788200,9,0x1C00,0x0000
0.0809817800,9,0x1C00,0x0000
0.0809847500,9,0x1C00,0x0000
0.0809877100,9,0x1C00,0x0000
0.0809906700,9,0x1C00,0x0000
0.0809936400,9,0x1C00,0x0000
0.0809966000,9,0x93E7,0x0000
0.0809995600,9,0xBBEF,0x0000
0.0810025200,9,0xBBEF,0x0000
0.0810054900,9,0xBBEF,0x0000
0.0810084500,9,0xBBEF,0x0000
0.0810114100,9,0xBBEF,0x0000
0.0810143800,9,0xBBEF,0x0000
0.0810173400,9,0xBBEF,0x0000
0.0810203000,9,0xBBEF,0x0000
0.0810232600,9,0xBBEF,0x0000
0.0810262300,9,0xBBEF,0x0000
0.0810291900,9,0xBBEF,0x0000
0.0810321500,9,0xBBEF,0x0000
0.0810351200,9,0xBBEF,0x0000
0.0810380800,9,0xBBEF,0x0000
0.0810410400,9,0xBBEF,0x0000
0.0810440100,9,0xBBEF,0x0000
0.0810469700,9,0x8FEF,0x0000
0.0810499300,9,0x1C00,0x0000
0.0810528900,9,0x1C00,0x0000
0.0810558600,9,0x1C00,0x0000
0.0810588200,9,0x1C00,0x0000
0.0810617800,9,0x1C00,0x0000
0.0810647500,9,0x1C00,0x0000
0.0810677100,9,0x1C00,0x0000
0.0810706700,9,0x1C00,0x0000
0.0810736400,9,0x1C00,0x0000
0.0810766000,9,0x1C00,0x0000
0.0810795600,9,0x1C00,0x0000
0.0810825200,9,0x1C00,0x0000
0.0810854900,9,0x1C00,0x0000
0.0810884500,9,0x1C00,0x0000
0.0810914100,9,0x1C00,0x0000
0.0810943800,9,0x1C00,0x0000
0.0810973400,9,0x1C00,0x0000
0.0811003000,9,0x1C00,0x0000
0.0811032600,9,0x1C00,0x0000
0.0811062300,9,0x1C00,0x0000
0.0811091900,9,0x1C00,0x0000
0.0811121500,9,0x1C00,0x0000
0.0811151200,9,0x1C00,0x0000
0.0811180800,9,0x1C00,0x0000
0.0811210400,9,0x1C00,0x0000
0.0811240100,9,0x1C00,0x0000
0.0811269700,9,0x1C00,0x0000
0.0811299300,9,0x1C00,0x0000
0.0811328900,9,0x1C00,0x0000
0.0811358600,9,0x1C00,0x0000
0.0811388200,9,0x93E7,0x0000
0.0811417800,9,0xBBEF,0x0000
0.0811447500,9,0xBBEF,0x0000
0.0811477100,9,0xBBEF,0x0000
0.0811506700,9,0xBBEF,0x0000
0.0811536300,9,0xBBEF,0x0000
0.0811566000,9,0xBBEF,0x0000
0.0811595600,9,0xBBEF,0x0000
0.0811625200,9,0xBBEF,0x0000
0.0811654900,9,0xBBEF,0x0000
0.0811684500,9,0xBBEF,0x0000
0.0811714100,9,0xBBEF,0x0000
0.0811743800,9,0xBBEF,0x0000
0.0811773400,9,0xBBEF,0x0000
0.0811803000,9,0xBBEF,0x0000
0.0811832600,9,0xBBEF,0x0000
0.0811862300,9,0xBBEF,0x0000
0.0811891900,9,0x8FEF,0x0000
0.0811921500,9,0x1C00,0x0000
0.0811951200,9,0x1C00,0x0000
0.0811980800,9,0x1C00,0x0000
0.0812010400,9,0x1C00,0x0000
0.0812040100,9,0x1C00,0x0000
0.0812069700,9,0x1C00,0x0000
0.0812099300,9,0x1C00,0x0000
0.0812128900,9,0x1C00,0x0000
0.0812158600,9,0x1C00,0x0000
0.0812188200,9,0x1C00,0x0000
0.0812217800,9,0x1C00,0x0000
0.0812247500,9,0x1C00,0x0000
0.0812277100,9,0x1C00,0x0000
0.0812306700,9,0x1C00,0x0000
0.0812336400,9,0x1C00,0x0000
0.0812366000,9,0x1C00,0x0000
0.0812395600,9,0x1C00,0x0000
0.0812425200,9,0x1C00,0x0000
0.0812454900,9,0x1C00,0x0000
0.0812484500,9,0x1C00,0x0000
0.0812514100,9,0x1C00,0x0000
0.0812543800,9,0x1C00,0x0000
0.0812573400,9,0x1C00,0x0000
0.0812603000,9,0x1C00,0x0000
0.0812632600,9,0x1C00,0x0000
0.0812662300,9,0x1C00,0x0000
0.0812691900,9,0x1C00,0x0000
0.0812721500,9,0x1C00,0x0000
0.0812751200,9,0x1C00,0x0000
0.0812780800,9,0x1C00,0x0000
0.0812810400,9,0x93E7,0x0000
0.0812840100,9,0xBBEF,0x0000
0.0812869700,9,0xBBEF,0x0000
0.0812899300,9,0xBBEF,0x0000
0.0812928900,9,0xBBEF,0x0000
0.0812958600,9,0xBBEF,0x0000
0.0812988200,9,0xBBEF,0x0000
0.0813017800,9,0xBBEF,0x0000
0.0813047500,9,0xBBEF,0x0000
0.0813077100,9,0xBBEF,0x0000
0.0813106700,9,0xBBEF,0x0000
0.0813136400,9,0xBBEF,0x0000
0.0813166000,9,0xBBEF,0x0000
0.0813195600,9,0xBBEF,0x0000
0.0813225200,9,0xBBEF,0x0000
0.0813254900,9,0xBBEF,0x0000
0.0813284500,9,0xBBEF,0x0000
0.0813314100,9,0x8FEF,0x0000
0.0813343800,9,0x1C00,0x0000
0.0813373400,9,0x1C00,0x0000
0.0813403000,9,0x1C00,0x0000
0.0813432600,9,0x1C00,0x0000
0.0813462300,9,0x1C00,0x0000
0.0813491900,9,0x1C00,0x0000
0.0813521500,9,0x1C00,0x0000
0.0813551200,9,0x1C00,0x0000
0.0813580800,9,0x1C00,0x0000
0.0813610400,9,0x1C00,0x0000
0.0813640100,9,0x1C00,0x0000
0.0813669700,9,0x1C00,0x0000
0.0813699300,9,0x1C00,0x0000
0.0813729000,9,0x1C00,0x0000
0.0813758600,9,0x1C00,0x0000
0.0813788200,9,0x1C00,0x0000
0.0813817800,9,0x1C00,0x0000
0.0813847500,9,0x1C00,0x0000
0.0813877100,9,0x1C00,0x0000
0.0813906700,9,0x1C00,0x0000
0.0813936400,9,0x1C00,0x0000
0.0813966000,9,0x1C00,0x0000
0.0813995600,9,0x1C00,0x0000
0.0814025200,9,0x1C00,0x0000
0.0814054900,9,0x1C00,0x0000
0.0814084500,9,0x1C00,0x0000
0.0814114100,9,0x1C00,0x0000
0.0814143800,9,0x1C00,0x0000
0.0814173400,9,0x1C00,0x0000
0.0814203000,9,0x1C00,0x0000
0.0814232600,9,0x83E1,0x0000
0.0814262300,9,0xAFF6,0x0000
0.0814291900,9,0xAFF6,0x0000
0.0814321500,9,0xAFF6,0x0000
0.0814351200,9,0xAFF6,0x0000
0.0814380800,9,0xAFF6,0x0000
0.0814410400,9,0xAFF6,0x0000
0.0814440100,9,0xAFF6,0x0000
0.0814469700,9,0xAFF6,0x0000
0.0814499300,9,0xAFF6,0x0000
0.0814528900,9,0xAFF6,0x0000
0.0814558600,9,0xAFF6,0x0000
0.0814588200,9,0xAFF6,0x0000
0.0814617800,9,0xAFF6,0x0000
0.0814647500,9,0xAFF6,0x0000
0.0814677100,9,0xAFF6,0x0000
0.0814706700,9,0xAFF6,0x0000
0.0814736400,9,0x83E1,0x0000
0.0814766000,9,0x1C00,0x0000
0.0814795600,9,0x1C00,0x0000
0.0814825200,9,0x1C00,0x0000
0.0814854900,9,0x1C00,0x0000
0.0814884500,9,0x1C00,0x0000
0.0814914100,9,0x1C00,0x0000
0.0814943800,9,0x1C00,0x0000
0.0814973400,9,0x1C00,0x0000
0.0815003000,9,0x1C00,0x0000
0.0815032600,9,0x1C00,0x0000
0.0815062300,9,0x1C00,0x0000
0.0815091900,9,0x1C00,0x0000
0.0815121500,9,0x1C00,0x0000
0.0815151200,9,0x1C00,0x0000
0.0815180800,9,0x1C00,0x0000
0.0815210400,9,0x1C00,0x0000
0.0815240100,9,0x1C00,0x0000
0.0815269700,9,0x1C00,0x0000
0.0815299300,9,0x1C00,0x0000
0.0815328900,9,0x1C00,0x0000
0.0815358600,9,0x1C00,0x0000
0.0815388200,9,0x1C00,0x0000
0.0815417800,9,0x1C00,0x0000
0.0815447500,9,0x1C00,0x0000
0.0815477100,9,0x1C00,0x0000
0.0815506700,9,0x1C00,0x0000
0.0815536400,9,0x1C00,0x0000
0.0815566000,9,0x1C00,0x0000
0.0815595600,9,0x1C00,0x0000
0.0815625300,9,0x1C00,0x0000
0.0815654900,9,0x1C00,0x0000
0.0815684500,9,0x1C00,0x0000
0.0815714100,9,0x1C00,0x0000
0.0815743800,9,0x1C00,0x0000
0.0815773400,9,0x1C00,0x0000
0.0815803000,9,0x1C00,0x0000
0.0815832600,9,0x1C00,0x0000
0.0815862300,9,0x1C00,0x0000
0.0815891900,9,0x1C00,0x0000
0.0815921500,9,0x1C00,0x0000
0.0815951200,9,0x1C00,0x0000
0.0815980800,9,0x1C00,0x0000
0.0816010400,9,0x1C00,0x0000
0.0816040100,9,0x1C00,0x0000
0.0816069700,9,0x1C00,0x0000
0.0816099300,9,0x1C00,0x0000
0.0816129000,9,0x1C00,0x0000
0.0816158600,9,0x1C00,0x0000
0.0816188200,9,0x1C00,0x0000
0.0816217800,9,0x1C00,0x0000
0.0816247500,9,0x1C00,0x0000
0.0816277100,9,0x1C00,0x0000
0.0816306700,9,0x1C00,0x0000
0.0816336400,9,0x1C00,0x0000
0.0816366000,9,0x1C00,0x0000
0.0816395600,9,0x1C00,0x0000
0.0816425200,9,0x1C00,0x0000
0.0816454900,9,0x1C00,0x0000
0.0816484500,9,0x1C00,0x0000
0.0816514100,9,0x1C00,0x0000
0.0816543800,9,0x1C00,0x0000
0.0816573400,9,0x1C00,0x0000
0.0816603000,9,0x1C00,0x0000
0.0816632600,9,0x1C00,0x0000
0.0816662300,9,0x1C00,0x0000
0.0816691900,9,0x1C00,0x0000
0.0816721500,9,0x1C00,0x0000
0.0816751200,9,0x1C00,0x0000
0.0816780800,9,0x1C00,0x0000
0.0816810400,9,0x1C00,0x0000
0.0816840100,9,0x1C00,0x0000
0.0816869700,9,0x1C00,0x0000
0.0816899300,9,0x1C00,0x0000
0.0816929000,9,0x1C00,0x0000
0.0816958600,9,0x1C00,0x0000
0.0816988200,9,0x1C00,0x0000
0.0817017800,9,0x1C00,0x0000
0.0817047500,9,0x1C00,0x0000
0.0817077100,9,0x1C00,0x0000
0.0817106700,9,0x1C00,0x0000
0.0817136400,9,0x1C00,0x0000
0.0817166000,9,0x1C00,0x0000
0.0817195600,9,0x1C00,0x0000
0.0817225300,9,0x1C00,0x0000
0.0817254900,9,0x1C00,0x0000
0.0817284500,9,0x1C00,0x0000
0.0817314100,9,0x1C00,0x0000
0.0817343800,9,0x1C00,0x0000
0.0817373400,9,0x1C00,0x0000
0.0817403000,9,0x1C00,0x0000
0.0817432700,9,0x1C00,0x0000
0.0817462300,9,0x1C00,0x0000
0.0817491900,9,0x1C00,0x0000
0.0817521500,9,0x1C00,0x0000
0.0817551200,9,0x1C00,0x0000
0.0817580800,9,0x1C00,0x0000
0.0817610400,9,0x1C00,0x0000
0.0817640100,9,0x1C00,0x0000
0.0817669700,9,0x1C00,0x0000
0.0817699300,9,0x1C00,0x0000
0.0817729000,9,0x1C00,0x0000
0.0817758600,9,0x1C00,0x0000
0.0817788200,9,0x1C00,0x0000
0.0817817800,9,0x1C00,0x0000
0.0817847500,9,0x1C00,0x0000
0.0817877100,9,0x1C00,0x0000
0.0817906700,9,0x1C00,0x0000
0.0817936400,9,0x1C00,0x0000
0.0817966000,9,0x1C00,0x0000
0.0817995600,9,0x1C00,0x0000
0.0818025300,9,0x1C00,0x0000
0.0818054900,9,0x1C00,0x0000
0.0818084500,9,0x1C00,0x0000
0.0818114100,9,0x1C00,0x0000
0.0818143800,9,0x1C00,0x0000
0.0818173400,9,0x1C00,0x0000
0.0818203000,9,0x1C00,0x0000
0.0818232600,9,0x1C00,0x0000
0.0818262300,9,0x1C00,0x0000
0.0818291900,9,0x1C00,0x0000
0.0818321600,9,0x1C00,0x0000
0.0818351200,9,0x1C00,0x0000
0.0818380800,9,0x1C00,0x0000
0.0818410400,9,0x1C00,0x0000
0.0818440100,9,0x1C00,0x0000
0.0818469700,9,0x1C00,0x0000
0.0818499300,9,0x1C00,0x0000
0.0818529000,9,0x1C00,0x0000
0.0818558600,9,0x1C00,0x0000
0.0818588200,9,0x1C00,0x0000
0.0818617800,9,0x1C00,0x0000
0.0818647500,9,0x1C00,0x0000
0.0818677100,9,0x1C00,0x0000
0.0818706700,9,0x1C00,0x0000
0.0818736400,9,0x1C00,0x0000
0.0818766000,9,0x1C00,0x0000
0.0818795600,9,0x1C00,0x0000
0.0818825300,9,0x1C00,0x0000
0.0818854900,9,0x1C00,0x0000
0.0818884500,9,0x1C00,0x0000
0.0818914100,9,0x1C00,0x0000
0.0818943800,9,0x1C00,0x0000
0.0818973400,9,0x1C00,0x0000
0.0819003000,9,0x1C00,0x0000
0.0819032700,9,0x1C00,0x0000
0.0819062300,9,0x1C00,0x0000
0.0819091900,9,0x1C00,0x0000
0.0819121500,9,0x1C00,0x0000
0.0819151200,9,0x1C00,0x0000
0.0819180800,9,0x1C00,0x0000
0.0819210400,9,0x1C00,0x0000
0.0819240100,9,0x1C00,0x0000
0.0819269700,9,0x1C00,0x0000
0.0819299300,9,0x1C00,0x0000
0.0819329000,9,0x1C00,0x0000
0.0819358600,9,0x1C00,0x0000
0.0819388200,9,0x1C00,0x0000
0.0819417800,9,0x1C00,0x0000
0.0819447500,9,0x1C00,0x0000
0.0819477100,9,0x1C00,0x0000
0.0819506700,9,0x1C00,0x0000
0.0819536400,9,0x1C00,0x0000
0.0819566000,9,0x1C00,0x0000
0.0819595600,9,0x1C00,0x0000
0.0819625300,9,0x1C00,0x0000
0.0819654900,9,0x1C00,0x0000
0.0819684500,9,0x1C00,0x0000
0.0819714100,9,0x1C00,0x0000
0.0819743800,9,0x1C00,0x0000
0.0819773400,9,0x1C00,0x0000
0.0819803000,9,0x1C00,0x0000
0.0819832600,9,0x1C00,0x0000
0.0819862300,9,0x1C00,0x0000
0.0819891900,9,0x1C00,0x0000
0.0819921500,9,0x1C00,0x0000
0.0819951200,9,0x1C00,0x0000
0.0819980800,9,0x1C00,0x0000
0.0820010400,9,0x1C00,0x0000
0.0820040100,9,0x1C00,0x0000
0.0820069700,9,0x1C00,0x0000
0.0820099300,9,0x1C00,0x0000
0.0820129000,9,0x1C00,0x0000
0.0820158600,9,0x1C00,0x0000
0.0820188200,9,0x1C00,0x0000
0.0820217900,9,0x1C00,0x0000
0.0820247500,9,0x1C00,0x0000
0.0820277100,9,0x1C00,0x0000
0.0820306700,9,0x1C00,0x0000
0.0820336400,9,0x1C00,0x0000
0.0820366000,9,0x1C00,0x0000
0.0820395600,9,0x1C00,0x0000
0.0820425300,9,0x1C00,0x0000
0.0820454900,9,0x1C00,0x0000
0.0820484500,9,0x1C00,0x0000
0.0820514100,9,0x1C00,0x0000
0.0820543800,9,0x1C00,0x0000
0.0820573400,9,0x1C00,0x0000
0.0820603000,9,0x1C00,0x0000
0.0820632700,9,0x1C00,0x0000
0.0820662300,9,0x1C00,0x0000
0.0820691900,9,0x1C00,0x0000
0.0820721600,9,0x1C00,0x0000
0.0820751200,9,0x1C00,0x0000
0.0820780800,9,0x1C00,0x0000
0.0820810400,9,0x1C00,0x0000
0.0820840100,9,0x1C00,0x0000
0.0820869700,9,0x1C00,0x0000
0.0820899300,9,0x1C00,0x0000
0.0820929000,9,0x1C00,0x0000
0.0820958600,9,0x1C00,0x0000
0.0820988200,9,0x1C00,0x0000
0.0821017800,9,0x1C00,0x0000
0.0821047500,9,0x1C00,0x0000
0.0821077100,9,0x1C00,0x0000
0.0821106700,9,0x1C00,0x0000
0.0821136400,9,0x1C00,0x0000
0.0821166000,9,0x1C00,0x0000
0.0821195600,9,0x1C00,0x0000
0.0821225300,9,0x1C00,0x0000
0.0821254900,9,0x1C00,0x0000
0.0821284500,9,0x1C00,0x0000
0.0821314100,9,0x1C00,0x0000
0.0821343800,9,0x1C00,0x0000
0.0821373400,9,0x1C00,0x0000
0.0821403000,9,0x1C00,0x0000
0.0821432700,9,0x1C00,0x0000
0.0821462300,9,0x1C00,0x0000
0.0821491900,9,0x1C00,0x0000
0.0821521600,9,0x1C00,0x0000
0.0821551200,9,0x1C00,0x0000
0.0821580800,9,0x1C00,0x0000
0.0821610400,9,0x1C00,0x0000
0.0821640100,9,0x1C00,0x0000
0.0821669700,9,0x1C00,0x0000
0.0821699300,9,0x1C00,0x0000
0.0821729000,9,0x1C00,0x0000
0.0821758600,9,0x1C00,0x0000
0.0821788200,9,0x1C00,0x0000
0.0821817800,9,0x1C00,0x0000
0.0821847500,9,0x1C00,0x0000
0.0821877100,9,0x1C00,0x0000
0.0821906700,9,0x1C00,0x0000
0.0821936400,9,0x1C00,0x0000
0.0821966000,9,0x1C00,0x0000
0.0821995600,9,0x1C00,0x0000
0.0822025300,9,0x1C00,0x0000
0.0822054900,9,0x1C00,0x0000
0.0822084500,9,0x1C00,0x0000
0.0822114100,9,0x1C00,0x0000
0.0822143800,9,0x1C00,0x0000
0.0822173400,9,0x1C00,0x0000
0.0822203000,9,0x1C00,0x0000
0.0822232600,9,0x1C00,0x0000
0.0822262300,9,0x1C00,0x0000
0.0822291900,9,0x1C00,0x0000
0.0822321600,9,0x1C00,0x0000
0.0822351200,9,0x1C00,0x0000
0.0822380800,9,0x1C00,0x0000
0.0822410400,9,0x1C00,0x0000
0.0822440100,9,0x1C00,0x0000
0.0822469700,9,0x1C00,0x0000
0.0822499300,9,0x1C00,0x0000
0.0822529000,9,0x1C00,0x0000
0.0822558600,9,0x1C00,0x0000
0.0822588200,9,0x1C00,0x0000
0.0822617900,9,0x1C00,0x0000
0.0822647500,9,0x1C00,0x0000
0.0822677100,9,0x1C00,0x0000
0.0822706700,9,0x1C00,0x0000
0.0822736400,9,0x1C00,0x0000
0.0822766000,9,0x1C00,0x0000
0.0822795600,9,0x1C00,0x0000
0.0822825300,9,0x1C00,0x0000
0.0822854900,9,0x1C00,0x0000
0.0822884500,9,0x1C00,0x0000
0.0822914100,9,0x1C00,0x0000
0.0822943800,9,0x1C00,0x0000
0.0822973400,9,0x1C00,0x0000
0.0823003000,9,0x1C00,0x0000
0.0823032700,9,0x1C00,0x0000
0.0823062300,9,0x1C00,0x0000
0.0823091900,9,0x1C00,0x0000
0.0823121600,9,0x1C00,0x0000
0.0823151200,9,0x1C00,0x0000
0.0823180800,9,0x1C00,0x0000
0.0823210400,9,0x1C00,0x0000
0.0823240100,9,0x1C00,0x0000
0.0823269700,9,0x1C00,0x0000
0.0823299300,9,0x1C00,0x0000
0.0823329000,9,0x1C00,0x0000
0.0823358600,9,0x1C00,0x0000
0.0823388200,9,0x1C00,0x0000
0.0823417800,9,0x1C00,0x0000
0.0823447500,9,0x1C00,0x0000
0.0823477100,9,0x1C00,0x0000
0.0823506700,9,0x1C00,0x0000
0.0823536400,9,0x1C00,0x0000
0.0823566000,9,0x1C00,0x0000
0.0823595600,9,0x1C00,0x0000
0.0823625300,9,0x1C00,0x0000
0.0823654900,9,0x1C00,0x0000
0.0823684500,9,0x1C00,0x0000
0.0823714100,9,0x1C00,0x0000
0.0823743800,9,0x1C00,0x0000
0.0823773400,9,0x1C00,0x0000
0.0823803000,9,0x1C00,0x0000
0.0823832700,9,0x1C00,0x0000
0.0823862300,9,0x1C00,0x0000
0.0823891900,9,0x1C00,0x0000
0.0823921600,9,0x1C00,0x0000
0.0823951200,9,0x1C00,0x0000
0.0823980800,9,0x1C00,0x0000
0.0824010400,9,0x1C00,0x0000
0.0824040100,9,0x1C00,0x0000
0.0824069700,9,0x1C00,0x0000
0.0824099300,9,0x1C00,0x0000
0.0824129000,9,0x1C00,0x0000
0.0824158600,9,0x1C00,0x0000
0.0824188200,9,0x1C00,0x0000
0.0824217900,9,0x1C00,0x0000
0.0824247500,9,0x1C00,0x0000
0.0824277100,9,0x1C00,0x0000
0.0824306700,9,0x1C00,0x0000
0.0824336400,9,0x1C00,0x0000
0.0824366000,9,0x1C00,0x0000
0.0824395600,9,0x1C00,0x0000
0.0824425300,9,0x1C00,0x0000
0.0824454900,9,0x1C00,0x0000
0.0824484500,9,0x1C00,0x0000
0.0824514100,9,0x1C00,0x0000
0.0824543800,9,0x1C00,0x0000
0.0824573400,9,0x1C00,0x0000
0.0824603000,9,0x1C00,0x0000
0.0824632700,9,0x1C00,0x0000
0.0824662300,9,0x1C00,0x0000
0.0824691900,9,0x1C00,0x0000
0.0824721600,9,0x1C00,0x0000
0.0824751200,9,0x1C00,0x0000
0.0824780800,9,0x1C00,0x0000
0.0824810500,9,0x1C00,0x0000
0.0824840100,9,0x1C00,0x0000
0.0824869700,9,0x1C00,0x0000
0.0824899300,9,0x1C00,0x0000
0.0824929000,9,0x1C00,0x0000
0.0824958600,9,0x1C00,0x0000
0.0824988200,9,0x1C00,0x0000
0.0825017900,9,0x1C00,0x0000
0.0825047500,9,0x1C00,0x0000
0.0825077100,9,0x1C00,0x0000
0.0825106700,9,0x1C00,0x0000
0.0825136400,9,0x1C00,0x0000
0.0825166000,9,0x1C00,0x0000
0.0825195600,9,0x1C00,0x0000
0.0825225300,9,0x1C00,0x0000
0.0825254900,9,0x1C00,0x0000
0.0825284500,9,0x1C00,0x0000
0.0825314100,9,0x1C00,0x0000
0.0825343800,9,0x1C00,0x0000
0.0825373400,9,0x1C00,0x0000
0.0825403000,9,0x1C00,0x0000
0.0825432700,9,0x1C00,0x0000
0.0825462300,9,0x1C00,0x0000
0.0825491900,9,0x1C00,0x0000
0.0825521600,9,0x1C00,0x0000
0.0825551200,9,0x1C00,0x0000
0.0825580800,9,0x1C00,0x0000
0.0825610400,9,0x1C00,0x0000
0.0825640100,9,0x1C00,0x0000
0.0825669700,9,0x1C00,0x0000
0.0825699300,9,0x1C00,0x0000
0.0825729000,9,0x1C00,0x0000
0.0825758600,9,0x1C00,0x0000
0.0825788200,9,0x1C00,0x0000
0.0825817900,9,0x1C00,0x0000
0.0825847500,9,0x1C00,0x0000
0.0825877100,9,0x1C00,0x0000
0.0825906700,9,0x1C00,0x0000
0.0825936400,9,0x1C00,0x0000
0.0825966000,9,0x1C00,0x0000
0.0825995600,9,0x1C00,0x0000
0.0826025300,9,0x1C00,0x0000
0.0826054900,9,0x1C00,0x0000
0.0826084500,9,0x1C00,0x0000
0.0826114100,9,0x1C00,0x0000
0.0826143800,9,0x1C00,0x0000
0.0826173400,9,0x1C00,0x0000
0.0826203000,9,0x1C00,0x0000
0.0826232700,9,0x1C00,0x0000
0.0826262300,9,0x1C00,0x0000
0.0826291900,9,0x1C00,0x0000
0.0826321600,9,0x1C00,0x0000
0.0826351200,9,0x1C00,0x0000
0.0826380800,9,0x1C00,0x0000
0.0826410500,9,0x1C00,0x0000
0.0826440100,9,0x1C00,0x0000
0.0826469700,9,0x1C00,0x0000
0.0826499300,9,0x1C00,0x0000
0.0826529000,9,0x1C00,0x0000
0.0826558600,9,0x1C00,0x0000
0.0826588200,9,0x0000,0x0000
0.0826617900,9,0x0000,0x0000
0.0826647500,9,0x0000,0x0000
0.0872856900,10,0x55AA,0x0000
0.0872886400,10,0x2DEC,0x0000
0.0872916100,10,0x01FF,0x0000
0.0872945700,10,0x1C00,0x0000
0.0872975300,10,0x1C00,0x0000
0.0873005000,10,0x1C00,0x0000
0.0873034600,10,0x1C00,0x0000
0.0873064200,10,0x1C00,0x0000
0.0873093800,10,0x1C00,0x0000
0.0873123500,10,0x1C00,0x0000
0.0873153100,10,0x1C00,0x0000
0.0873182700,10,0x1C00,0x0000
0.0873212400,10,0x1C00,0x0000
0.0873242000,10,0x1C00,0x0000
0.0873271600,10,0x1C00,0x0000
0.0873301300,10,0x1C00,0x0000
0.0873330900,10,0x1C00,0x0000
0.0873360500,10,0x1C00,0x0000
0.0873390100,10,0x1C00,0x0000
0.0873419800,10,0x1C00,0x0000
0.0873449400,10,0x1C00,0x0000
0.0873479000,10,0x1C00,0x0000
0.0873508700,10,0x1C00,0x0000
0.0873538300,10,0x1C00,0x0000
0.0873567900,10,0x1C00,0x0000
0.0873597600,10,0x1C00,0x0000
0.0873627200,10,0x1C00,0x0000
0.0873656800,10,0x1C00,0x0000
0.0873686400,10,0x1C00,0x0000
0.0873716100,10,0x1C00,0x0000
0.0873745700,10,0x1C00,0x0000
0.0873775300,10,0x1C00,0x0000
0.0873805000,10,0x1C00,0x0000
0.0873834600,10,0x1C00,0x0000
0.0873864200,10,0x1C00,0x0000
0.0873893800,10,0x1C00,0x0000
0.0873923500,10,0x1C00,0x0000
0.0873953100,10,0x1C00,0x0000
0.0873982700,10,0x1C00,0x0000
0.0874012400,10,0x1C00,0x0000
0.0874042000,10,0x1C00,0x0000
0.0874071600,10,0x1C00,0x0000
0.0874101300,10,0x1C00,0x0000
0.0874130900,10,0x1C00,0x0000
0.0874160500,10,0x1C00,0x0000
0.0874190100,10,0x1C00,0x0000
0.0874219800,10,0x1C00,0x0000
0.0874249400,10,0x1C00,0x0000
0.0874279000,10,0x1C00,0x0000
0.0874308700,10,0x1C00,0x0000
0.0874338300,10,0x1C00,0x0000
0.0874367900,10,0x1C00,0x0000
0.0874397600,10,0x1C00,0x0000
0.0874427200,10,0x1C00,0x0000
0.0874456800,10,0x1C00,0x0000
0.0874486400,10,0x1C00,0x0000
0.0874516100,10,0x1C00,0x0000
0.0874545700,10,0x1C00,0x0000
0.0874575300,10,0x1C00,0x0000
0.0874605000,10,0x1C00,0x0000
0.0874634600,10,0x1C00,0x0000
0.0874664200,10,0x1C00,0x0000
0.0874693800,10,0x1C00,0x0000
0.0874723500,10,0x1C00,0x0000
0.0874753100,10,0x1C00,0x0000
0.0874782700,10,0x1C00,0x0000
0.0874812400,10,0x1C00,0x0000
0.0874842000,10,0x1C00,0x0000
0.0874871600,10,0x1C00,0x0000
0.0874901300,10,0x1C00,0x0000
0.0874930900,10,0x1C00,0x0000
0.0874960500,10,0x1C00,0x0000
0.0874990100,10,0x1C00,0x0000
0.0875019800,10,0x1C00,0x0000
0.0875049400,10,0x1C00,0x0000
0.0875079000,10,0x1C00,0x0000
0.0875108700,10,0x1C00,0x0000
0.0875138300,10,0x1C00,0x0000
0.0875167900,10,0x1C00,0x0000
0.0875197600,10,0x1C00,0x0000
0.0875227200,10,0x1C00,0x0000
0.0875256800,10,0x1C00,0x0000
0.0875286400,10,0x1C00,0x0000
0.0875316100,10,0x1C00,0x0000
0.0875345700,10,0x1C00,0x0000
0.0875375300,10,0x1C00,0x0000
0.0875405000,10,0x1C00,0x0000
0.0875434600,10,0x1C00,0x0000
0.0875464200,10,0x1C00,0x0000
0.0875493900,10,0x1C00,0x0000
0.0875523500,10,0x1C00,0x0000
0.0875553100,10,0x1C00,0x0000
0.0875582700,10,0x1C00,0x0000
0.0875612400,10,0x1C00,0x0000
0.0875642000,10,0x1C00,0x0000
0.0875671600,10,0x1C00,0x0000
0.0875701300,10,0x1C00,0x0000
0.0875730900,10,0x1C00,0x0000
0.0875760500,10,0x1C00,0x0000
0.0875790100,10,0x1C00,0x0000
0.0875819800,10,0x1C00,0x0000
0.0875849400,10,0x1C00,0x0000
0.0875879000,10,0x1C00,0x0000
0.0875908700,10,0x1C00,0x0000
0.0875938300,10,0x1C00,0x0000
0.0875967900,10,0x1C00,0x0000
0.0875997600,10,0x1C00,0x0000
0.0876027200,10,0x1C00,0x0000
0.0876056800,10,0x1C00,0x0000
0.0876086400,10,0x1C00,0x0000
0.0876116100,10,0x1C00,0x0000
0.0876145700,10,0x1C00,0x0000
0.0876175300,10,0x1C00,0x0000
0.0876205000,10,0x1C00,0x0000
0.0876234600,10,0x1C00,0x0000
0.0876264200,10,0x1C00,0x0000
0.0876293900,10,0x1C00,0x0000
0.0876323500,10,0x1C00,0x0000
0.0876353100,10,0x1C00,0x0000
0.0876382700,10,0x1C00,0x0000
0.0876412400,10,0x1C00,0x0000
0.0876442000,10,0x1C00,0x0000
0.0876471600,10,0x1C00,0x0000
0.0876501300,10,0x1C00,0x0000
0.0876530900,10,0x1C00,0x0000
0.0876560500,10,0x1C00,0x0000
0.0876590100,10,0x1C00,0x0000
0.0876619800,10,0x1C00,0x0000
0.0876649400,10,0x1C00,0x0000
0.0876679000,10,0x1C00,0x0000
0.0876708700,10,0x1C00,0x0000
0.0876738300,10,0x1C00,0x0000
0.0876767900,10,0x1C00,0x0000
0.0876797600,10,0x1C00,0x0000
0.0876827200,10,0x1C00,0x0000
0.0876856800,10,0x1C00,0x0000
0.0876886400,10,0x1C00,0x0000
0.0876916100,10,0x1C00,0x0000
0.0876945700,10,0x1C00,0x0000
0.0876975300,10,0x1C00,0x0000
0.0877005000,10,0x1C00,0x0000
0.0877034600,10,0x1C00,0x0000
0.0877064200,10,0x1C00,0x0000
0.0877093900,10,0x1C00,0x0000
0.0877123500,10,0x1C00,0x0000
0.0877153100,10,0x1C00,0x0000
0.0877182700,10,0x1C00,0x0000
0.0877212400,10,0x1C00,0x0000
0.0877242000,10,0x1C00,0x0000
0.0877271600,10,0x1C00,0x0000
0.0877301300,10,0x1C00,0x0000
0.0877330900,10,0x1C00,0x0000
0.0877360500,10,0x1C00,0x0000
0.0877390100,10,0x1C00,0x0000
0.0877419800,10,0x1C00,0x0000
0.0877449400,10,0x1C00,0x0000
0.0877479000,10,0x1C00,0x0000
0.0877508700,10,0x1C00,0x0000
0.0877538300,10,0x1C00,0x0000
0.0877567900,10,0x1C00,0x0000
0.0877597600,10,0x1C00,0x0000
0.0877627200,10,0x1C00,0x0000
0.0877656800,10,0x1C00,0x0000
0.0877686400,10,0x1C00,0x0000
0.0877716100,10,0x1C00,0x0000
0.0877745700,10,0x1C00,0x0000
0.0877775300,10,0x1C00,0x0000
0.0877805000,10,0x1C00,0x0000
0.0877834600,10,0x1C00,0x0000
0.0877864200,10,0x1C00,0x0000
0.0877893900,10,0x1C00,0x0000
0.0877923500,10,0x1C00,0x0000
0.0877953100,10,0x1C00,0x0000
0.0877982700,10,0x1C00,0x0000
0.0878012400,10,0x1C00,0x0000
0.0878042000,10,0x1C00,0x0000
0.0878071600,10,0x1C00,0x0000
0.0878101300,10,0x1C00,0x0000
0.0878130900,10,0x1C00,0x0000
0.0878160500,10,0x1C00,0x0000
0.0878190100,10,0x1C00,0x0000
0.0878219800,10,0x1C00,0x0000
0.0878249400,10,0x1C00,0x0000
0.0878279000,10,0x1C00,0x0000
0.0878308700,10,0x1C00,0x0000
0.0878338300,10,0x1C00,0x0000
0.0878367900,10,0x1C00,0x0000
0.0878397600,10,0x1C00,0x0000
0.0878427200,10,0x1C00,0x0000
0.0878456800,10,0x1C00,0x0000
0.0878486500,10,0x1C00,0x0000
0.0878516100,10,0x1C00,0x0000
0.0878545700,10,0x1C00,0x0000
0.0878575300,10,0x1C00,0x0000
0.0878605000,10,0x1C00,0x0000
0.0878634600,10,0x1C00,0x0000
0.0878664200,10,0x1C00,0x0000
0.0878693900,10,0x1C00,0x0000
0.0878723500,10,0x1C00,0x0000
0.0878753100,10,0x1C00,0x0000
0.0878782700,10,0x1C00,0x0000
0.0878812400,10,0x1C00,0x0000
0.0878842000,10,0x1C00,0x0000
0.0878871600,10,0x1C00,0x0000
0.0878901300,10,0x1C00,0x0000
0.0878930900,10,0x1C00,0x0000
0.0878960500,10,0x1C00,0x0000
0.0878990100,10,0x1C00,0x0000
0.0879019800,10,0x1C00,0x0000
0.0879049400,10,0x1C00,0x0000
0.0879079000,10,0x1C00,0x0000
0.0879108700,10,0x1C00,0x0000
0.0879138300,10,0x1C00,0x0000
0.0879167900,10,0x1C00,0x0000
0.0879197600,10,0x1C00,0x0000
0.0879227200,10,0x1C00,0x0000
0.0879256800,10,0x1C00,0x0000
0.0879286400,10,0x1C00,0x0000
0.0879316100,10,0x1C00,0x0000
0.0879345700,10,0x1C00,0x0000
0.0879375300,10,0x1C00,0x0000
0.0879405000,10,0x1C00,0x0000
0.0879434600,10,0x1C00,0x0000
0.0879464200,10,0x1C00,0x0000
0.0879493900,10,0x1C00,0x0000
0.0879523500,10,0x1C00,0x0000
0.0879553100,10,0x1C00,0x0000
0.0879582700,10,0x1C00,0x0000
0.0879612400,10,0x1C00,0x0000
0.0879642000,10,0x1C00,0x0000
0.0879671600,10,0x1C00,0x0000
0.0879701300,10,0x1C00,0x0000
0.0879730900,10,0x1C00,0x0000
0.0879760500,10,0x1C00,0x0000
0.0879790100,10,0x1C00,0x0000
0.0879819800,10,0x1C00,0x0000
0.0879849400,10,0x1C00,0x0000
0.0879879000,10,0x1C00,0x0000
0.0879908700,10,0x1C00,0x0000
0.0879938300,10,0x1C00,0x0000
0.0879967900,10,0x1C00,0x0000
0.0879997600,10,0x1C00,0x0000
0.0880027200,10,0x1C00,0x0000
0.0880056800,10,0x1C00,0x0000
0.0880086500,10,0x1C00,0x0000
0.0880116100,10,0x1C00,0x0000
0.0880145700,10,0x1C00,0x0000
0.0880175300,10,0x1C00,0x0000
0.0880205000,10,0x1C00,0x0000
0.0880234600,10,0x1C00,0x0000
0.0880264200,10,0x1C00,0x0000
0.0880293900,10,0x1C00,0x0000
0.0880323500,10,0x1C00,0x0000
0.0880353100,10,0x1C00,0x0000
0.0880382700,10,0x1C00,0x0000
0.0880412400,10,0x1C00,0x0000
0.0880442000,10,0x1C00,0x0000
0.0880471600,10,0x1C00,0x0000
0.0880501300,10,0x1C00,0x0000
0.0880530900,10,0x1C00,0x0000
0.0880560500,10,0x1C00,0x0000
0.0880590100,10,0x1C00,0x0000
0.0880619800,10,0x1C00,0x0000
0.0880649400,10,0x1C00,0x0000
0.0880679000,10,0x1C00,0x0000
0.0880708700,10,0x1C00,0x0000
0.0880738300,10,0x1C00,0x0000
0.0880767900,10,0x1C00,0x0000
0.0880797600,10,0x1C00,0x0000
0.0880827200,10,0x1C00,0x0000
0.0880856800,10,0x1C00,0x0000
0.0880886500,10,0x1C00,0x0000
0.0880916100,10,0x1C00,0x0000
0.0880945700,10,0x1C00,0x0000
0.0880975300,10,0x1C00,0x0000
0.0881005000,10,0x1C00,0x0000
0.0881034600,10,0x1C00,0x0000
0.0881064200,10,0x1C00,0x0000
0.0881093900,10,0x1C00,0x0000
0.0881123500,10,0x1C00,0x0000
0.0881153100,10,0x1C00,0x0000
0.0881182700,10,0x1C00,0x0000
0.0881212400,10,0x1C00,0x0000
0.0881242000,10,0x1C00,0x0000
0.0881271600,10,0x1C00,0x0000
0.0881301300,10,0x1C00,0x0000
0.0881330900,10,0x1C00,0x0000
0.0881360500,10,0x1C00,0x0000
0.0881390100,10,0x1C00,0x0000
0.0881419800,10,0x1C00,0x0000
0.0881449400,10,0x1C00,0x0000
0.0881479000,10,0x1C00,0x0000
0.0881508700,10,0x1C00,0x0000
0.0881538300,10,0x1C00,0x0000
0.0881567900,10,0x1C00,0x0000
0.0881597600,10,0x1C00,0x0000
0.0881627200,10,0x1C00,0x0000
0.0881656800,10,0x1C00,0x0000
0.0881686500,10,0x1C00,0x0000
0.0881716100,10,0x1C00,0x0000
0.0881745700,10,0x1C00,0x0000
0.0881775300,10,0x1C00,0x0000
0.0881805000,10,0x1C00,0x0000
0.0881834600,10,0x1C00,0x0000
0.0881864200,10,0x1C00,0x0000
0.0881893900,10,0x1C00,0x0000
0.0881923500,10,0x1C00,0x0000
0.0881953100,10,0x1C00,0x0000
0.0881982700,10,0x1C00,0x0000
0.0882012400,10,0x1C00,0x0000
0.0882042000,10,0x1C00,0x0000
0.0882071600,10,0x1C00,0x0000
0.0882101300,10,0x1C00,0x0000
0.0882130900,10,0x1C00,0x0000
0.0882160500,10,0x1C00,0x0000
0.0882190100,10,0x1C00,0x0000
0.0882219800,10,0x1C00,0x0000
0.0882249400,10,0x1C00,0x0000
0.0882279000,10,0x1C00,0x0000
0.0882308700,10,0x1C00,0x0000
0.0882338300,10,0x1C00,0x0000
0.0882367900,10,0x1C00,0x0000
0.0882397600,10,0x1C00,0x0000
0.0882427200,10,0x1C00,0x0000
0.0882456800,10,0x1C00,0x0000
0.0882486500,10,0x1C00,0x0000
0.0882516100,10,0x1C00,0x0000
0.0882545700,10,0x1C00,0x0000
0.0882575300,10,0x1C00,0x0000
0.0882605000,10,0x1C00,0x0000
0.0882634600,10,0x1C00,0x0000
0.0882664200,10,0x1C00,0x0000
0.0882693900,10,0x1C00,0x0000
0.0882723500,10,0x1C00,0x0000
0.0882753100,10,0x1C00,0x0000
0.0882782800,10,0x1C00,0x0000
0.0882812400,10,0x1C00,0x0000
0.0882842000,10,0x1C00,0x0000
0.0882871600,10,0x1C00,0x0000
0.0882901300,10,0x1C00,0x0000
0.0882930900,10,0x1C00,0x0000
0.0882960500,10,0x1C00,0x0000
0.0882990100,10,0x1C00,0x0000
0.0883019800,10,0x1C00,0x0000
0.0883049400,10,0x1C00,0x0000
0.0883079000,10,0x1C00,0x0000
0.0883108700,10,0x1C00,0x0000
0.0883138300,10,0x1C00,0x0000
0.0883167900,10,0x1C00,0x0000
0.0883197600,10,0x1C00,0x0000
0.0883227200,10,0x1C00,0x0000
0.0883256800,10,0x1C00,0x0000
0.0883286500,10,0x1C00,0x0000
0.0883316100,10,0x1C00,0x0000
0.0883345700,10,0x1C00,0x0000
0.0883375300,10,0x1C00,0x0000
0.0883405000,10,0x1C00,0x0000
0.0883434600,10,0x1C00,0x0000
0.0883464200,10,0x1C00,0x0000
0.0883493900,10,0x1C00,0x0000
0.0883523500,10,0x1C00,0x0000
0.0883553100,10,0x1C00,0x0000
0.0883582800,10,0x1C00,0x0000
0.0883612400,10,0x1C00,0x0000
0.0883642000,10,0x1C00,0x0000
0.0883671600,10,0x1C00,0x0000
0.0883701300,10,0x1C00,0x0000
0.0883730900,10,0x1C00,0x0000
0.0883760500,10,0x1C00,0x0000
0.0883790100,10,0x1C00,0x0000
0.0883819800,10,0x1C00,0x0000
0.0883849400,10,0x1C00,0x0000
0.0883879100,10,0x1C00,0x0000
0.0883908700,10,0x1C00,0x0000
0.0883938300,10,0x1C00,0x0000
0.0883967900,10,0x1C00,0x0000
0.0883997600,10,0x1C00,0x0000
0.0884027200,10,0x1C00,0x0000
0.0884056800,10,0x1C00,0x0000
0.0884086400,10,0x1C00,0x0000
0.0884116100,10,0x1C00,0x0000
0.0884145700,10,0x1C00,0x0000
0.0884175300,10,0x1C00,0x0000
0.0884205000,10,0x1C00,0x0000
0.0884234600,10,0x1C00,0x0000
0.0884264200,10,0x1C00,0x0000
0.0884293900,10,0x1C00,0x0000
0.0884323500,10,0x1C00,0x0000
0.0884353100,10,0x1C00,0x0000
0.0884382800,10,0x1C00,0x0000
0.0884412400,10,0x1C00,0x0000
0.0884442000,10,0x1C00,0x0000
0.0884471600,10,0x1C00,0x0000
0.0884501300,10,0x1C00,0x0000
0.0884530900,10,0x1C00,0x0000
0.0884560500,10,0x1C00,0x0000
0.0884590200,10,0x1C00,0x0000
0.0884619800,10,0x1C00,0x0000
0.0884649400,10,0x1C00,0x0000
0.0884679100,10,0x1C00,0x0000
0.0884708700,10,0x1C00,0x0000
0.0884738300,10,0x1C00,0x0000
0.0884767900,10,0x83E7,0x0000
0.0884797600,10,0xAFFF,0x0000
0.0884827200,10,0xAFFF,0x0000
0.0884856800,10,0xAFFF,0x0000
0.0884886500,10,0xAFFF,0x0000
0.0884916100,10,0xAFFF,0x0000
0.0884945700,10,0xAFFF,0x0000
0.0884975300,10,0xAFFF,0x0000
0.0885005000,10,0xAFFF,0x0000
0.0885034600,10,0xAFFF,0x0000
0.0885064200,10,0xAFFF,0x0000
0.0885093900,10,0xAFFF,0x0000
0.0885123500,10,0xAFFF,0x0000
0.0885153100,10,0xAFFF,0x0000
0.0885182800,10,0xAFFF,0x0000
0.0885212400,10,0xAFFF,0x0000
0.0885242000,10,0xAFFF,0x0000
0.0885271600,10,0x83E1,0x0000
0.0885301300,10,0x1C00,0x0000
0.0885330900,10,0x1C00,0x0000
0.0885360500,10,0x1C00,0x0000
0.0885390100,10,0x1C00,0x0000
0.0885419800,10,0x1C00,0x0000
0.0885449400,10,0x1C00,0x0000
0.0885479100,10,0x1C00,0x0000
0.0885508700,10,0x1C00,0x0000
0.0885538300,10,0x1C00,0x0000
0.0885567900,10,0x1C00,0x0000
0.0885597600,10,0x1C00,0x0000
0.0885627200,10,0x1C00,0x0000
0.0885656800,10,0x1C00,0x0000
0.0885686500,10,0x1C00,0x0000
0.0885716100,10,0x1C00,0x0000
0.0885745700,10,0x1C00,0x0000
0.0885775300,10,0x1C00,0x0000
0.0885805000,10,0x1C00,0x0000
0.0885834600,10,0x1C00,0x0000
0.0885864200,10,0x1C00,0x0000
0.0885893900,10,0x1C00,0x0000
0.0885923500,10,0x1C00,0x0000
0.0885953100,10,0x1C00,0x0000
0.0885982800,10,0x1C00,0x0000
0.0886012400,10,0x1C00,0x0000
0.0886042000,10,0x1C00,0x0000
0.0886071600,10,0x1C00,0x0000
0.0886101300,10,0x1C00,0x0000
0.0886130900,10,0x1C00,0x0000
0.0886160500,10,0x1C00,0x0000
0.0886190100,10,0x93E7,0x0000
0.0886219800,10,0xBBEF,0x0000
0.0886249400,10,0xBBEF,0x0000
0.0886279000,10,0xBBEF,0x0000
0.0886308700,10,0xBBEF,0x0000
0.0886338300,10,0xBBEF,0x0000
0.0886367900,10,0xBBEF,0x0000
0.0886397600,10,0xBBEF,0x0000
0.0886427200,10,0xBBEF,0x0000
0.0886456800,10,0xBBEF,0x0000
0.0886486500,10,0xBBEF,0x0000
0.0886516100,10,0xBBEF,0x0000
0.0886545700,10,0xBBEF,0x0000
0.0886575300,10,0xBBEF,0x0000
0.0886605000,10,0xBBEF,0x0000
0.0886634600,10,0xBBEF,0x0000
0.0886664200,10,0xBBEF,0x0000
0.0886693900,10,0x8FEF,0x0000
0.0886723500,10,0x1C00,0x0000
0.0886753100,10,0x1C00,0x0000
0.0886782800,10,0x1C00,0x0000
0.0886812400,10,0x1C00,0x0000
0.0886842000,10,0x1C00,0x0000
0.0886871600,10,0x1C00,0x0000
0.0886901300,10,0x1C00,0x0000
0.0886930900,10,0x1C00,0x0000
0.0886960500,10,0x1C00,0x0000
0.0886990200,10,0x1C00,0x0000
0.0887019800,10,0x1C00,0x0000
0.0887049400,10,0x1C00,0x0000
0.0887079100,10,0x1C00,0x0000
0.0887108700,10,0x1C00,0x0000
0.0887138300,10,0x1C00,0x0000
0.0887167900,10,0x1C00,0x0000
0.0887197600,10,0x1C00,0x0000
0.0887227200,10,0x1C00,0x0000
0.0887256800,10,0x1C00,0x0000
0.0887286500,10,0x1C00,0x0000
0.0887316100,10,0x1C00,0x0000
0.0887345700,10,0x1C00,0x0000
0.0887375300,10,0x1C00,0x0000
0.0887405000,10,0x1C00,0x0000
0.0887434600,10,0x1C00,0x0000
0.0887464200,10,0x1C00,0x0000
0.0887493900,10,0x1C00,0x0000
0.0887523500,10,0x1C00,0x0000
0.0887553100,10,0x1C00,0x0000
0.0887582800,10,0x1C00,0x0000
0.0887612400,10,0x93E7,0x0000
0.0887642000,10,0xBBEF,0x0000
0.0887671600,10,0xBBEF,0x0000
0.0887701300,10,0xBBEF,0x0000
0.0887730900,10,0xBBEF,0x0000
0.0887760500,10,0xBBEF,0x0000
0.0887790200,10,0xBBEF,0x0000
0.0887819800,10,0xBBEF,0x0000
0.0887849400,10,0xBBEF,0x0000
0.0887879100,10,0xBBEF,0x0000
0.0887908700,10,0xBBEF,0x0000
0.0887938300,10,0xBBEF,0x0000
0.0887967900,10,0xBBEF,0x0000
0.0887997600,10,0xBBEF,0x0000
0.0888027200,10,0xBBEF,0x0000
0.0888056800,10,0xBBEF,0x0000
0.0888086500,10,0xBBEF,0x0000
0.0888116100,10,0x8FEF,0x0000
0.0888145700,10,0x1C00,0x0000
0.0888175400,10,0x1C00,0x0000
0.0888205000,10,0x1C00,0x0000
0.0888234600,10,0x1C00,0x0000
0.0888264200,10,0x1C00,0x0000
0.0888293900,10,0x1C00,0x0000
0.0888323500,10,0x1C00,0x0000
0.0888353100,10,0x1C00,0x0000
0.0888382800,10,0x1C00,0x0000
0.0888412400,10,0x1C00,0x0000
0.0888442000,10,0x1C00,0x0000
0.0888471600,10,0x1C00,0x0000
0.0888501300,10,0x1C00,0x0000
0.0888530900,10,0x1C00,0x0000
0.0888560500,10,0x1C00,0x0000
0.0888590100,10,0x1C00,0x0000
0.0888619800,10,0x1C00,0x0000
0.0888649400,10,0x1C00,0x0000
0.0888679100,10,0x1C00,0x0000
0.0888708700,10,0x1C00,0x0000
0.0888738300,10,0x1C00,0x0000
0.0888767900,10,0x1C00,0x0000
0.0888797600,10,0x1C00,0x0000
0.0888827200,10,0x1C00,0x0000
0.0888856800,10,0x1C00,0x0000
0.0888886500,10,0x1C00,0x0000
0.0888916100,10,0x1C00,0x0000
0.0888945700,10,0x1C00,0x0000
0.0888975400,10,0x1C00,0x0000
0.0889005000,10,0x1C00,0x0000
0.0889034600,10,0x93E7,0x0000
0.0889064200,10,0xBBEF,0x0000
0.0889093900,10,0xBBEF,0x0000
0.0889123500,10,0xBBEF,0x0000
0.0889153100,10,0xBBEF,0x0000
0.0889182800,10,0xBBEF,0x0000
0.0889212400,10,0xBBEF,0x0000
0.0889242000,10,0xBBEF,0x0000
0.0889271600,10,0xBBEF,0x0000
0.0889301300,10,0xBBEF,0x0000
0.0889330900,10,0xBBEF,0x0000
0.0889360500,10,0xBBEF,0x0000
0.0889390200,10,0xBBEF,0x0000
0.0889419800,10,0xBBEF,0x0000
0.0889449400,10,0xBBEF,0x0000
0.0889479100,10,0xBBEF,0x0000
0.0889508700,10,0xBBEF,0x0000
0.0889538300,10,0x8FEF,0x0000
0.0889568000,10,0x1C00,0x0000
0.0889597600,10,0x1C00,0x0000
0.0889627200,10,0x1C00,0x0000
0.0889656800,10,0x1C00,0x0000
0.0889686500,10,0x1C00,0x0000
0.0889716100,10,0x1C00,0x0000
0.0889745700,10,0x1C00,0x0000
0.0889775300,10,0x1C00,0x0000
0.0889805000,10,0x1C00,0x0000
0.0889834600,10,0x1C00,0x0000
0.0889864200,10,0x1C00,0x0000
0.0889893900,10,0x1C00,0x0000
0.0889923500,10,0x1C00,0x0000
0.0889953100,10,0x1C00,0x0000
0.0889982800,10,0x1C00,0x0000
0.0890012400,10,0x1C00,0x0000
0.0890042000,10,0x1C00,0x0000
0.0890071600,10,0x1C00,0x0000
0.0890101300,10,0x1C00,0x0000
0.0890130900,10,0x1C00,0x0000
0.0890160500,10,0x1C00,0x0000
0.0890190200,10,0x1C00,0x0000
0.0890219800,10,0x1C00,0x0000
0.0890249400,10,0x1C00,0x0000
0.0890279100,10,0x1C00,0x0000
0.0890308700,10,0x1C00,0x0000
0.0890338300,10,0x1C00,0x0000
0.0890367900,10,0x1C00,0x0000
0.0890397600,10,0x1C00,0x0000
0.0890427200,10,0x1C00,0x0000
0.0890456800,10,0x93E7,0x0000
0.0890486500,10,0xBBEF,0x0000
0.0890516100,10,0xBBEF,0x0000
0.0890545700,10,0xBBEF,0x0000
0.0890575300,10,0xBBEF,0x0000
0.0890605000,10,0xBBEF,0x0000
0.0890634600,10,0xBBEF,0x0000
0.0890664200,10,0xBBEF,0x0000
0.0890693900,10,0xBBEF,0x0000
0.0890723500,10,0xBBEF,0x0000
0.0890753100,10,0xBBEF,0x0000
0.0890782800,10,0xBBEF,0x0000
0.0890812400,10,0xBBEF,0x0000
0.0890842000,10,0xBBEF,0x0000
0.0890871600,10,0xBBEF,0x0000
0.0890901300,10,0xBBEF,0x0000
0.0890930900,10,0xBBEF,0x0000
0.0890960500,10,0x8FEF,0x0000
0.0890990200,10,0x1C00,0x0000
0.0891019800,10,0x1C00,0x0000
0.0891049400,10,0x1C00,0x0000
0.0891079100,10,0x1C00,0x0000
0.0891108700,10,0x1C00,0x0000
0.0891138300,10,0x1C00,0x0000
0.0891167900,10,0x1C00,0x0000
0.0891197600,10,0x1C00,0x0000
0.0891227200,10,0x1C00,0x0000
0.0891256800,10,0x1C00,0x0000
0.0891286500,10,0x1C00,0x0000
0.0891316100,10,0x1C00,0x0000
0.0891345700,10,0x1C00,0x0000
0.0891375400,10,0x1C00,0x0000
0.0891405000,10,0x1C00,0x0000
0.0891434600,10,0x1C00,0x0000
0.0891464200,10,0x1C00,0x0000
0.0891493900,10,0x1C00,0x0000
0.0891523500,10,0x1C00,0x0000
0.0891553100,10,0x1C00,0x0000
0.0891582800,10,0x1C00,0x0000
0.0891612400,10,0x1C00,0x0000
0.0891642000,10,0x1C00,0x0000
0.0891671600,10,0x1C00,0x0000
0.0891701300,10,0x1C00,0x0000
0.0891730900,10,0x1C00,0x0000
0.0891760500,10,0x1C00,0x0000
0.0891790200,10,0x1C00,0x0000
0.0891819800,10,0x1C00,0x0000
0.0891849400,10,0x1C00,0x0000
0.0891879100,10,0x93E7,0x0000
0.0891908700,10,0xBBEF,0x0000
0.0891938300,10,0xBBEF,0x0000
0.0891967900,10,0xBBEF,0x0000
0.0891997600,10,0xBBEF,0x0000
0.0892027200,10,0xBBEF,0x0000
0.0892056800,10,0xBBEF,0x0000
0.0892086500,10,0xBBEF,0x0000
0.0892116100,10,0xBBEF,0x0000
0.0892145700,10,0xBBEF,0x0000
0.0892175400,10,0xBBEF,0x0000
0.0892205000,10,0xBBEF,0x0000
0.0892234600,10,0xBBEF,0x0000
0.0892264200,10,0xBBEF,0x0000
0.0892293900,10,0xBBEF,0x0000
0.0892323500,10,0xBBEF,0x0000
0.0892353100,10,0xBBEF,0x0000
0.0892382800,10,0x8FEF,0x0000
0.0892412400,10,0x1C00,0x0000
0.0892442000,10,0x1C00,0x0000
0.0892471600,10,0x1C00,0x0000
0.0892501300,10,0x1C00,0x0000
0.0892530900,10,0x1C00,0x0000
0.0892560500,10,0x1C00,0x0000
0.0892590200,10,0x1C00,0x0000
0.0892619800,10,0x1C00,0x0000
0.0892649400,10,0x1C00,0x0000
0.0892679100,10,0x1C00,0x0000
0.0892708700,10,0x1C00,0x0000
0.0892738300,10,0x1C00,0x0000
0.0892768000,10,0x1C00,0x0000
0.0892797600,10,0x1C00,0x0000
0.0892827200,10,0x1C00,0x0000
0.0892856800,10,0x1C00,0x0000
0.0892886500,10,0x1C00,0x0000
0.0892916100,10,0x1C00,0x0000
0.0892945700,10,0x1C00,0x0000
0.0892975400,10,0x1C00,0x0000
0.0893005000,10,0x1C00,0x0000
0.0893034600,10,0x1C00,0x0000
0.0893064200,10,0x1C00,0x0000
0.0893093900,10,0x1C00,0x0000
0.0893123500,10,0x1C00,0x0000
0.0893153100,10,0x1C00,0x0000
0.0893182800,10,0x1C00,0x0000
0.0893212400,10,0x1C00,0x0000
0.0893242000,10,0x1C00,0x0000
0.0893271600,10,0x1C00,0x0000
0.0893301300,10,0x93E7,0x0000
0.0893330900,10,0xBBEF,0x0000
0.0893360500,10,0xBBEF,0x0000
0.0893390200,10,0xBBEF,0x0000
0.0893419800,10,0xBBEF,0x0000
0.0893449400,10,0xBBEF,0x0000
0.0893479100,10,0xBBEF,0x0000
0.0893508700,10,0xBBEF,0x0000
0.0893538300,10,0xBBEF,0x0000
0.0893568000,10,0xBBEF,0x0000
0.0893597600,10,0xBBEF,0x0000
0.0893627200,10,0xBBEF,0x0000
0.0893656800,10,0xBBEF,0x0000
0.0893686500,10,0xBBEF,0x0000
0.0893716100,10,0xBBEF,0x0000
0.0893745700,10,0xBBEF,0x0000
0.0893775400,10,0xBBEF,0x0000
0.0893805000,10,0x8FEF,0x0000
0.0893834600,10,0x1C00,0x0000
0.0893864200,10,0x1C00,0x0000
0.0893893900,10,0x1C00,0x0000
0.0893923500,10,0x1C00,0x0000
0.0893953100,10,0x1C00,0x0000
0.0893982800,10,0x1C00,0x0000
0.0894012400,10,0x1C00,0x0000
0.0894042000,10,0x1C00,0x0000
0.0894071600,10,0x1C00,0x0000
0.0894101300,10,0x1C00,0x0000
0.0894130900,10,0x1C00,0x0000
0.0894160500,10,0x1C00,0x0000
0.0894190200,10,0x1C00,0x0000
0.0894219800,10,0x1C00,0x0000
0.0894249400,10,0x1C00,0x0000
0.0894279100,10,0x1C00,0x0000
0.0894308700,10,0x1C00,0x0000
0.0894338300,10,0x1C00,0x0000
0.0894368000,10,0x1C00,0x0000
0.0894397600,10,0x1C00,0x0000
0.0894427200,10,0x1C00,0x0000
0.0894456800,10,0x1C00,0x0000
0.0894486500,10,0x1C00,0x0000
0.0894516100,10,0x1C00,0x0000
0.0894545700,10,0x1C00,0x0000
0.0894575400,10,0x1C00,0x0000
0.0894605000,10,0x1C00,0x0000
0.0894634600,10,0x1C00,0x0000
0.0894664300,10,0x1C00,0x0000
0.0894693900,10,0x1C00,0x0000
0.0894723500,10,0x93E7,0x0000
0.0894753100,10,0xBBEF,0x0000
0.0894782800,10,0xBBEF,0x0000
0.0894812400,10,0xBBEF,0x0000
0.0894842000,10,0xBBEF,0x0000
0.0894871600,10,0xBBEF,0x0000
0.0894901300,10,0xBBEF,0x0000
0.0894930900,10,0xBBEF,0x0000
0.0894960500,10,0xBBEF,0x0000
0.0894990200,10,0xBBEF,0x0000
0.0895019800,10,0xBBEF,0x0000
0.0895049400,10,0xBBEF,0x0000
0.0895079100,10,0xBBEF,0x0000
0.0895108700,10,0xBBEF,0x0000
0.0895138300,10,0xBBEF,0x0000
0.0895167900,10,0xBBEF,0x0000
0.0895197600,10,0xBBEF,0x0000
0.0895227200,10,0x8FEF,0x0000
0.0895256800,10,0x1C00,0x0000
0.0895286500,10,0x1C00,0x0000
0.0895316100,10,0x1C00,0x0000
0.0895345700,10,0x1C00,0x0000
0.0895375400,10,0x1C00,0x0000
0.0895405000,10,0x1C00,0x0000
0.0895434600,10,0x1C00,0x0000
0.0895464200,10,0x1C00,0x0000
0.0895493900,10,0x1C00,0x0000
0.0895523500,10,0x1C00,0x0000
0.0895553100,10,0x1C00,0x0000
0.0895582800,10,0x1C00,0x0000
0.0895612400,10,0x1C00,0x0000
0.0895642000,10,0x1C00,0x0000
0.0895671700,10,0x1C00,0x0000
0.0895701300,10,0x1C00,0x0000
0.0895730900,10,0x1C00,0x0000
0.0895760500,10,0x1C00,0x0000
0.0895790200,10,0x1C00,0x0000
0.0895819800,10,0x1C00,0x0000
0.0895849400,10,0x1C00,0x0000
0.0895879100,10,0x1C00,0x0000
0.0895908700,10,0x1C00,0x0000
0.0895938300,10,0x1C00,0x0000
0.0895968000,10,0x1C00,0x0000
0.0895997600,10,0x1C00,0x0000
0.0896027200,10,0x1C00,0x0000
0.0896056800,10,0x1C00,0x0000
0.0896086500,10,0x1C00,0x0000
0.0896116100,10,0x1C00,0x0000
0.0896145700,10,0x93E7,0x0000
0.0896175400,10,0xBBEF,0x0000
0.0896205000,10,0xBBEF,0x0000
0.0896234600,10,0xBBEF,0x0000
0.0896264200,10,0xBBEF,0x0000
0.0896293900,10,0xBBEF,0x0000
0.0896323500,10,0xBBEF,0x0000
0.0896353100,10,0xBBEF,0x0000
0.0896382800,10,0xBBEF,0x0000
0.0896412400,10,0xBBEF,0x0000
0.0896442000,10,0xBBEF,0x0000
0.0896471600,10,0xBBEF,0x0000
0.0896501300,10,0xBBEF,0x0000
0.0896530900,10,0xBBEF,0x0000
0.0896560500,10,0xBBEF,0x0000
0.0896590200,10,0xBBEF,0x0000
0.0896619800,10,0xBBEF,0x0000
0.0896649400,10,0x8FEF,0x0000
0.0896679100,10,0x1C00,0x0000
0.0896708700,10,0x1C00,0x0000
0.0896738300,10,0x1C00,0x0000
0.0896768000,10,0x1C00,0x0000
0.0896797600,10,0x1C00,0x0000
0.0896827200,10,0x1C00,0x0000
0.0896856800,10,0x1C00,0x0000
0.0896886500,10,0x1C00,0x0000
0.0896916100,10,0x1C00,0x0000
0.0896945700,10,0x1C00,0x0000
0.0896975400,10,0x1C00,0x0000
0.0897005000,10,0x1C00,0x0000
0.0897034600,10,0x1C00,0x0000
0.0897064300,10,0x1C00,0x0000
0.0897093900,10,0x1C00,0x0000
0.0897123500,10,0x1C00,0x0000
0.0897153100,10,0x1C00,0x0000
0.0897182800,10,0x1C00,0x0000
0.0897212400,10,0x1C00,0x0000
0.0897242000,10,0x1C00,0x0000
0.0897271600,10,0x1C00,0x0000
0.0897301300,10,0x1C00,0x0000
0.0897330900,10,0x1C00,0x0000
0.0897360500,10,0x1C00,0x0000
0.0897390200,10,0x1C00,0x0000
0.0897419800,10,0x1C00,0x0000
0.0897449400,10,0x1C00,0x0000
0.0897479100,10,0x1C00,0x0000
0.0897508700,10,0x1C00,0x0000
0.0897538300,10,0x1C00,0x0000
0.0897568000,10,0x83E1,0x0000
0.0897597600,10,0xAFF6,0x0000
0.0897627200,10,0xAFF6,0x0000
0.0897656800,10,0xAFF6,0x0000
0.0897686500,10,0xAFF6,0x0000
0.0897716100,10,0xAFF6,0x0000
0.0897745700,10,0xAFF6,0x0000
0.0897775400,10,0xAFF6,0x0000
0.0897805000,10,0xAFF6,0x0000
0.0897834600,10,0xAFF6,0x0000
0.0897864300,10,0xAFF6,0x0000
0.0897893900,10,0xAFF6,0x0000
0.0897923500,10,0xAFF6,0x0000
0.0897953100,10,0xAFF6,0x0000
0.0897982800,10,0xAFF6,0x0000
0.0898012400,10,0xAFF6,0x0000
0.0898042000,10,0xAFF6,0x0000
0.0898071600,10,0x83E1,0x0000
0.0898101300,10,0x1C00,0x0000
0.0898130900,10,0x1C00,0x0000
0.0898160600,10,0x1C00,0x0000
0.0898190200,10,0x1C00,0x0000
0.0898219800,10,0x1C00,0x0000
0.0898249400,10,0x1C00,0x0000
0.0898279100,10,0x1C00,0x0000
0.0898308700,10,0x1C00,0x0000
0.0898338300,10,0x1C00,0x0000
0.0898368000,10,0x1C00,0x0000
0.0898397600,10,0x1C00,0x0000
0.0898427200,10,0x1C00,0x0000
0.0898456800,10,0x1C00,0x0000
0.0898486500,10,0x1C00,0x0000
0.0898516100,10,0x1C00,0x0000
0.0898545700,10,0x1C00,0x0000
0.0898575400,10,0x1C00,0x0000
0.0898605000,10,0x1C00,0x0000
0.0898634600,10,0x1C00,0x0000
0.0898664300,10,0x1C00,0x0000
0.0898693900,10,0x1C00,0x0000
0.0898723500,10,0x1C00,0x0000
0.0898753100,10,0x1C00,0x0000
0.0898782800,10,0x1C00,0x0000
0.0898812400,10,0x1C00,0x0000
0.0898842000,10,0x1C00,0x0000
0.0898871600,10,0x1C00,0x0000
0.0898901300,10,0x1C00,0x0000
0.0898930900,10,0x1C00,0x0000
0.0898960600,10,0x1C00,0x0000
0.0898990200,10,0x1C00,0x0000
0.0899019800,10,0x1C00,0x0000
0.0899049400,10,0x1C00,0x0000
0.0899079100,10,0x1C00,0x0000
0.0899108700,10,0x1C00,0x0000
0.0899138300,10,0x1C00,0x0000
0.0899168000,10,0x1C00,0x0000
0.0899197600,10,0x1C00,0x0000
0.0899227200,10,0x1C00,0x0000
0.0899256800,10,0x1C00,0x0000
0.0899286500,10,0x1C00,0x0000
0.0899316100,10,0x1C00,0x0000
0.0899345700,10,0x1C00,0x0000
0.0899375400,10,0x1C00,0x0000
0.0899405000,10,0x1C00,0x0000
0.0899434600,10,0x1C00,0x0000
0.0899464300,10,0x1C00,0x0000
0.0899493900,10,0x1C00,0x0000
0.0899523500,10,0x1C00,0x0000
0.0899553100,10,0x1C00,0x0000
0.0899582800,10,0x1C00,0x0000
0.0899612400,10,0x1C00,0x0000
0.0899642000,10,0x1C00,0x0000
0.0899671700,10,0x1C00,0x0000
0.0899701300,10,0x1C00,0x0000
0.0899730900,10,0x1C00,0x0000
0.0899760600,10,0x1C00,0x0000
0.0899790200,10,0x1C00,0x0000
0.0899819800,10,0x1C00,0x0000
0.0899849400,10,0x1C00,0x0000
0.0899879100,10,0x1C00,0x0000
0.0899908700,10,0x1C00,0x0000
0.0899938300,10,0x1C00,0x0000
0.0899968000,10,0x1C00,0x0000
0.0899997600,10,0x1C00,0x0000
0.0900027200,10,0x1C00,0x0000
0.0900056800,10,0x1C00,0x0000
0.0900086500,10,0x1C00,0x0000
0.0900116100,10,0x1C00,0x0000
0.0900145700,10,0x1C00,0x0000
0.0900175400,10,0x1C00,0x0000
0.0900205000,10,0x1C00,0x0000
0.0900234600,10,0x1C00,0x0000
0.0900264300,10,0x1C00,0x0000
0.0900293900,10,0x1C00,0x0000
0.0900323500,10,0x1C00,0x0000
0.0900353100,10,0x1C00,0x0000
0.0900382800,10,0x1C00,0x0000
0.0900412400,10,0x1C00,0x0000
0.0900442000,10,0x1C00,0x0000
0.0900471700,10,0x1C00,0x0000
0.0900501300,10,0x1C00,0x0000
0.0900530900,10,0x1C00,0x0000
0.0900560600,10,0x1C00,0x0000
0.0900590200,10,0x1C00,0x0000
0.0900619800,10,0x1C00,0x0000
0.0900649400,10,0x1C00,0x0000
0.0900679100,10,0x1C00,0x0000
0.0900708700,10,0x1C00,0x0000
0.0900738300,10,0x1C00,0x0000
0.0900768000,10,0x1C00,0x0000
0.0900797600,10,0x1C00,0x0000
0.0900827200,10,0x1C00,0x0000
0.0900856900,10,0x1C00,0x0000
0.0900886500,10,0x1C00,0x0000
0.0900916100,10,0x1C00,0x0000
0.0900945700,10,0x1C00,0x0000
0.0900975400,10,0x1C00,0x0000
0.0901005000,10,0x1C00,0x0000
0.0901034600,10,0x1C00,0x0000
0.0901064300,10,0x1C00,0x0000
0.0901093900,10,0x1C00,0x0000
0.0901123500,10,0x1C00,0x0000
0.0901153100,10,0x1C00,0x0000
0.0901182800,10,0x1C00,0x0000
0.0901212400,10,0x1C00,0x0000
0.0901242000,10,0x1C00,0x0000
0.0901271700,10,0x1C00,0x0000
0.0901301300,10,0x1C00,0x0000
0.0901330900,10,0x1C00,0x0000
0.0901360600,10,0x1C00,0x0000
0.0901390200,10,0x1C00,0x0000
0.0901419800,10,0x1C00,0x0000
0.0901449400,10,0x1C00,0x0000
0.0901479100,10,0x1C00,0x0000
0.0901508700,10,0x1C00,0x0000
0.0901538300,10,0x1C00,0x0000
0.0901568000,10,0x1C00,0x0000
0.0901597600,10,0x1C00,0x0000
0.0901627200,10,0x1C00,0x0000
0.0901656900,10,0x1C00,0x0000
0.0901686500,10,0x1C00,0x0000
0.0901716100,10,0x1C00,0x0000
0.0901745700,10,0x1C00,0x0000
0.0901775400,10,0x1C00,0x0000
0.0901805000,10,0x1C00,0x0000
0.0901834600,10,0x1C00,0x0000
0.0901864300,10,0x1C00,0x0000
0.0901893900,10,0x1C00,0x0000
0.0901923500,10,0x1C00,0x0000
0.0901953100,10,0x1C00,0x0000
0.0901982800,10,0x1C00,0x0000
0.0902012400,10,0x1C00,0x0000
0.0902042000,10,0x1C00,0x0000
0.0902071700,10,0x1C00,0x0000
0.0902101300,10,0x1C00,0x0000
0.0902130900,10,0x1C00,0x0000
0.0902160600,10,0x1C00,0x0000
0.0902190200,10,0x1C00,0x0000
0.0902219800,10,0x1C00,0x0000
0.0902249400,10,0x1C00,0x0000
0.0902279100,10,0x1C00,0x0000
0.0902308700,10,0x1C00,0x0000
0.0902338300,10,0x1C00,0x0000
0.0902368000,10,0x1C00,0x0000
0.0902397600,10,0x1C00,0x0000
0.0902427200,10,0x1C00,0x0000
0.0902456900,10,0x1C00,0x0000
0.0902486500,10,0x1C00,0x0000
0.0902516100,10,0x1C00,0x0000
0.0902545700,10,0x1C00,0x0000
0.0902575400,10,0x1C00,0x0000
0.0902605000,10,0x1C00,0x0000
0.0902634600,10,0x1C00,0x0000
0.0902664300,10,0x1C00,0x0000
0.0902693900,10,0x1C00,0x0000
0.0902723500,10,0x1C00,0x0000
0.0902753100,10,0x1C00,0x0000
0.0902782800,10,0x1C00,0x0000
0.0902812400,10,0x1C00,0x0000
0.0902842000,10,0x1C00,0x0000
0.0902871700,10,0x1C00,0x0000
0.0902901300,10,0x1C00,0x0000
0.0902930900,10,0x1C00,0x0000
0.0902960600,10,0x1C00,0x0000
0.0902990200,10,0x1C00,0x0000
0.0903019800,10,0x1C00,0x0000
0.0903049400,10,0x1C00,0x0000
0.0903079100,10,0x1C00,0x0000
0.0903108700,10,0x1C00,0x0000
0.0903138300,10,0x1C00,0x0000
0.0903168000,10,0x1C00,0x0000
0.0903197600,10,0x1C00,0x0000
0.0903227200,10,0x1C00,0x0000
0.0903256900,10,0x1C00,0x0000
0.0903286500,10,0x1C00,0x0000
0.0903316100,10,0x1C00,0x0000
0.0903345700,10,0x1C00,0x0000
0.0903375400,10,0x1C00,0x0000
0.0903405000,10,0x1C00,0x0000
0.0903434600,10,0x1C00,0x0000
0.0903464300,10,0x1C00,0x0000
0.0903493900,10,0x1C00,0x0000
0.0903523500,10,0x1C00,0x0000
0.0903553100,10,0x1C00,0x0000
0.0903582800,10,0x1C00,0x0000
0.0903612400,10,0x1C00,0x0000
0.0903642000,10,0x1C00,0x0000
0.0903671700,10,0x1C00,0x0000
0.0903701300,10,0x1C00,0x0000
0.0903730900,10,0x1C00,0x0000
0.0903760600,10,0x1C00,0x0000
0.0903790200,10,0x1C00,0x0000
0.0903819800,10,0x1C00,0x0000
0.0903849400,10,0x1C00,0x0000
0.0903879100,10,0x1C00,0x0000
0.0903908700,10,0x1C00,0x0000
0.0903938300,10,0x1C00,0x0000
0.0903968000,10,0x1C00,0x0000
0.0903997600,10,0x1C00,0x0000
0.0904027200,10,0x1C00,0x0000
0.0904056900,10,0x1C00,0x0000
0.0904086500,10,0x1C00,0x0000
0.0904116100,10,0x1C00,0x0000
0.0904145700,10,0x1C00,0x0000
0.0904175400,10,0x1C00,0x0000
0.0904205000,10,0x1C00,0x0000
0.0904234600,10,0x1C00,0x0000
0.0904264300,10,0x1C00,0x0000
0.0904293900,10,0x1C00,0x0000
0.0904323500,10,0x1C00,0x0000
0.0904353100,10,0x1C00,0x0000
0.0904382800,10,0x1C00,0x0000
0.0904412400,10,0x1C00,0x0000
0.0904442000,10,0x1C00,0x0000
0.0904471700,10,0x1C00,0x0000
0.0904501300,10,0x1C00,0x0000
0.0904530900,10,0x1C00,0x0000
0.0904560600,10,0x1C00,0x0000
0.0904590200,10,0x1C00,0x0000
0.0904619800,10,0x1C00,0x0000
0.0904649400,10,0x1C00,0x0000
0.0904679100,10,0x1C00,0x0000
0.0904708700,10,0x1C00,0x0000
0.0904738300,10,0x1C00,0x0000
0.0904768000,10,0x1C00,0x0000
0.0904797600,10,0x1C00,0x0000
0.0904827200,10,0x1C00,0x0000
0.0904856900,10,0x1C00,0x0000
0.0904886500,10,0x1C00,0x0000
0.0904916100,10,0x1C00,0x0000
0.0904945700,10,0x1C00,0x0000
0.0904975400,10,0x1C00,0x0000
0.0905005000,10,0x1C00,0x0000
0.0905034600,10,0x1C00,0x0000
0.0905064300,10,0x1C00,0x0000
0.0905093900,10,0x1C00,0x0000
0.0905123500,10,0x1C00,0x0000
0.0905153100,10,0x1C00,0x0000
0.0905182800,10,0x1C00,0x0000
0.0905212400,10,0x1C00,0x0000
0.0905242000,10,0x1C00,0x0000
0.0905271700,10,0x1C00,0x0000
0.0905301300,10,0x1C00,0x0000
0.0905330900,10,0x1C00,0x0000
0.0905360600,10,0x1C00,0x0000
0.0905390200,10,0x1C00,0x0000
0.0905419800,10,0x1C00,0x0000
0.0905449400,10,0x1C00,0x0000
0.0905479100,10,0x1C00,0x0000
0.0905508700,10,0x1C00,0x0000
0.0905538300,10,0x1C00,0x0000
0.0905568000,10,0x1C00,0x0000
0.0905597600,10,0x1C00,0x0000
0.0905627200,10,0x1C00,0x0000
0.0905656800,10,0x1C00,0x0000
0.0905686500,10,0x1C00,0x0000
0.0905716100,10,0x1C00,0x0000
0.0905745700,10,0x1C00,0x0000
0.0905775400,10,0x1C00,0x0000
0.0905805000,10,0x1C00,0x0000
0.0905834600,10,0x1C00,0x0000
0.0905864300,10,0x1C00,0x0000
0.0905893900,10,0x1C00,0x0000
0.0905923500,10,0x1C00,0x0000
0.0905953100,10,0x1C00,0x0000
0.0905982800,10,0x1C00,0x0000
0.0906012400,10,0x1C00,0x0000
0.0906042000,10,0x1C00,0x0000
0.0906071700,10,0x1C00,0x0000
0.0906101300,10,0x1C00,0x0000
0.0906130900,10,0x1C00,0x0000
0.0906160600,10,0x1C00,0x0000
0.0906190200,10,0x1C00,0x0000
0.0906219800,10,0x1C00,0x0000
0.0906249500,10,0x1C00,0x0000
0.0906279100,10,0x1C00,0x0000
0.0906308700,10,0x1C00,0x0000
0.0906338300,10,0x1C00,0x0000
0.0906368000,10,0x1C00,0x0000
0.0906397600,10,0x1C00,0x0000
0.0906427200,10,0x1C00,0x0000
0.0906456900,10,0x1C00,0x0000
0.0906486500,10,0x1C00,0x0000
0.0906516100,10,0x1C00,0x0000
0.0906545700,10,0x1C00,0x0000
0.0906575400,10,0x1C00,0x0000
0.0906605000,10,0x1C00,0x0000
0.0906634600,10,0x1C00,0x0000
0.0906664300,10,0x1C00,0x0000
0.0906693900,10,0x1C00,0x0000
0.0906723500,10,0x1C00,0x0000
0.0906753100,10,0x1C00,0x0000
0.0906782800,10,0x1C00,0x0000
0.0906812400,10,0x1C00,0x0000
0.0906842000,10,0x1C00,0x0000
0.0906871700,10,0x1C00,0x0000
0.0906901300,10,0x1C00,0x0000
0.0906930900,10,0x1C00,0x0000
0.0906960600,10,0x1C00,0x0000
0.0906990200,10,0x1C00,0x0000
0.0907019800,10,0x1C00,0x0000
0.0907049500,10,0x1C00,0x0000
0.0907079100,10,0x1C00,0x0000
0.0907108700,10,0x1C00,0x0000
0.0907138300,10,0x1C00,0x0000
0.0907168000,10,0x1C00,0x0000
0.0907197600,10,0x1C00,0x0000
0.0907227200,10,0x1C00,0x0000
0.0907256900,10,0x1C00,0x0000
0.0907286500,10,0x1C00,0x0000
0.0907316100,10,0x1C00,0x0000
0.0907345800,10,0x1C00,0x0000
0.0907375400,10,0x1C00,0x0000
0.0907405000,10,0x1C00,0x0000
0.0907434600,10,0x1C00,0x0000
0.0907464300,10,0x1C00,0x0000
0.0907493900,10,0x1C00,0x0000
0.0907523500,10,0x1C00,0x0000
0.0907553100,10,0x1C00,0x0000
0.0907582800,10,0x1C00,0x0000
0.0907612400,10,0x1C00,0x0000
0.0907642000,10,0x1C00,0x0000
0.0907671700,10,0x1C00,0x0000
0.0907701300,10,0x1C00,0x0000
0.0907730900,10,0x1C00,0x0000
0.0907760600,10,0x1C00,0x0000
0.0907790200,10,0x1C00,0x0000
0.0907819800,10,0x1C00,0x0000
0.0907849500,10,0x1C00,0x0000
0.0907879100,10,0x1C00,0x0000
0.0907908700,10,0x1C00,0x0000
0.0907938300,10,0x1C00,0x0000
0.0907968000,10,0x1C00,0x0000
0.0907997600,10,0x1C00,0x0000
0.0908027200,10,0x1C00,0x0000
0.0908056900,10,0x1C00,0x0000
0.0908086500,10,0x1C00,0x0000
0.0908116100,10,0x1C00,0x0000
0.0908145700,10,0x1C00,0x0000
0.0908175400,10,0x1C00,0x0000
0.0908205000,10,0x1C00,0x0000
0.0908234600,10,0x1C00,0x0000
0.0908264300,10,0x1C00,0x0000
0.0908293900,10,0x1C00,0x0000
0.0908323500,10,0x1C00,0x0000
0.0908353100,10,0x1C00,0x0000
0.0908382800,10,0x1C00,0x0000
0.0908412400,10,0x1C00,0x0000
0.0908442000,10,0x1C00,0x0000
0.0908471700,10,0x1C00,0x0000
0.0908501300,10,0x1C00,0x0000
0.0908530900,10,0x1C00,0x0000
0.0908560600,10,0x1C00,0x0000
0.0908590200,10,0x1C00,0x0000
0.0908619800,10,0x1C00,0x0000
0.0908649500,10,0x1C00,0x0000
0.0908679100,10,0x1C00,0x0000
0.0908708700,10,0x1C00,0x0000
0.0908738300,10,0x1C00,0x0000
0.0908768000,10,0x1C00,0x0000
0.0908797600,10,0x1C00,0x0000
0.0908827200,10,0x1C00,0x0000
0.0908856900,10,0x1C00,0x0000
0.0908886500,10,0x1C00,0x0000
0.0908916100,10,0x1C00,0x0000
0.0908945800,10,0x1C00,0x0000
0.0908975400,10,0x1C00,0x0000
0.0909005000,10,0x1C00,0x0000
0.0909034600,10,0x1C00,0x0000
0.0909064300,10,0x1C00,0x0000
0.0909093900,10,0x1C00,0x0000
0.0909123500,10,0x1C00,0x0000
0.0909153100,10,0x1C00,0x0000
0.0909182800,10,0x1C00,0x0000
0.0909212400,10,0x1C00,0x0000
0.0909242000,10,0x1C00,0x0000
0.0909271700,10,0x1C00,0x0000
0.0909301300,10,0x1C00,0x0000
0.0909330900,10,0x1C00,0x0000
0.0909360600,10,0x1C00,0x0000
0.0909390200,10,0x1C00,0x0000
0.0909419800,10,0x1C00,0x0000
0.0909449500,10,0x1C00,0x0000
0.0909479100,10,0x1C00,0x0000
0.0909508700,10,0x1C00,0x0000
0.0909538300,10,0x1C00,0x0000
0.0909568000,10,0x1C00,0x0000
0.0909597600,10,0x1C00,0x0000
0.0909627200,10,0x1C00,0x0000
0.0909656900,10,0x1C00,0x0000
0.0909686500,10,0x1C00,0x0000
0.0909716100,10,0x1C00,0x0000
0.0909745800,10,0x1C00,0x0000
0.0909775400,10,0x1C00,0x0000
0.0909805000,10,0x1C00,0x0000
0.0909834600,10,0x1C00,0x0000
0.0909864300,10,0x1C00,0x0000
0.0909893900,10,0x1C00,0x0000
0.0909923500,10,0x0000,0x0000
0.0909953100,10,0x0000,0x0000
0.0909982800,10,0x0000,0x0000
0.0956188500,11,0x55AA,0x0000
0.0956218000,11,0x2DEC,0x0000
0.0956247700,11,0x01FF,0x0000
0.0956277300,11,0x1C00,0x0000
0.0956306900,11,0x1C00,0x0000
0.0956336600,11,0x1C00,0x0000
0.0956366200,11,0x1C00,0x0000
0.0956395800,11,0x1C00,0x0000
0.0956425400,11,0x1C00,0x0000
0.0956455100,11,0x1C00,0x0000
0.0956484700,11,0x1C00,0x0000
0.0956514300,11,0x1C00,0x0000
0.0956544000,11,0x1C00,0x0000
0.0956573600,11,0x1C00,0x0000
0.0956603200,11,0x1C00,0x0000
0.0956632900,11,0x1C00,0x0000
0.0956662500,11,0x1C00,0x0000
0.0956692100,11,0x1C00,0x0000
0.0956721700,11,0x1C00,0x0000
0.0956751400,11,0x1C00,0x0000
0.0956781000,11,0x1C00,0x0000
0.0956810600,11,0x1C00,0x0000
0.0956840300,11,0x1C00,0x0000
0.0956869900,11,0x1C00,0x0000
0.0956899500,11,0x1C00,0x0000
0.0956929100,11,0x1C00,0x0000
0.0956958800,11,0x1C00,0x0000
0.0956988400,11,0x1C00,0x0000
0.0957018000,11,0x1C00,0x0000
0.0957047700,11,0x1C00,0x0000
0.0957077300,11,0x1C00,0x0000
0.0957106900,11,0x1C00,0x0000
0.0957136600,11,0x1C00,0x0000
0.0957166200,11,0x1C00,0x0000
0.0957195800,11,0x1C00,0x0000
0.0957225400,11,0x1C00,0x0000
0.0957255100,11,0x1C00,0x0000
0.0957284700,11,0x1C00,0x0000
0.0957314300,11,0x1C00,0x0000
0.0957344000,11,0x1C00,0x0000
0.0957373600,11,0x1C00,0x0000
0.0957403200,11,0x1C00,0x0000
0.0957432900,11,0x1C00,0x0000
0.0957462500,11,0x1C00,0x0000
0.0957492100,11,0x1C00,0x0000
0.0957521700,11,0x1C00,0x0000
0.0957551400,11,0x1C00,0x0000
0.0957581000,11,0x1C00,0x0000
0.0957610600,11,0x1C00,0x0000
0.0957640300,11,0x1C00,0x0000
0.0957669900,11,0x1C00,0x0000
0.0957699500,11,0x1C00,0x0000
0.0957729100,11,0x1C00,0x0000
0.0957758800,11,0x1C00,0x0000
0.0957788400,11,0x1C00,0x0000
0.0957818000,11,0x1C00,0x0000
0.0957847700,11,0x1C00,0x0000
0.0957877300,11,0x1C00,0x0000
0.0957906900,11,0x1C00,0x0000
0.0957936600,11,0x1C00,0x0000
0.0957966200,11,0x1C00,0x0000
0.0957995800,11,0x1C00,0x0000
0.0958025400,11,0x1C00,0x0000
0.0958055100,11,0x1C00,0x0000
0.0958084700,11,0x1C00,0x0000
0.0958114300,11,0x1C00,0x0000
0.0958144000,11,0x1C00,0x0000
0.0958173600,11,0x1C00,0x0000
0.0958203200,11,0x1C00,0x0000
0.0958232900,11,0x1C00,0x0000
0.0958262500,11,0x1C00,0x0000
0.0958292100,11,0x1C00,0x0000
0.0958321700,11,0x1C00,0x0000
0.0958351400,11,0x1C00,0x0000
0.0958381000,11,0x1C00,0x0000
0.0958410600,11,0x1C00,0x0000
0.0958440300,11,0x1C00,0x0000
0.0958469900,11,0x1C00,0x0000
0.0958499500,11,0x1C00,0x0000
0.0958529100,11,0x1C00,0x0000
0.0958558800,11,0x1C00,0x0000
0.0958588400,11,0x1C00,0x0000
0.0958618000,11,0x1C00,0x0000
0.0958647700,11,0x1C00,0x0000
0.0958677300,11,0x1C00,0x0000
0.0958706900,11,0x1C00,0x0000
0.0958736600,11,0x1C00,0x0000
0.0958766200,11,0x1C00,0x0000
0.0958795800,11,0x1C00,0x0000
0.0958825400,11,0x1C00,0x0000
0.0958855100,11,0x1C00,0x0000
0.0958884700,11,0x1C00,0x0000
0.0958914300,11,0x1C00,0x0000
0.0958944000,11,0x1C00,0x0000
0.0958973600,11,0x1C00,0x0000
0.0959003200,11,0x1C00,0x0000
0.0959032900,11,0x1C00,0x0000
0.0959062500,11,0x1C00,0x0000
0.0959092100,11,0x1C00,0x0000
0.0959121700,11,0x1C00,0x0000
0.0959151400,11,0x1C00,0x0000
0.0959181000,11,0x1C00,0x0000
0.0959210600,11,0x1C00,0x0000
0.0959240300,11,0x1C00,0x0000
0.0959269900,11,0x1C00,0x0000
0.0959299500,11,0x1C00,0x0000
0.0959329100,11,0x1C00,0x0000
0.0959358800,11,0x1C00,0x0000
0.0959388400,11,0x1C00,0x0000
0.0959418000,11,0x1C00,0x0000
0.0959447700,11,0x1C00,0x0000
0.0959477300,11,0x1C00,0x0000
0.0959506900,11,0x1C00,0x0000
0.0959536600,11,0x1C00,0x0000
0.0959566200,11,0x1C00,0x0000
0.0959595800,11,0x1C00,0x0000
0.0959625500,11,0x1C00,0x0000
0.0959655100,11,0x1C00,0x0000
0.0959684700,11,0x1C00,0x0000
0.0959714300,11,0x1C00,0x0000
0.0959744000,11,0x1C00,0x0000
0.0959773600,11,0x1C00,0x0000
0.0959803200,11,0x1C00,0x0000
0.0959832900,11,0x1C00,0x0000
0.0959862500,11,0x1C00,0x0000
0.0959892100,11,0x1C00,0x0000
0.0959921700,11,0x1C00,0x0000
0.0959951400,11,0x1C00,0x0000
0.0959981000,11,0x1C00,0x0000
0.0960010600,11,0x1C00,0x0000
0.0960040300,11,0x1C00,0x0000
0.0960069900,11,0x1C00,0x0000
0.0960099500,11,0x1C00,0x0000
0.0960129100,11,0x1C00,0x0000
0.0960158800,11,0x1C00,0x0000
0.0960188400,11,0x1C00,0x0000
0.0960218000,11,0x1C00,0x0000
0.0960247700,11,0x1C00,0x0000
0.0960277300,11,0x1C00,0x0000
0.0960306900,11,0x1C00,0x0000
0.0960336600,11,0x1C00,0x0000
0.0960366200,11,0x1C00,0x0000
0.0960395800,11,0x1C00,0x0000
0.0960425500,11,0x1C00,0x0000
0.0960455100,11,0x1C00,0x0000
0.0960484700,11,0x1C00,0x0000
0.0960514300,11,0x1C00,0x0000
0.0960544000,11,0x1C00,0x0000
0.0960573600,11,0x1C00,0x0000
0.0960603200,11,0x1C00,0x0000
0.0960632900,11,0x1C00,0x0000
0.0960662500,11,0x1C00,0x0000
0.0960692100,11,0x1C00,0x0000
0.0960721700,11,0x1C00,0x0000
0.0960751400,11,0x1C00,0x0000
0.0960781000,11,0x1C00,0x0000
0.0960810600,11,0x1C00,0x0000
0.0960840300,11,0x1C00,0x0000
0.0960869900,11,0x1C00,0x0000
0.0960899500,11,0x1C00,0x0000
0.0960929100,11,0x1C00,0x0000
0.0960958800,11,0x1C00,0x0000
0.0960988400,11,0x1C00,0x0000
0.0961018000,11,0x1C00,0x0000
0.0961047700,11,0x1C00,0x0000
0.0961077300,11,0x1C00,0x0000
0.0961106900,11,0x1C00,0x0000
0.0961136600,11,0x1C00,0x0000
0.0961166200,11,0x1C00,0x0000
0.0961195800,11,0x1C00,0x0000
0.0961225500,11,0x1C00,0x0000
0.0961255100,11,0x1C00,0x0000
0.0961284700,11,0x1C00,0x0000
0.0961314300,11,0x1C00,0x0000
0.0961344000,11,0x1C00,0x0000
0.0961373600,11,0x1C00,0x0000
0.0961403200,11,0x1C00,0x0000
0.0961432900,11,0x1C00,0x0000
0.0961462500,11,0x1C00,0x0000
0.0961492100,11,0x1C00,0x0000
0.0961521800,11,0x1C00,0x0000
0.0961551400,11,0x1C00,0x0000
0.0961581000,11,0x1C00,0x0000
0.0961610600,11,0x1C00,0x0000
0.0961640300,11,0x1C00,0x0000
0.0961669900,11,0x1C00,0x0000
0.0961699500,11,0x1C00,0x0000
0.0961729100,11,0x1C00,0x0000
0.0961758800,11,0x1C00,0x0000
0.0961788400,11,0x1C00,0x0000
0.0961818000,11,0x1C00,0x0000
0.0961847700,11,0x1C00,0x0000
0.0961877300,11,0x1C00,0x0000
0.0961906900,11,0x1C00,0x0000
0.0961936600,11,0x1C00,0x0000
0.0961966200,11,0x1C00,0x0000
0.0961995800,11,0x1C00,0x0000
0.0962025500,11,0x1C00,0x0000
0.0962055100,11,0x1C00,0x0000
0.0962084700,11,0x1C00,0x0000
0.0962114300,11,0x1C00,0x0000
0.0962144000,11,0x1C00,0x0000
0.0962173600,11,0x1C00,0x0000
0.0962203200,11,0x1C00,0x0000
0.0962232900,11,0x1C00,0x0000
0.0962262500,11,0x1C00,0x0000
0.0962292100,11,0x1C00,0x0000
0.0962321800,11,0x1C00,0x0000
0.0962351400,11,0x1C00,0x0000
0.0962381000,11,0x1C00,0x0000
0.0962410600,11,0x1C00,0x0000
0.0962440300,11,0x1C00,0x0000
0.0962469900,11,0x1C00,0x0000
0.0962499500,11,0x1C00,0x0000
0.0962529100,11,0x1C00,0x0000
0.0962558800,11,0x1C00,0x0000
0.0962588400,11,0x1C00,0x0000
0.0962618000,11,0x1C00,0x0000
0.0962647700,11,0x1C00,0x0000
0.0962677300,11,0x1C00,0x0000
0.0962706900,11,0x1C00,0x0000
0.0962736600,11,0x1C00,0x0000
0.0962766200,11,0x1C00,0x0000
0.0962795800,11,0x1C00,0x0000
0.0962825500,11,0x1C00,0x0000
0.0962855100,11,0x1C00,0x0000
0.0962884700,11,0x1C00,0x0000
0.0962914300,11,0x1C00,0x0000
0.0962944000,11,0x1C00,0x0000
0.0962973600,11,0x1C00,0x0000
0.0963003200,11,0x1C00,0x0000
0.0963032900,11,0x1C00,0x0000
0.0963062500,11,0x1C00,0x0000
0.0963092100,11,0x1C00,0x0000
0.0963121800,11,0x1C00,0x0000
0.0963151400,11,0x1C00,0x0000
0.0963181000,11,0x1C00,0x0000
0.0963210600,11,0x1C00,0x0000
0.0963240300,11,0x1C00,0x0000
0.0963269900,11,0x1C00,0x0000
0.0963299500,11,0x1C00,0x0000
0.0963329200,11,0x1C00,0x0000
0.0963358800,11,0x1C00,0x0000
0.0963388400,11,0x1C00,0x0000
0.0963418100,11,0x1C00,0x0000
0.0963447700,11,0x1C00,0x0000
0.0963477300,11,0x1C00,0x0000
0.0963506900,11,0x1C00,0x0000
0.0963536600,11,0x1C00,0x0000
0.0963566200,11,0x1C00,0x0000
0.0963595800,11,0x1C00,0x0000
0.0963625500,11,0x1C00,0x0000
0.0963655100,11,0x1C00,0x0000
0.0963684700,11,0x1C00,0x0000
0.0963714300,11,0x1C00,0x0000
0.0963744000,11,0x1C00,0x0000
0.0963773600,11,0x1C00,0x0000
0.0963803200,11,0x1C00,0x0000
0.0963832900,11,0x1C00,0x0000
0.0963862500,11,0x1C00,0x0000
0.0963892100,11,0x1C00,0x0000
0.0963921800,11,0x1C00,0x0000
0.0963951400,11,0x1C00,0x0000
0.0963981000,11,0x1C00,0x0000
0.0964010600,11,0x1C00,0x0000
0.0964040300,11,0x1C00,0x0000
0.0964069900,11,0x1C00,0x0000
0.0964099500,11,0x1C00,0x0000
0.0964129100,11,0x1C00,0x0000
0.0964158800,11,0x1C00,0x0000
0.0964188400,11,0x1C00,0x0000
0.0964218000,11,0x1C00,0x0000
0.0964247700,11,0x1C00,0x0000
0.0964277300,11,0x1C00,0x0000
0.0964306900,11,0x1C00,0x0000
0.0964336600,11,0x1C00,0x0000
0.0964366200,11,0x1C00,0x0000
0.0964395800,11,0x1C00,0x0000
0.0964425500,11,0x1C00,0x0000
0.0964455100,11,0x1C00,0x0000
0.0964484700,11,0x1C00,0x0000
0.0964514300,11,0x1C00,0x0000
0.0964544000,11,0x1C00,0x0000
0.0964573600,11,0x1C00,0x0000
0.0964603200,11,0x1C00,0x0000
0.0964632900,11,0x1C00,0x0000
0.0964662500,11,0x1C00,0x0000
0.0964692100,11,0x1C00,0x0000
0.0964721800,11,0x1C00,0x0000
0.0964751400,11,0x1C00,0x0000
0.0964781000,11,0x1C00,0x0000
0.0964810600,11,0x1C00,0x0000
0.0964840300,11,0x1C00,0x0000
0.0964869900,11,0x1C00,0x0000
0.0964899500,11,0x1C00,0x0000
0.0964929200,11,0x1C00,0x0000
0.0964958800,11,0x1C00,0x0000
0.0964988400,11,0x1C00,0x0000
0.0965018000,11,0x1C00,0x0000
0.0965047700,11,0x1C00,0x0000
0.0965077300,11,0x1C00,0x0000
0.0965106900,11,0x1C00,0x0000
0.0965136600,11,0x1C00,0x0000
0.0965166200,11,0x1C00,0x0000
0.0965195800,11,0x1C00,0x0000
0.0965225500,11,0x1C00,0x0000
0.0965255100,11,0x1C00,0x0000
0.0965284700,11,0x1C00,0x0000
0.0965314300,11,0x1C00,0x0000
0.0965344000,11,0x1C00,0x0000
0.0965373600,11,0x1C00,0x0000
0.0965403200,11,0x1C00,0x0000
0.0965432900,11,0x1C00,0x0000
0.0965462500,11,0x1C00,0x0000
0.0965492100,11,0x1C00,0x0000
0.0965521800,11,0x1C00,0x0000
0.0965551400,11,0x1C00,0x0000
0.0965581000,11,0x1C00,0x0000
0.0965610600,11,0x1C00,0x0000
0.0965640300,11,0x1C00,0x0000
0.0965669900,11,0x1C00,0x0000
0.0965699500,11,0x1C00,0x0000
0.0965729200,11,0x1C00,0x0000
0.0965758800,11,0x1C00,0x0000
0.0965788400,11,0x1C00,0x0000
0.0965818100,11,0x1C00,0x0000
0.0965847700,11,0x1C00,0x0000
0.0965877300,11,0x1C00,0x0000
0.0965906900,11,0x1C00,0x0000
0.0965936600,11,0x1C00,0x0000
0.0965966200,11,0x1C00,0x0000
0.0965995800,11,0x1C00,0x0000
0.0966025500,11,0x1C00,0x0000
0.0966055100,11,0x1C00,0x0000
0.0966084700,11,0x1C00,0x0000
0.0966114300,11,0x1C00,0x0000
0.0966144000,11,0x1C00,0x0000
0.0966173600,11,0x1C00,0x0000
0.0966203200,11,0x1C00,0x0000
0.0966232900,11,0x1C00,0x0000
0.0966262500,11,0x1C00,0x0000
0.0966292100,11,0x1C00,0x0000
0.0966321800,11,0x1C00,0x0000
0.0966351400,11,0x1C00,0x0000
0.0966381000,11,0x1C00,0x0000
0.0966410600,11,0x1C00,0x0000
0.0966440300,11,0x1C00,0x0000
0.0966469900,11,0x1C00,0x0000
0.0966499500,11,0x1C00,0x0000
0.0966529200,11,0x1C00,0x0000
0.0966558800,11,0x1C00,0x0000
0.0966588400,11,0x1C00,0x0000
0.0966618100,11,0x1C00,0x0000
0.0966647700,11,0x1C00,0x0000
0.0966677300,11,0x1C00,0x0000
0.0966706900,11,0x1C00,0x0000
0.0966736600,11,0x1C00,0x0000
0.0966766200,11,0x1C00,0x0000
0.0966795800,11,0x1C00,0x0000
0.0966825500,11,0x1C00,0x0000
0.0966855100,11,0x1C00,0x0000
0.0966884700,11,0x1C00,0x0000
0.0966914400,11,0x1C00,0x0000
0.0966944000,11,0x1C00,0x0000
0.0966973600,11,0x1C00,0x0000
0.0967003200,11,0x1C00,0x0000
0.0967032900,11,0x1C00,0x0000
0.0967062500,11,0x1C00,0x0000
0.0967092100,11,0x1C00,0x0000
0.0967121800,11,0x1C00,0x0000
0.0967151400,11,0x1C00,0x0000
0.0967181000,11,0x1C00,0x0000
0.0967210600,11,0x1C00,0x0000
0.0967240300,11,0x1C00,0x0000
0.0967269900,11,0x1C00,0x0000
0.0967299500,11,0x1C00,0x0000
0.0967329200,11,0x1C00,0x0000
0.0967358800,11,0x1C00,0x0000
0.0967388400,11,0x1C00,0x0000
0.0967418100,11,0x1C00,0x0000
0.0967447700,11,0x1C00,0x0000
0.0967477300,11,0x1C00,0x0000
0.0967506900,11,0x1C00,0x0000
0.0967536600,11,0x1C00,0x0000
0.0967566200,11,0x1C00,0x0000
0.0967595800,11,0x1C00,0x0000
0.0967625500,11,0x1C00,0x0000
0.0967655100,11,0x1C00,0x0000
0.0967684700,11,0x1C00,0x0000
0.0967714400,11,0x1C00,0x0000
0.0967744000,11,0x1C00,0x0000
0.0967773600,11,0x1C00,0x0000
0.0967803200,11,0x1C00,0x0000
0.0967832900,11,0x1C00,0x0000
0.0967862500,11,0x1C00,0x0000
0.0967892100,11,0x1C00,0x0000
0.0967921800,11,0x1C00,0x0000
0.0967951400,11,0x1C00,0x0000
0.0967981000,11,0x1C00,0x0000
0.0968010600,11,0x1C00,0x0000
0.0968040300,11,0x1C00,0x0000
0.0968069900,11,0x1C00,0x0000
0.0968099500,11,0x83E7,0x0000
0.0968129100,11,0xAFFF,0x0000
0.0968158800,11,0xAFFF,0x0000
0.0968188400,11,0xAFFF,0x0000
0.0968218100,11,0xAFFF,0x0000
0.0968247700,11,0xAFFF,0x0000
0.0968277300,11,0xAFFF,0x0000
0.0968306900,11,0xAFFF,0x0000
0.0968336600,11,0xAFFF,0x0000
0.0968366200,11,0xAFFF,0x0000
0.0968395800,11,0xAFFF,0x0000
0.0968425500,11,0xAFFF,0x0000
0.0968455100,11,0xAFFF,0x0000
0.0968484700,11,0xAFFF,0x0000
0.0968514400,11,0xAFFF,0x0000
0.0968544000,11,0xAFFF,0x0000
0.0968573600,11,0xAFFF,0x0000
0.0968603200,11,0x83E1,0x0000
0.0968632900,11,0x1C00,0x0000
0.0968662500,11,0x1C00,0x0000
0.0968692100,11,0x1C00,0x0000
0.0968721800,11,0x1C00,0x0000
0.0968751400,11,0x1C00,0x0000
0.0968781000,11,0x1C00,0x0000
0.0968810600,11,0x1C00,0x0000
0.0968840300,11,0x1C00,0x0000
0.0968869900,11,0x1C00,0x0000
0.0968899500,11,0x1C00,0x0000
0.0968929200,11,0x1C00,0x0000
0.0968958800,11,0x1C00,0x0000
0.0968988400,11,0x1C00,0x0000
0.0969018100,11,0x1C00,0x0000
0.0969047700,11,0x1C00,0x0000
0.0969077300,11,0x1C00,0x0000
0.0969106900,11,0x1C00,0x0000
0.0969136600,11,0x1C00,0x0000
0.0969166200,11,0x1C00,0x0000
0.0969195800,11,0x1C00,0x0000
0.0969225500,11,0x1C00,0x0000
0.0969255100,11,0x1C00,0x0000
0.0969284700,11,0x1C00,0x0000
0.0969314400,11,0x1C00,0x0000
0.0969344000,11,0x1C00,0x0000
0.0969373600,11,0x1C00,0x0000
0.0969403200,11,0x1C00,0x0000
0.0969432900,11,0x1C00,0x0000
0.0969462500,11,0x1C00,0x0000
0.0969492100,11,0x1C00,0x0000
0.0969521800,11,0x93E7,0x0000
0.0969551400,11,0xBBEF,0x0000
0.0969581000,11,0xBBEF,0x0000
0.0969610600,11,0xBBEF,0x0000
0.0969640300,11,0xBBEF,0x0000
0.0969669900,11,0xBBEF,0x0000
0.0969699500,11,0xBBEF,0x0000
0.0969729200,11,0xBBEF,0x0000
0.0969758800,11,0xBBEF,0x0000
0.0969788400,11,0xBBEF,0x0000
0.0969818100,11,0xBBEF,0x0000
0.0969847700,11,0xBBEF,0x0000
0.0969877300,11,0xBBEF,0x0000
0.0969906900,11,0xBBEF,0x0000
0.0969936600,11,0xBBEF,0x0000
0.0969966200,11,0xBBEF,0x0000
0.0969995800,11,0xBBEF,0x0000
0.0970025500,11,0x8FEF,0x0000
0.0970055100,11,0x1C00,0x0000
0.0970084700,11,0x1C00,0x0000
0.0970114400,11,0x1C00,0x0000
0.0970144000,11,0x1C00,0x0000
0.0970173600,11,0x1C00,0x0000
0.0970203200,11,0x1C00,0x0000
0.0970232900,11,0x1C00,0x0000
0.0970262500,11,0x1C00,0x0000
0.0970292100,11,0x1C00,0x0000
0.0970321800,11,0x1C00,0x0000
0.0970351400,11,0x1C00,0x0000
0.0970381000,11,0x1C00,0x0000
0.0970410600,11,0x1C00,0x0000
0.0970440300,11,0x1C00,0x0000
0.0970469900,11,0x1C00,0x0000
0.0970499500,11,0x1C00,0x0000
0.0970529200,11,0x1C00,0x0000
0.0970558800,11,0x1C00,0x0000
0.0970588400,11,0x1C00,0x0000
0.0970618100,11,0x1C00,0x0000
0.0970647700,11,0x1C00,0x0000
0.0970677300,11,0x1C00,0x0000
0.0970706900,11,0x1C00,0x0000
0.0970736600,11,0x1C00,0x0000
0.0970766200,11,0x1C00,0x0000
0.0970795800,11,0x1C00,0x0000
0.0970825500,11,0x1C00,0x0000
0.0970855100,11,0x1C00,0x0000
0.0970884700,11,0x1C00,0x0000
0.0970914300,11,0x1C00,0x0000
0.0970944000,11,0x93E7,0x0000
0.0970973600,11,0xBBEF,0x0000
0.0971003200,11,0xBBEF,0x0000
0.0971032900,11,0xBBEF,0x0000
0.0971062500,11,0xBBEF,0x0000
0.0971092100,11,0xBBEF,0x0000
0.0971121800,11,0xBBEF,0x0000
0.0971151400,11,0xBBEF,0x0000
0.0971181000,11,0xBBEF,0x0000
0.0971210600,11,0xBBEF,0x0000
0.0971240300,11,0xBBEF,0x0000
0.0971269900,11,0xBBEF,0x0000
0.0971299500,11,0xBBEF,0x0000
0.0971329200,11,0xBBEF,0x0000
0.0971358800,11,0xBBEF,0x0000
0.0971388400,11,0xBBEF,0x0000
0.0971418100,11,0xBBEF,0x0000
0.0971447700,11,0x8FEF,0x0000
0.0971477300,11,0x1C00,0x0000
0.0971507000,11,0x1C00,0x0000
0.0971536600,11,0x1C00,0x0000
0.0971566200,11,0x1C00,0x0000
0.0971595800,11,0x1C00,0x0000
0.0971625500,11,0x1C00,0x0000
0.0971655100,11,0x1C00,0x0000
0.0971684700,11,0x1C00,0x0000
0.0971714400,11,0x1C00,0x0000
0.0971744000,11,0x1C00,0x0000
0.0971773600,11,0x1C00,0x0000
0.0971803200,11,0x1C00,0x0000
0.0971832900,11,0x1C00,0x0000
0.0971862500,11,0x1C00,0x0000
0.0971892100,11,0x1C00,0x0000
0.0971921800,11,0x1C00,0x0000
0.0971951400,11,0x1C00,0x0000
0.0971981000,11,0x1C00,0x0000
0.0972010600,11,0x1C00,0x0000
0.0972040300,11,0x1C00,0x0000
0.0972069900,11,0x1C00,0x0000
0.0972099500,11,0x1C00,0x0000
0.0972129200,11,0x1C00,0x0000
0.0972158800,11,0x1C00,0x0000
0.0972188400,11,0x1C00,0x0000
0.0972218100,11,0x1C00,0x0000
0.0972247700,11,0x1C00,0x0000
0.0972277300,11,0x1C00,0x0000
0.0972307000,11,0x1C00,0x0000
0.0972336600,11,0x1C00,0x0000
0.0972366200,11,0x93E7,0x0000
0.0972395800,11,0xBBEF,0x0000
0.0972425500,11,0xBBEF,0x0000
0.0972455100,11,0xBBEF,0x0000
0.0972484700,11,0xBBEF,0x0000
0.0972514400,11,0xBBEF,0x0000
0.0972544000,11,0xBBEF,0x0000
0.0972573600,11,0xBBEF,0x0000
0.0972603200,11,0xBBEF,0x0000
0.0972632900,11,0xBBEF,0x0000
0.0972662500,11,0xBBEF,0x0000
0.0972692100,11,0xBBEF,0x0000
0.0972721800,11,0xBBEF,0x0000
0.0972751400,11,0xBBEF,0x0000
0.0972781000,11,0xBBEF,0x0000
0.0972810600,11,0xBBEF,0x0000
0.0972840300,11,0xBBEF,0x0000
0.0972869900,11,0x8FEF,0x0000
0.0972899600,11,0x1C00,0x0000
0.0972929200,11,0x1C00,0x0000
0.0972958800,11,0x1C00,0x0000
0.0972988400,11,0x1C00,0x0000
0.0973018100,11,0x1C00,0x0000
0.0973047700,11,0x1C00,0x0000
0.0973077300,11,0x1C00,0x0000
0.0973107000,11,0x1C00,0x0000
0.0973136600,11,0x1C00,0x0000
0.0973166200,11,0x1C00,0x0000
0.0973195800,11,0x1C00,0x0000
0.0973225500,11,0x1C00,0x0000
0.0973255100,11,0x1C00,0x0000
0.0973284700,11,0x1C00,0x0000
0.0973314400,11,0x1C00,0x0000
0.0973344000,11,0x1C00,0x0000
0.0973373600,11,0x1C00,0x0000
0.0973403300,11,0x1C00,0x0000
0.0973432900,11,0x1C00,0x0000
0.0973462500,11,0x1C00,0x0000
0.0973492100,11,0x1C00,0x0000
0.0973521800,11,0x1C00,0x0000
0.0973551400,11,0x1C00,0x0000
0.0973581000,11,0x1C00,0x0000
0.0973610600,11,0x1C00,0x0000
0.0973640300,11,0x1C00,0x0000
0.0973669900,11,0x1C00,0x0000
0.0973699500,11,0x1C00,0x0000
0.0973729200,11,0x1C00,0x0000
0.0973758800,11,0x1C00,0x0000
0.0973788400,11,0x93E7,0x0000
0.0973818100,11,0xBBEF,0x0000
0.0973847700,11,0xBBEF,0x0000
0.0973877300,11,0xBBEF,0x0000
0.0973907000,11,0xBBEF,0x0000
0.0973936600,11,0xBBEF,0x0000
0.0973966200,11,0xBBEF,0x0000
0.0973995800,11,0xBBEF,0x0000
0.0974025500,11,0xBBEF,0x0000
0.0974055100,11,0xBBEF,0x0000
0.0974084700,11,0xBBEF,0x0000
0.0974114400,11,0xBBEF,0x0000
0.0974144000,11,0xBBEF,0x0000
0.0974173600,11,0xBBEF,0x0000
0.0974203200,11,0xBBEF,0x0000
0.0974232900,11,0xBBEF,0x0000
0.0974262500,11,0xBBEF,0x0000
0.0974292100,11,0x8FEF,0x0000
0.0974321800,11,0x1C00,0x0000
0.0974351400,11,0x1C00,0x0000
0.0974381000,11,0x1C00,0x0000
0.0974410600,11,0x1C00,0x0000
0.0974440300,11,0x1C00,0x0000
0.0974469900,11,0x1C00,0x0000
0.0974499500,11,0x1C00,0x0000
0.0974529200,11,0x1C00,0x0000
0.0974558800,11,0x1C00,0x0000
0.0974588400,11,0x1C00,0x0000
0.0974618100,11,0x1C00,0x0000
0.0974647700,11,0x1C00,0x0000
0.0974677300,11,0x1C00,0x0000
0.0974707000,11,0x1C00,0x0000
0.0974736600,11,0x1C00,0x0000
0.0974766200,11,0x1C00,0x0000
0.0974795800,11,0x1C00,0x0000
0.0974825500,11,0x1C00,0x0000
0.0974855100,11,0x1C00,0x0000
0.0974884700,11,0x1C00,0x0000
0.0974914400,11,0x1C00,0x0000
0.0974944000,11,0x1C00,0x0000
0.0974973600,11,0x1C00,0x0000
0.0975003300,11,0x1C00,0x0000
0.0975032900,11,0x1C00,0x0000
0.0975062500,11,0x1C00,0x0000
0.0975092100,11,0x1C00,0x0000
0.0975121800,11,0x1C00,0x0000
0.0975151400,11,0x1C00,0x0000
0.0975181000,11,0x1C00,0x0000
0.0975210600,11,0x93E7,0x0000
0.0975240300,11,0xBBEF,0x0000
0.0975269900,11,0xBBEF,0x0000
0.0975299500,11,0xBBEF,0x0000
0.0975329200,11,0xBBEF,0x0000
0.0975358800,11,0xBBEF,0x0000
0.0975388400,11,0xBBEF,0x0000
0.0975418100,11,0xBBEF,0x0000
0.0975447700,11,0xBBEF,0x0000
0.0975477300,11,0xBBEF,0x0000
0.0975507000,11,0xBBEF,0x0000
0.0975536600,11,0xBBEF,0x0000
0.0975566200,11,0xBBEF,0x0000
0.0975595800,11,0xBBEF,0x0000
0.0975625500,11,0xBBEF,0x0000
0.0975655100,11,0xBBEF,0x0000
0.0975684700,11,0xBBEF,0x0000
0.0975714400,11,0x8FEF,0x0000
0.0975744000,11,0x1C00,0x0000
0.0975773600,11,0x1C00,0x0000
0.0975803300,11,0x1C00,0x0000
0.0975832900,11,0x1C00,0x0000
0.0975862500,11,0x1C00,0x0000
0.0975892100,11,0x1C00,0x0000
0.0975921800,11,0x1C00,0x0000
0.0975951400,11,0x1C00,0x0000
0.0975981000,11,0x1C00,0x0000
0.0976010600,11,0x1C00,0x0000
0.0976040300,11,0x1C00,0x0000
0.0976069900,11,0x1C00,0x0000
0.0976099500,11,0x1C00,0x0000
0.0976129200,11,0x1C00,0x0000
0.0976158800,11,0x1C00,0x0000
0.0976188400,11,0x1C00,0x0000
0.0976218100,11,0x1C00,0x0000
0.0976247700,11,0x1C00,0x0000
0.0976277300,11,0x1C00,0x0000
0.0976307000,11,0x1C00,0x0000
0.0976336600,11,0x1C00,0x0000
0.0976366200,11,0x1C00,0x0000
0.0976395800,11,0x1C00,0x0000
0.0976425500,11,0x1C00,0x0000
0.0976455100,11,0x1C00,0x0000
0.0976484700,11,0x1C00,0x0000
0.0976514400,11,0x1C00,0x0000
0.0976544000,11,0x1C00,0x0000
0.0976573600,11,0x1C00,0x0000
0.0976603200,11,0x1C00,0x0000
0.0976632900,11,0x93E7,0x0000
0.0976662500,11,0xBBEF,0x0000
0.0976692100,11,0xBBEF,0x0000
0.0976721800,11,0xBBEF,0x0000
0.0976751400,11,0xBBEF,0x0000
0.0976781000,11,0xBBEF,0x0000
0.0976810600,11,0xBBEF,0x0000
0.0976840300,11,0xBBEF,0x0000
0.0976869900,11,0xBBEF,0x0000
0.0976899500,11,0xBBEF,0x0000
0.0976929200,11,0xBBEF,0x0000
0.0976958800,11,0xBBEF,0x0000
0.0976988400,11,0xBBEF,0x0000
0.0977018100,11,0xBBEF,0x0000
0.0977047700,11,0xBBEF,0x0000
0.0977077300,11,0xBBEF,0x0000
0.0977107000,11,0xBBEF,0x0000
0.0977136600,11,0x8FEF,0x0000
0.0977166200,11,0x1C00,0x0000
0.0977195800,11,0x1C00,0x0000
0.0977225500,11,0x1C00,0x0000
0.0977255100,11,0x1C00,0x0000
0.0977284700,11,0x1C00,0x0000
0.0977314400,11,0x1C00,0x0000
0.0977344000,11,0x1C00,0x0000
0.0977373600,11,0x1C00,0x0000
0.0977403300,11,0x1C00,0x0000
0.0977432900,11,0x1C00,0x0000
0.0977462500,11,0x1C00,0x0000
0.0977492100,11,0x1C00,0x0000
0.0977521800,11,0x1C00,0x0000
0.0977551400,11,0x1C00,0x0000
0.0977581000,11,0x1C00,0x0000
0.0977610700,11,0x1C00,0x0000
0.0977640300,11,0x1C00,0x0000
0.0977669900,11,0x1C00,0x0000
0.0977699500,11,0x1C00,0x0000
0.0977729200,11,0x1C00,0x0000
0.0977758800,11,0x1C00,0x0000
0.0977788400,11,0x1C00,0x0000
0.0977818100,11,0x1C00,0x0000
0.0977847700,11,0x1C00,0x0000
0.0977877300,11,0x1C00,0x0000
0.0977907000,11,0x1C00,0x0000
0.0977936600,11,0x1C00,0x0000
0.0977966200,11,0x1C00,0x0000
0.0977995800,11,0x1C00,0x0000
0.0978025500,11,0x1C00,0x0000
0.0978055100,11,0x93E7,0x0000
0.0978084700,11,0xBBEF,0x0000
0.0978114400,11,0xBBEF,0x0000
0.0978144000,11,0xBBEF,0x0000
0.0978173600,11,0xBBEF,0x0000
0.0978203300,11,0xBBEF,0x0000
0.0978232900,11,0xBBEF,0x0000
0.0978262500,11,0xBBEF,0x0000
0.0978292100,11,0xBBEF,0x0000
0.0978321800,11,0xBBEF,0x0000
0.0978351400,11,0xBBEF,0x0000
0.0978381000,11,0xBBEF,0x0000
0.0978410700,11,0xBBEF,0x0000
0.0978440300,11,0xBBEF,0x0000
0.0978469900,11,0xBBEF,0x0000
0.0978499500,11,0xBBEF,0x0000
0.0978529200,11,0xBBEF,0x0000
0.0978558800,11,0x8FEF,0x0000
0.0978588400,11,0x1C00,0x0000
0.0978618100,11,0x1C00,0x0000
0.0978647700,11,0x1C00,0x0000
0.0978677300,11,0x1C00,0x0000
0.0978707000,11,0x1C00,0x0000
0.0978736600,11,0x1C00,0x0000
0.0978766200,11,0x1C00,0x0000
0.0978795800,11,0x1C00,0x0000
0.0978825500,11,0x1C00,0x0000
0.0978855100,11,0x1C00,0x0000
0.0978884700,11,0x1C00,0x0000
0.0978914400,11,0x1C00,0x0000
0.0978944000,11,0x1C00,0x0000
0.0978973600,11,0x1C00,0x0000
0.0979003300,11,0x1C00,0x0000
0.0979032900,11,0x1C00,0x0000
0.0979062500,11,0x1C00,0x0000
0.0979092100,11,0x1C00,0x0000
0.0979121800,11,0x1C00,0x0000
0.0979151400,11,0x1C00,0x0000
0.0979181000,11,0x1C00,0x0000
0.0979210700,11,0x1C00,0x0000
0.0979240300,11,0x1C00,0x0000
0.0979269900,11,0x1C00,0x0000
0.0979299600,11,0x1C00,0x0000
0.0979329200,11,0x1C00,0x0000
0.0979358800,11,0x1C00,0x0000
0.0979388400,11,0x1C00,0x0000
0.0979418100,11,0x1C00,0x0000
0.0979447700,11,0x1C00,0x0000
0.0979477300,11,0x93E7,0x0000
0.0979507000,11,0xBBEF,0x0000
0.0979536600,11,0xBBEF,0x0000
0.0979566200,11,0xBBEF,0x0000
0.0979595800,11,0xBBEF,0x0000
0.0979625500,11,0xBBEF,0x0000
0.0979655100,11,0xBBEF,0x0000
0.0979684700,11,0xBBEF,0x0000
0.0979714400,11,0xBBEF,0x0000
0.0979744000,11,0xBBEF,0x0000
0.0979773600,11,0xBBEF,0x0000
0.0979803300,11,0xBBEF,0x0000
0.0979832900,11,0xBBEF,0x0000
0.0979862500,11,0xBBEF,0x0000
0.0979892100,11,0xBBEF,0x0000
0.0979921800,11,0xBBEF,0x0000
0.0979951400,11,0xBBEF,0x0000
0.0979981000,11,0x8FEF,0x0000
0.0980010700,11,0x1C00,0x0000
0.0980040300,11,0x1C00,0x0000
0.0980069900,11,0x1C00,0x0000
0.0980099600,11,0x1C00,0x0000
0.0980129200,11,0x1C00,0x0000
0.0980158800,11,0x1C00,0x0000
0.0980188400,11,0x1C00,0x0000
0.0980218100,11,0x1C00,0x0000
0.0980247700,11,0x1C00,0x0000
0.0980277300,11,0x1C00,0x0000
0.0980307000,11,0x1C00,0x0000
0.0980336600,11,0x1C00,0x0000
0.0980366200,11,0x1C00,0x0000
0.0980395900,11,0x1C00,0x0000
0.0980425500,11,0x1C00,0x0000
0.0980455100,11,0x1C00,0x0000
0.0980484700,11,0x1C00,0x0000
0.0980514400,11,0x1C00,0x0000
0.0980544000,11,0x1C00,0x0000
0.0980573600,11,0x1C00,0x0000
0.0980603300,11,0x1C00,0x0000
0.0980632900,11,0x1C00,0x0000
0.0980662500,11,0x1C00,0x0000
0.0980692100,11,0x1C00,0x0000
0.0980721800,11,0x1C00,0x0000
0.0980751400,11,0x1C00,0x0000
0.0980781000,11,0x1C00,0x0000
0.0980810700,11,0x1C00,0x0000
0.0980840300,11,0x1C00,0x0000
0.0980869900,11,0x1C00,0x0000
0.0980899500,11,0x83E1,0x0000
0.0980929200,11,0xAFF6,0x0000
0.0980958800,11,0xAFF6,0x0000
0.0980988400,11,0xAFF6,0x0000
0.0981018100,11,0xAFF6,0x0000
0.0981047700,11,0xAFF6,0x0000
0.0981077300,11,0xAFF6,0x0000
0.0981107000,11,0xAFF6,0x0000
0.0981136600,11,0xAFF6,0x0000
0.0981166200,11,0xAFF6,0x0000
0.0981195800,11,0xAFF6,0x0000
0.0981225500,11,0xAFF6,0x0000
0.0981255100,11,0xAFF6,0x0000
0.0981284700,11,0xAFF6,0x0000
0.0981314400,11,0xAFF6,0x0000
0.0981344000,11,0xAFF6,0x0000
0.0981373600,11,0xAFF6,0x0000
0.0981403300,11,0x83E1,0x0000
0.0981432900,11,0x1C00,0x0000
0.0981462500,11,0x1C00,0x0000
0.0981492100,11,0x1C00,0x0000
0.0981521800,11,0x1C00,0x0000
0.0981551400,11,0x1C00,0x0000
0.0981581000,11,0x1C00,0x0000
0.0981610700,11,0x1C00,0x0000
0.0981640300,11,0x1C00,0x0000
0.0981669900,11,0x1C00,0x0000
0.0981699600,11,0x1C00,0x0000
0.0981729200,11,0x1C00,0x0000
0.0981758800,11,0x1C00,0x0000
0.0981788400,11,0x1C00,0x0000
0.0981818100,11,0x1C00,0x0000
0.0981847700,11,0x1C00,0x0000
0.0981877300,11,0x1C00,0x0000
0.0981907000,11,0x1C00,0x0000
0.0981936600,11,0x1C00,0x0000
0.0981966200,11,0x1C00,0x0000
0.0981995800,11,0x1C00,0x0000
0.0982025500,11,0x1C00,0x0000
0.0982055100,11,0x1C00,0x0000
0.0982084700,11,0x1C00,0x0000
0.0982114400,11,0x1C00,0x0000
0.0982144000,11,0x1C00,0x0000
0.0982173600,11,0x1C00,0x0000
0.0982203300,11,0x1C00,0x0000
0.0982232900,11,0x1C00,0x0000
0.0982262500,11,0x1C00,0x0000
0.0982292100,11,0x1C00,0x0000
0.0982321800,11,0x1C00,0x0000
0.0982351400,11,0x1C00,0x0000
0.0982381000,11,0x1C00,0x0000
0.0982410700,11,0x1C00,0x0000
0.0982440300,11,0x1C00,0x0000
0.0982469900,11,0x1C00,0x0000
0.0982499600,11,0x1C00,0x0000
0.0982529200,11,0x1C00,0x0000
0.0982558800,11,0x1C00,0x0000
0.0982588400,11,0x1C00,0x0000
0.0982618100,11,0x1C00,0x0000
0.0982647700,11,0x1C00,0x0000
0.0982677300,11,0x1C00,0x0000
0.0982707000,11,0x1C00,0x0000
0.0982736600,11,0x1C00,0x0000
0.0982766200,11,0x1C00,0x0000
0.0982795900,11,0x1C00,0x0000
0.0982825500,11,0x1C00,0x0000
0.0982855100,11,0x1C00,0x0000
0.0982884700,11,0x1C00,0x0000
0.0982914400,11,0x1C00,0x0000
0.0982944000,11,0x1C00,0x0000
0.0982973600,11,0x1C00,0x0000
0.0983003300,11,0x1C00,0x0000
0.0983032900,11,0x1C00,0x0000
0.0983062500,11,0x1C00,0x0000
0.0983092100,11,0x1C00,0x0000
0.0983121800,11,0x1C00,0x0000
0.0983151400,11,0x1C00,0x0000
0.0983181000,11,0x1C00,0x0000
0.0983210700,11,0x1C00,0x0000
0.0983240300,11,0x1C00,0x0000
0.0983269900,11,0x1C00,0x0000
0.0983299600,11,0x1C00,0x0000
0.0983329200,11,0x1C00,0x0000
0.0983358800,11,0x1C00,0x0000
0.0983388400,11,0x1C00,0x0000
0.0983418100,11,0x1C00,0x0000
0.0983447700,11,0x1C00,0x0000
0.0983477300,11,0x1C00,0x0000
0.0983507000,11,0x1C00,0x0000
0.0983536600,11,0x1C00,0x0000
0.0983566200,11,0x1C00,0x0000
0.0983595900,11,0x1C00,0x0000
0.0983625500,11,0x1C00,0x0000
0.0983655100,11,0x1C00,0x0000
0.0983684700,11,0x1C00,0x0000
0.0983714400,11,0x1C00,0x0000
0.0983744000,11,0x1C00,0x0000
0.0983773600,11,0x1C00,0x0000
0.0983803300,11,0x1C00,0x0000
0.0983832900,11,0x1C00,0x0000
0.0983862500,11,0x1C00,0x0000
0.0983892100,11,0x1C00,0x0000
0.0983921800,11,0x1C00,0x0000
0.0983951400,11,0x1C00,0x0000
0.0983981000,11,0x1C00,0x0000
0.0984010700,11,0x1C00,0x0000
0.0984040300,11,0x1C00,0x0000
0.0984069900,11,0x1C00,0x0000
0.0984099600,11,0x1C00,0x0000
0.0984129200,11,0x1C00,0x0000
0.0984158800,11,0x1C00,0x0000
0.0984188400,11,0x1C00,0x0000
0.0984218100,11,0x1C00,0x0000
0.0984247700,11,0x1C00,0x0000
0.0984277300,11,0x1C00,0x0000
0.0984307000,11,0x1C00,0x0000
0.0984336600,11,0x1C00,0x0000
0.0984366200,11,0x1C00,0x0000
0.0984395900,11,0x1C00,0x0000
0.0984425500,11,0x1C00,0x0000
0.0984455100,11,0x1C00,0x0000
0.0984484700,11,0x1C00,0x0000
0.0984514400,11,0x1C00,0x0000
0.0984544000,11,0x1C00,0x0000
0.0984573600,11,0x1C00,0x0000
0.0984603300,11,0x1C00,0x0000
0.0984632900,11,0x1C00,0x0000
0.0984662500,11,0x1C00,0x0000
0.0984692100,11,0x1C00,0x0000
0.0984721800,11,0x1C00,0x0000
0.0984751400,11,0x1C00,0x0000
0.0984781000,11,0x1C00,0x0000
0.0984810700,11,0x1C00,0x0000
0.0984840300,11,0x1C00,0x0000
0.0984869900,11,0x1C00,0x0000
0.0984899600,11,0x1C00,0x0000
0.0984929200,11,0x1C00,0x0000
0.0984958800,11,0x1C00,0x0000
0.0984988500,11,0x1C00,0x0000
0.0985018100,11,0x1C00,0x0000
0.0985047700,11,0x1C00,0x0000
0.0985077300,11,0x1C00,0x0000
0.0985107000,11,0x1C00,0x0000
0.0985136600,11,0x1C00,0x0000
0.0985166200,11,0x1C00,0x0000
0.0985195900,11,0x1C00,0x0000
0.0985225500,11,0x1C00,0x0000
0.0985255100,11,0x1C00,0x0000
0.0985284700,11,0x1C00,0x0000
0.0985314400,11,0x1C00,0x0000
0.0985344000,11,0x1C00,0x0000
0.0985373600,11,0x1C00,0x0000
0.0985403300,11,0x1C00,0x0000
0.0985432900,11,0x1C00,0x0000
0.0985462500,11,0x1C00,0x0000
0.0985492100,11,0x1C00,0x0000
0.0985521800,11,0x1C00,0x0000
0.0985551400,11,0x1C00,0x0000
0.0985581000,11,0x1C00,0x0000
0.0985610700,11,0x1C00,0x0000
0.0985640300,11,0x1C00,0x0000
0.0985669900,11,0x1C00,0x0000
0.0985699600,11,0x1C00,0x0000
0.0985729200,11,0x1C00,0x0000
0.0985758800,11,0x1C00,0x0000
0.0985788400,11,0x1C00,0x0000
0.0985818100,11,0x1C00,0x0000
0.0985847700,11,0x1C00,0x0000
0.0985877300,11,0x1C00,0x0000
0.0985907000,11,0x1C00,0x0000
0.0985936600,11,0x1C00,0x0000
0.0985966200,11,0x1C00,0x0000
0.0985995900,11,0x1C00,0x0000
0.0986025500,11,0x1C00,0x0000
0.0986055100,11,0x1C00,0x0000
0.0986084700,11,0x1C00,0x0000
0.0986114400,11,0x1C00,0x0000
0.0986144000,11,0x1C00,0x0000
0.0986173600,11,0x1C00,0x0000
0.0986203300,11,0x1C00,0x0000
0.0986232900,11,0x1C00,0x0000
0.0986262500,11,0x1C00,0x0000
0.0986292100,11,0x1C00,0x0000
0.0986321800,11,0x1C00,0x0000
0.0986351400,11,0x1C00,0x0000
0.0986381000,11,0x1C00,0x0000
0.0986410700,11,0x1C00,0x0000
0.0986440300,11,0x1C00,0x0000
0.0986469900,11,0x1C00,0x0000
0.0986499600,11,0x1C00,0x0000
0.0986529200,11,0x1C00,0x0000
0.0986558800,11,0x1C00,0x0000
0.0986588500,11,0x1C00,0x0000
0.0986618100,11,0x1C00,0x0000
0.0986647700,11,0x1C00,0x0000
0.0986677300,11,0x1C00,0x0000
0.0986707000,11,0x1C00,0x0000
0.0986736600,11,0x1C00,0x0000
0.0986766200,11,0x1C00,0x0000
0.0986795900,11,0x1C00,0x0000
0.0986825500,11,0x1C00,0x0000
0.0986855100,11,0x1C00,0x0000
0.0986884700,11,0x1C00,0x0000
0.0986914400,11,0x1C00,0x0000
0.0986944000,11,0x1C00,0x0000
0.0986973600,11,0x1C00,0x0000
0.0987003300,11,0x1C00,0x0000
0.0987032900,11,0x1C00,0x0000
0.0987062500,11,0x1C00,0x0000
0.0987092100,11,0x1C00,0x0000
0.0987121800,11,0x1C00,0x0000
0.0987151400,11,0x1C00,0x0000
0.0987181000,11,0x1C00,0x0000
0.0987210700,11,0x1C00,0x0000
0.0987240300,11,0x1C00,0x0000
0.0987269900,11,0x1C00,0x0000
0.0987299600,11,0x1C00,0x0000
0.0987329200,11,0x1C00,0x0000
0.0987358800,11,0x1C00,0x0000
0.0987388500,11,0x1C00,0x0000
0.0987418100,11,0x1C00,0x0000
0.0987447700,11,0x1C00,0x0000
0.0987477300,11,0x1C00,0x0000
0.0987507000,11,0x1C00,0x0000
0.0987536600,11,0x1C00,0x0000
0.0987566200,11,0x1C00,0x0000
0.0987595900,11,0x1C00,0x0000
0.0987625500,11,0x1C00,0x0000
0.0987655100,11,0x1C00,0x0000
0.0987684800,11,0x1C00,0x0000
0.0987714400,11,0x1C00,0x0000
0.0987744000,11,0x1C00,0x0000
0.0987773600,11,0x1C00,0x0000
0.0987803300,11,0x1C00,0x0000
0.0987832900,11,0x1C00,0x0000
0.0987862500,11,0x1C00,0x0000
0.0987892100,11,0x1C00,0x0000
0.0987921800,11,0x1C00,0x0000
0.0987951400,11,0x1C00,0x0000
0.0987981000,11,0x1C00,0x0000
0.0988010700,11,0x1C00,0x0000
0.0988040300,11,0x1C00,0x0000
0.0988069900,11,0x1C00,0x0000
0.0988099600,11,0x1C00,0x0000
0.0988129200,11,0x1C00,0x0000
0.0988158800,11,0x1C00,0x0000
0.0988188500,11,0x1C00,0x0000
0.0988218100,11,0x1C00,0x0000
0.0988247700,11,0x1C00,0x0000
0.0988277300,11,0x1C00,0x0000
0.0988307000,11,0x1C00,0x0000
0.0988336600,11,0x1C00,0x0000
0.0988366200,11,0x1C00,0x0000
0.0988395900,11,0x1C00,0x0000
0.0988425500,11,0x1C00,0x0000
0.0988455100,11,0x1C00,0x0000
0.0988484800,11,0x1C00,0x0000
0.0988514400,11,0x1C00,0x0000
0.0988544000,11,0x1C00,0x0000
0.0988573600,11,0x1C00,0x0000
0.0988603300,11,0x1C00,0x0000
0.0988632900,11,0x1C00,0x0000
0.0988662500,11,0x1C00,0x0000
0.0988692200,11,0x1C00,0x0000
0.0988721800,11,0x1C00,0x0000
0.0988751400,11,0x1C00,0x0000
0.0988781000,11,0x1C00,0x0000
0.0988810700,11,0x1C00,0x0000
0.0988840300,11,0x1C00,0x0000
0.0988869900,11,0x1C00,0x0000
0.0988899600,11,0x1C00,0x0000
0.0988929200,11,0x1C00,0x0000
0.0988958800,11,0x1C00,0x0000
0.0988988500,11,0x1C00,0x0000
0.0989018100,11,0x1C00,0x0000
0.0989047700,11,0x1C00,0x0000
0.0989077300,11,0x1C00,0x0000
0.0989107000,11,0x1C00,0x0000
0.0989136600,11,0x1C00,0x0000
0.0989166200,11,0x1C00,0x0000
0.0989195900,11,0x1C00,0x0000
0.0989225500,11,0x1C00,0x0000
0.0989255100,11,0x1C00,0x0000
0.0989284800,11,0x1C00,0x0000
0.0989314400,11,0x1C00,0x0000
0.0989344000,11,0x1C00,0x0000
0.0989373600,11,0x1C00,0x0000
0.0989403300,11,0x1C00,0x0000
0.0989432900,11,0x1C00,0x0000
0.0989462500,11,0x1C00,0x0000
0.0989492200,11,0x1C00,0x0000
0.0989521800,11,0x1C00,0x0000
0.0989551400,11,0x1C00,0x0000
0.0989581000,11,0x1C00,0x0000
0.0989610700,11,0x1C00,0x0000
0.0989640300,11,0x1C00,0x0000
0.0989669900,11,0x1C00,0x0000
0.0989699600,11,0x1C00,0x0000
0.0989729200,11,0x1C00,0x0000
0.0989758800,11,0x1C00,0x0000
0.0989788500,11,0x1C00,0x0000
0.0989818100,11,0x1C00,0x0000
0.0989847700,11,0x1C00,0x0000
0.0989877300,11,0x1C00,0x0000
0.0989907000,11,0x1C00,0x0000
0.0989936600,11,0x1C00,0x0000
0.0989966200,11,0x1C00,0x0000
0.0989995900,11,0x1C00,0x0000
0.0990025500,11,0x1C00,0x0000
0.0990055100,11,0x1C00,0x0000
0.0990084800,11,0x1C00,0x0000
0.0990114400,11,0x1C00,0x0000
0.0990144000,11,0x1C00,0x0000
0.0990173600,11,0x1C00,0x0000
0.0990203300,11,0x1C00,0x0000
0.0990232900,11,0x1C00,0x0000
0.0990262500,11,0x1C00,0x0000
0.0990292100,11,0x1C00,0x0000
0.0990321800,11,0x1C00,0x0000
0.0990351400,11,0x1C00,0x0000
0.0990381000,11,0x1C00,0x0000
0.0990410700,11,0x1C00,0x0000
0.0990440300,11,0x1C00,0x0000
0.0990469900,11,0x1C00,0x0000
0.0990499600,11,0x1C00,0x0000
0.0990529200,11,0x1C00,0x0000
0.0990558800,11,0x1C00,0x0000
0.0990588500,11,0x1C00,0x0000
0.0990618100,11,0x1C00,0x0000
0.0990647700,11,0x1C00,0x0000
0.0990677300,11,0x1C00,0x0000
0.0990707000,11,0x1C00,0x0000
0.0990736600,11,0x1C00,0x0000
0.0990766200,11,0x1C00,0x0000
0.0990795900,11,0x1C00,0x0000
0.0990825500,11,0x1C00,0x0000
0.0990855100,11,0x1C00,0x0000
0.0990884800,11,0x1C00,0x0000
0.0990914400,11,0x1C00,0x0000
0.0990944000,11,0x1C00,0x0000
0.0990973600,11,0x1C00,0x0000
0.0991003300,11,0x1C00,0x0000
0.0991032900,11,0x1C00,0x0000
0.0991062500,11,0x1C00,0x0000
0.0991092200,11,0x1C00,0x0000
0.0991121800,11,0x1C00,0x0000
0.0991151400,11,0x1C00,0x0000
0.0991181100,11,0x1C00,0x0000
0.0991210700,11,0x1C00,0x0000
0.0991240300,11,0x1C00,0x0000
0.0991269900,11,0x1C00,0x0000
0.0991299600,11,0x1C00,0x0000
0.0991329200,11,0x1C00,0x0000
0.0991358800,11,0x1C00,0x0000
0.0991388500,11,0x1C00,0x0000
0.0991418100,11,0x1C00,0x0000
0.0991447700,11,0x1C00,0x0000
0.0991477300,11,0x1C00,0x0000
0.0991507000,11,0x1C00,0x0000
0.0991536600,11,0x1C00,0x0000
0.0991566200,11,0x1C00,0x0000
0.0991595900,11,0x1C00,0x0000
0.0991625500,11,0x1C00,0x0000
0.0991655100,11,0x1C00,0x0000
0.0991684800,11,0x1C00,0x0000
0.0991714400,11,0x1C00,0x0000
0.0991744000,11,0x1C00,0x0000
0.0991773600,11,0x1C00,0x0000
0.0991803300,11,0x1C00,0x0000
0.0991832900,11,0x1C00,0x0000
0.0991862500,11,0x1C00,0x0000
0.0991892200,11,0x1C00,0x0000
0.0991921800,11,0x1C00,0x0000
0.0991951400,11,0x1C00,0x0000
0.0991981100,11,0x1C00,0x0000
0.0992010700,11,0x1C00,0x0000
0.0992040300,11,0x1C00,0x0000
0.0992069900,11,0x1C00,0x0000
0.0992099600,11,0x1C00,0x0000
0.0992129200,11,0x1C00,0x0000
0.0992158800,11,0x1C00,0x0000
0.0992188500,11,0x1C00,0x0000
0.0992218100,11,0x1C00,0x0000
0.0992247700,11,0x1C00,0x0000
0.0992277300,11,0x1C00,0x0000
0.0992307000,11,0x1C00,0x0000
0.0992336600,11,0x1C00,0x0000
0.0992366200,11,0x1C00,0x0000
0.0992395900,11,0x1C00,0x0000
0.0992425500,11,0x1C00,0x0000
0.0992455100,11,0x1C00,0x0000
0.0992484800,11,0x1C00,0x0000
0.0992514400,11,0x1C00,0x0000
0.0992544000,11,0x1C00,0x0000
0.0992573600,11,0x1C00,0x0000
0.0992603300,11,0x1C00,0x0000
0.0992632900,11,0x1C00,0x0000
0.0992662500,11,0x1C00,0x0000
0.0992692200,11,0x1C00,0x0000
0.0992721800,11,0x1C00,0x0000
0.0992751400,11,0x1C00,0x0000
0.0992781100,11,0x1C00,0x0000
0.0992810700,11,0x1C00,0x0000
0.0992840300,11,0x1C00,0x0000
0.0992869900,11,0x1C00,0x0000
0.0992899600,11,0x1C00,0x0000
0.0992929200,11,0x1C00,0x0000
0.0992958800,11,0x1C00,0x0000
0.0992988500,11,0x1C00,0x0000
0.0993018100,11,0x1C00,0x0000
0.0993047700,11,0x1C00,0x0000
0.0993077300,11,0x1C00,0x0000
0.0993107000,11,0x1C00,0x0000
0.0993136600,11,0x1C00,0x0000
0.0993166200,11,0x1C00,0x0000
0.0993195900,11,0x1C00,0x0000
0.0993225500,11,0x1C00,0x0000
0.0993255100,11,0x0000,0x0000
0.0993284800,11,0x0000,0x0000
0.0993314400,11,0x0000,0x0000
