Time [s],Packet ID,MOSI,MISO
0.0009174100,0,0x55AA,0x0000
0.0009218500,0,0x2DEC,0x0000
0.0009262900,0,0x01FF,0x0000
0.0009307400,0,0x1FCD,0x0000
0.0009351800,0,0x1FCD,0x0000
0.0009396300,0,0x1FCD,0x0000
0.0009440700,0,0x1FCD,0x0000
0.0009485200,0,0x1FCD,0x0000
0.0009529600,0,0x1FCD,0x0000
0.0009574100,0,0x1FCD,0x0000
0.0009618500,0,0x1FCD,0x0000
0.0009662900,0,0x1FCD,0x0000
0.0009707400,0,0x1FCD,0x0000
0.0009751800,0,0x1FCD,0x0000
0.0009796300,0,0x1FCD,0x0000
0.0009840700,0,0x1FCD,0x0000
0.0009885200,0,0x1FCD,0x0000
0.0009929600,0,0x1FCD,0x0000
0.0009974100,0,0x1FCD,0x0000
0.0010018500,0,0x1FCD,0x0000
0.0010062900,0,0x1FCD,0x0000
0.0010107400,0,0x1FCD,0x0000
0.0010151800,0,0x1FCD,0x0000
0.0010196300,0,0x1FCD,0x0000
0.0010240700,0,0x1FCD,0x0000
0.0010285200,0,0x1FCD,0x0000
0.0010329600,0,0x1FCD,0x0000
0.0010374100,0,0x1FCD,0x0000
0.0010418500,0,0x1FCD,0x0000
0.0010462900,0,0x1FCD,0x0000
0.0010507400,0,0x1FCD,0x0000
0.0010551800,0,0x1FCD,0x0000
0.0010596300,0,0x1FCD,0x0000
0.0010640700,0,0x1FCD,0x0000
0.0010685200,0,0x1FCD,0x0000
0.0010729600,0,0x1FCD,0x0000
0.0010774100,0,0x1FCD,0x0000
0.0010818500,0,0x1FCD,0x0000
0.0010863000,0,0x1FCD,0x0000
0.0010907400,0,0x1FCD,0x0000
0.0010951800,0,0x1FCD,0x0000
0.0010996300,0,0x1FCD,0x0000
0.0011040700,0,0x1FCD,0x0000
0.0011085200,0,0x1FCD,0x0000
0.0011129600,0,0x1FCD,0x0000
0.0011174100,0,0x1FCD,0x0000
0.0011218500,0,0x1FCD,0x0000
0.0011263000,0,0x1FCD,0x0000
0.0011307400,0,0x1FCD,0x0000
0.0011351800,0,0x1FCD,0x0000
0.0011396300,0,0x1FCD,0x0000
0.0011440700,0,0x1FCD,0x0000
0.0011485200,0,0x1FCD,0x0000
0.0011529600,0,0x1FCD,0x0000
0.0011574100,0,0x1FCD,0x0000
0.0011618500,0,0x1FCD,0x0000
0.0011663000,0,0x1FCD,0x0000
0.0011707400,0,0x1FCD,0x0000
0.0011751800,0,0x1FCD,0x0000
0.0011796300,0,0x1FCD,0x0000
0.0011840700,0,0x1FCD,0x0000
0.0011885200,0,0x1FCD,0x0000
0.0011929600,0,0x1FCD,0x0000
0.0011974100,0,0x1FCD,0x0000
0.0012018500,0,0x1FCD,0x0000
0.0012063000,0,0x1FCD,0x0000
0.0012107400,0,0x1FCD,0x0000
0.0012151800,0,0x1FCD,0x0000
0.0012196300,0,0x1FCD,0x0000
0.0012240700,0,0x1FCD,0x0000
0.0012285200,0,0x1FCD,0x0000
0.0012329600,0,0x1FCD,0x0000
0.0012374100,0,0x1FCD,0x0000
0.0012418500,0,0x1FCD,0x0000
0.0012463000,0,0x1FCD,0x0000
0.0012507400,0,0x1FCD,0x0000
0.0012551900,0,0x1FCD,0x0000
0.0012596300,0,0x1FCD,0x0000
0.0012640700,0,0x1FCD,0x0000
0.0012685200,0,0x1FCD,0x0000
0.0012729600,0,0x1FCD,0x0000
0.0012774100,0,0x1FCD,0x0000
0.0012818500,0,0x1FCD,0x0000
0.0012863000,0,0x1FCD,0x0000
0.0012907400,0,0x1FCD,0x0000
0.0012951900,0,0x1FCD,0x0000
0.0012996300,0,0x1FCD,0x0000
0.0013040700,0,0x1FCD,0x0000
0.0013085200,0,0x1FCD,0x0000
0.0013129600,0,0x1FCD,0x0000
0.0013174100,0,0x1FCD,0x0000
0.0013218500,0,0x1FCD,0x0000
0.0013263000,0,0x1FCD,0x0000
0.0013307400,0,0x1FCD,0x0000
0.0013351900,0,0x1FCD,0x0000
0.0013396300,0,0x1FCD,0x0000
0.0013440700,0,0x1FCD,0x0000
0.0013485200,0,0x1FCD,0x0000
0.0013529600,0,0x1FCD,0x0000
0.0013574100,0,0x1FCD,0x0000
0.0013618500,0,0x1FCD,0x0000
0.0013663000,0,0x1FCD,0x0000
0.0013707400,0,0x1FCD,0x0000
0.0013751900,0,0x1FCD,0x0000
0.0013796300,0,0x1FCD,0x0000
0.0013840700,0,0x1FCD,0x0000
0.0013885200,0,0x1FCD,0x0000
0.0013929600,0,0x1FCD,0x0000
0.0013974100,0,0x1FCD,0x0000
0.0014018500,0,0x1FCD,0x0000
0.0014063000,0,0x1FCD,0x0000
0.0014107400,0,0x1FCD,0x0000
0.0014151900,0,0x1FCD,0x0000
0.0014196300,0,0x1FCD,0x0000
0.0014240700,0,0x1FCD,0x0000
0.0014285200,0,0x1FCD,0x0000
0.0014329600,0,0x1FCD,0x0000
0.0014374100,0,0x1FCD,0x0000
0.0014418500,0,0x1FCD,0x0000
0.0014463000,0,0x1FCD,0x0000
0.0014507400,0,0x1FCD,0x0000
0.0014551900,0,0x1FCD,0x0000
0.0014596300,0,0x1FCD,0x0000
0.0014640800,0,0x1FCD,0x0000
0.0014685200,0,0x1FCD,0x0000
0.0014729600,0,0x1FCD,0x0000
0.0014774100,0,0x1FCD,0x0000
0.0014818500,0,0x1FCD,0x0000
0.0014863000,0,0x1FCD,0x0000
0.0014907400,0,0x1FCD,0x0000
0.0014951900,0,0x1FCD,0x0000
0.0014996300,0,0x1FCD,0x0000
0.0015040800,0,0x1FCD,0x0000
0.0015085200,0,0x1FCD,0x0000
0.0015129600,0,0x1FCD,0x0000
0.0015174100,0,0x1FCD,0x0000
0.0015218500,0,0x1FCD,0x0000
0.0015263000,0,0x1FCD,0x0000
0.0015307400,0,0x1FCD,0x0000
0.0015351900,0,0x1FCD,0x0000
0.0015396300,0,0x1FCD,0x0000
0.0015440700,0,0x1FCD,0x0000
0.0015485200,0,0x1FCD,0x0000
0.0015529600,0,0x1FCD,0x0000
0.0015574100,0,0x1FCD,0x0000
0.0015618500,0,0x1FCD,0x0000
0.0015663000,0,0x1FCD,0x0000
0.0015707400,0,0x1FCD,0x0000
0.0015751900,0,0x1FCD,0x0000
0.0015796300,0,0x1FCD,0x0000
0.0015840800,0,0x1FCD,0x0000
0.0015885200,0,0x1FCD,0x0000
0.0015929600,0,0x1FCD,0x0000
0.0015974100,0,0x1FCD,0x0000
0.0016018500,0,0x1FCD,0x0000
0.0016063000,0,0x1FCD,0x0000
0.0016107400,0,0x1FCD,0x0000
0.0016151900,0,0x1FCD,0x0000
0.0016196300,0,0x1FCD,0x0000
0.0016240800,0,0x1FCD,0x0000
0.0016285200,0,0x1FCD,0x0000
0.0016329600,0,0x1FCD,0x0000
0.0016374100,0,0x1FCD,0x0000
0.0016418500,0,0x1FCD,0x0000
0.0016463000,0,0x1FCD,0x0000
0.0016507400,0,0x1FCD,0x0000
0.0016551900,0,0x1FCD,0x0000
0.0016596300,0,0x1FCD,0x0000
0.0016640800,0,0x1FCD,0x0000
0.0016685200,0,0x1FCD,0x0000
0.0016729600,0,0x1FCD,0x0000
0.0016774100,0,0x1FCD,0x0000
0.0016818500,0,0x1FCD,0x0000
0.0016863000,0,0x1FCD,0x0000
0.0016907400,0,0x1FCD,0x0000
0.0016951900,0,0x1FCD,0x0000
0.0016996300,0,0x1FCD,0x0000
0.0017040800,0,0x1FCD,0x0000
0.0017085200,0,0x1FCD,0x0000
0.0017129600,0,0x1FCD,0x0000
0.0017174100,0,0x1FCD,0x0000
0.0017218500,0,0x1FCD,0x0000
0.0017263000,0,0x1FCD,0x0000
0.0017307400,0,0x1FCD,0x0000
0.0017351900,0,0x1FCD,0x0000
0.0017396300,0,0x1FCD,0x0000
0.0017440800,0,0x1FCD,0x0000
0.0017485200,0,0x1FCD,0x0000
0.0017529600,0,0x1FCD,0x0000
0.0017574100,0,0x1FCD,0x0000
0.0017618500,0,0x1FCD,0x0000
0.0017663000,0,0x1FCD,0x0000
0.0017707400,0,0x1FCD,0x0000
0.0017751900,0,0x1FCD,0x0000
0.0017796300,0,0x1FCD,0x0000
0.0017840800,0,0x1FCD,0x0000
0.0017885200,0,0x1FCD,0x0000
0.0017929600,0,0x1FCD,0x0000
0.0017974100,0,0x1FCD,0x0000
0.0018018500,0,0x1FCD,0x0000
0.0018063000,0,0x1FCD,0x0000
0.0018107400,0,0x1FCD,0x0000
0.0018151900,0,0x1FCD,0x0000
0.0018196300,0,0x1FCD,0x0000
0.0018240800,0,0x1FCD,0x0000
0.0018285200,0,0x1FCD,0x0000
0.0018329600,0,0x1FCD,0x0000
0.0018374100,0,0x1FCD,0x0000
0.0018418500,0,0x1FCD,0x0000
0.0018463000,0,0x1FCD,0x0000
0.0018507400,0,0x1FCD,0x0000
0.0018551900,0,0x1FCD,0x0000
0.0018596300,0,0x1FCD,0x0000
0.0018640800,0,0x1FCD,0x0000
0.0018685200,0,0x1FCD,0x0000
0.0018729600,0,0x1FCD,0x0000
0.0018774100,0,0x1FCD,0x0000
0.0018818500,0,0x1FCD,0x0000
0.0018863000,0,0x1FCD,0x0000
0.0018907400,0,0x1FCD,0x0000
0.0018951900,0,0x1FCD,0x0000
0.0018996300,0,0x1FCD,0x0000
0.0019040800,0,0x1FCD,0x0000
0.0019085200,0,0x1FCD,0x0000
0.0019129600,0,0x1FCD,0x0000
0.0019174100,0,0x1FCD,0x0000
0.0019218600,0,0x1FCD,0x0000
0.0019263000,0,0x1FCD,0x0000
0.0019307400,0,0x1FCD,0x0000
0.0019351900,0,0x1FCD,0x0000
0.0019396300,0,0x1FCD,0x0000
0.0019440800,0,0x1FCD,0x0000
0.0019485200,0,0x1FCD,0x0000
0.0019529700,0,0x1FCD,0x0000
0.0019574100,0,0x1FCD,0x0000
0.0019618600,0,0x1FCD,0x0000
0.0019663000,0,0x1FCD,0x0000
0.0019707400,0,0x1FCD,0x0000
0.0019751900,0,0x1FCD,0x0000
0.0019796300,0,0x1FCD,0x0000
0.0019840800,0,0x1FCD,0x0000
0.0019885200,0,0x1FCD,0x0000
0.0019929700,0,0x1FCD,0x0000
0.0019974100,0,0x1FCD,0x0000
0.0020018600,0,0x1FCD,0x0000
0.0020063000,0,0x1FCD,0x0000
0.0020107400,0,0x1FCD,0x0000
0.0020151900,0,0x1FCD,0x0000
0.0020196300,0,0x1FCD,0x0000
0.0020240800,0,0x1FCD,0x0000
0.0020285200,0,0x1FCD,0x0000
0.0020329700,0,0x1FCD,0x0000
0.0020374100,0,0x1FCD,0x0000
0.0020418600,0,0x1FCD,0x0000
0.0020463000,0,0x1FCD,0x0000
0.0020507400,0,0x1FCD,0x0000
0.0020551900,0,0x1FCD,0x0000
0.0020596300,0,0x1FCD,0x0000
0.0020640800,0,0x1FCD,0x0000
0.0020685200,0,0x1FCD,0x0000
0.0020729700,0,0x1FCD,0x0000
0.0020774100,0,0x1FCD,0x0000
0.0020818600,0,0x1FCD,0x0000
0.0020863000,0,0x1FCD,0x0000
0.0020907400,0,0x1FCD,0x0000
0.0020951900,0,0x1FCD,0x0000
0.0020996300,0,0x1FCD,0x0000
0.0021040800,0,0x1FCD,0x0000
0.0021085200,0,0x1FCD,0x0000
0.0021129700,0,0x1FCD,0x0000
0.0021174100,0,0x1FCD,0x0000
0.0021218600,0,0x1FCD,0x0000
0.0021263000,0,0x1FCD,0x0000
0.0021307500,0,0x1FCD,0x0000
0.0021351900,0,0x1FCD,0x0000
0.0021396300,0,0x1FCD,0x0000
0.0021440800,0,0x1FCD,0x0000
0.0021485200,0,0x1FCD,0x0000
0.0021529700,0,0x1FCD,0x0000
0.0021574100,0,0x1FCD,0x0000
0.0021618600,0,0x1FCD,0x0000
0.0021663000,0,0x1FCD,0x0000
0.0021707500,0,0x1FCD,0x0000
0.0021751900,0,0x1FCD,0x0000
0.0021796300,0,0x1FCD,0x0000
0.0021840800,0,0x1FCD,0x0000
0.0021885200,0,0x1FCD,0x0000
0.0021929700,0,0x1FCD,0x0000
0.0021974100,0,0x1FCD,0x0000
0.0022018600,0,0x1FCD,0x0000
0.0022063000,0,0x1FCD,0x0000
0.0022107500,0,0x1FCD,0x0000
0.0022151900,0,0x1FCD,0x0000
0.0022196300,0,0x1FCD,0x0000
0.0022240800,0,0x1FCD,0x0000
0.0022285200,0,0x1FCD,0x0000
0.0022329700,0,0x1FCD,0x0000
0.0022374100,0,0x1FCD,0x0000
0.0022418600,0,0x1FCD,0x0000
0.0022463000,0,0x1FCD,0x0000
0.0022507500,0,0x1FCD,0x0000
0.0022551900,0,0x1FCD,0x0000
0.0022596300,0,0x1FCD,0x0000
0.0022640800,0,0x1FCD,0x0000
0.0022685200,0,0x1FCD,0x0000
0.0022729700,0,0x1FCD,0x0000
0.0022774100,0,0x1FCD,0x0000
0.0022818600,0,0x1FCD,0x0000
0.0022863000,0,0x1FCD,0x0000
0.0022907500,0,0x1FCD,0x0000
0.0022951900,0,0x1FCD,0x0000
0.0022996300,0,0x1FCD,0x0000
0.0023040800,0,0x1FCD,0x0000
0.0023085200,0,0x1FCD,0x0000
0.0023129700,0,0x1FCD,0x0000
0.0023174100,0,0x1FCD,0x0000
0.0023218600,0,0x1FCD,0x0000
0.0023263000,0,0x1FCD,0x0000
0.0023307500,0,0x1FCD,0x0000
0.0023351900,0,0x1FCD,0x0000
0.0023396300,0,0x1FCD,0x0000
0.0023440800,0,0x1FCD,0x0000
0.0023485200,0,0x1FCD,0x0000
0.0023529700,0,0x1FCD,0x0000
0.0023574100,0,0x1FCD,0x0000
0.0023618600,0,0x1FCD,0x0000
0.0023663000,0,0x1FCD,0x0000
0.0023707500,0,0x1FCD,0x0000
0.0023751900,0,0x1FCD,0x0000
0.0023796300,0,0x1FCD,0x0000
0.0023840800,0,0x1FCD,0x0000
0.0023885200,0,0x1FCD,0x0000
0.0023929700,0,0x1FCD,0x0000
0.0023974100,0,0x1FCD,0x0000
0.0024018600,0,0x1FCD,0x0000
0.0024063000,0,0x1FCD,0x0000
0.0024107500,0,0x1FCD,0x0000
0.0024151900,0,0x1FCD,0x0000
0.0024196300,0,0x1FCD,0x0000
0.0024240800,0,0x1FCD,0x0000
0.0024285200,0,0x1FCD,0x0000
0.0024329700,0,0x1FCD,0x0000
0.0024374100,0,0x1FCD,0x0000
0.0024418600,0,0x1FCD,0x0000
0.0024463000,0,0x1FCD,0x0000
0.0024507500,0,0x1FCD,0x0000
0.0024551900,0,0x1FCD,0x0000
0.0024596400,0,0x1FCD,0x0000
0.0024640800,0,0x1FCD,0x0000
0.0024685200,0,0x1FCD,0x0000
0.0024729700,0,0x1FCD,0x0000
0.0024774100,0,0x1FCD,0x0000
0.0024818600,0,0x1FCD,0x0000
0.0024863000,0,0x1FCD,0x0000
0.0024907500,0,0x1FCD,0x0000
0.0024951900,0,0x1FCD,0x0000
0.0024996400,0,0x1FCD,0x0000
0.0025040800,0,0x1FCD,0x0000
0.0025085200,0,0x1FCD,0x0000
0.0025129700,0,0x1FCD,0x0000
0.0025174100,0,0x1FCD,0x0000
0.0025218600,0,0x1FCD,0x0000
0.0025263000,0,0x1FCD,0x0000
0.0025307500,0,0x1FCD,0x0000
0.0025351900,0,0x1FCD,0x0000
0.0025396400,0,0x1FCD,0x0000
0.0025440800,0,0x1FCD,0x0000
0.0025485200,0,0x1FCD,0x0000
0.0025529700,0,0x1FCD,0x0000
0.0025574100,0,0x1FCD,0x0000
0.0025618600,0,0x1FCD,0x0000
0.0025663000,0,0x1FCD,0x0000
0.0025707500,0,0x1FCD,0x0000
0.0025751900,0,0x1FCD,0x0000
0.0025796400,0,0x1FCD,0x0000
0.0025840800,0,0x1FCD,0x0000
0.0025885200,0,0x1FCD,0x0000
0.0025929700,0,0x1FCD,0x0000
0.0025974100,0,0x1FCD,0x0000
0.0026018600,0,0x1FCD,0x0000
0.0026063000,0,0x1FCD,0x0000
0.0026107500,0,0x1FCD,0x0000
0.0026151900,0,0x1FCD,0x0000
0.0026196400,0,0x1FCD,0x0000
0.0026240800,0,0x1FCD,0x0000
0.0026285300,0,0x1FCD,0x0000
0.0026329700,0,0x1FCD,0x0000
0.0026374100,0,0x1FCD,0x0000
0.0026418600,0,0x1FCD,0x0000
0.0026463000,0,0x1FCD,0x0000
0.0026507500,0,0x1FCD,0x0000
0.0026551900,0,0x1FCD,0x0000
0.0026596400,0,0x1FCD,0x0000
0.0026640800,0,0x1FCD,0x0000
0.0026685300,0,0x1FCD,0x0000
0.0026729700,0,0x1FCD,0x0000
0.0026774100,0,0x1FCD,0x0000
0.0026818600,0,0x1FCD,0x0000
0.0026863000,0,0x1FCD,0x0000
0.0026907500,0,0x1FCD,0x0000
0.0026951900,0,0x1FCD,0x0000
0.0026996400,0,0x1FCD,0x0000
0.0027040800,0,0x1FCD,0x0000
0.0027085300,0,0x1FCD,0x0000
0.0027129700,0,0x1FCD,0x0000
0.0027174100,0,0x1FCD,0x0000
0.0027218600,0,0x1FCD,0x0000
0.0027263000,0,0x1FCD,0x0000
0.0027307500,0,0x1FCD,0x0000
0.0027351900,0,0x1FCD,0x0000
0.0027396400,0,0x1FCD,0x0000
0.0027440800,0,0x1FCD,0x0000
0.0027485300,0,0x1FCD,0x0000
0.0027529700,0,0x1FCD,0x0000
0.0027574100,0,0x1FCD,0x0000
0.0027618600,0,0x1FCD,0x0000
0.0027663000,0,0x1FCD,0x0000
0.0027707500,0,0x1FCD,0x0000
0.0027751900,0,0x1FCD,0x0000
0.0027796400,0,0x1FCD,0x0000
0.0027840800,0,0x1FCD,0x0000
0.0027885300,0,0x1FCD,0x0000
0.0027929700,0,0x1FCD,0x0000
0.0027974100,0,0x1FCD,0x0000
0.0028018600,0,0x1FCD,0x0000
0.0028063000,0,0x1FCD,0x0000
0.0028107500,0,0x1FCD,0x0000
0.0028151900,0,0x1FCD,0x0000
0.0028196400,0,0x1FCD,0x0000
0.0028240800,0,0x1FCD,0x0000
0.0028285300,0,0x1FCD,0x0000
0.0028329700,0,0x1FCD,0x0000
0.0028374100,0,0x1FCD,0x0000
0.0028418600,0,0x1FCD,0x0000
0.0028463000,0,0x1FCD,0x0000
0.0028507500,0,0x1FCD,0x0000
0.0028551900,0,0x1FCD,0x0000
0.0028596400,0,0x1FCD,0x0000
0.0028640800,0,0x1FCD,0x0000
0.0028685300,0,0x1FCD,0x0000
0.0028729700,0,0x1FCD,0x0000
0.0028774100,0,0x1FCD,0x0000
0.0028818600,0,0x1FCD,0x0000
0.0028863000,0,0x1FCD,0x0000
0.0028907500,0,0x1FCD,0x0000
0.0028951900,0,0x1FCD,0x0000
0.0028996400,0,0x1FCD,0x0000
0.0029040800,0,0x1FCD,0x0000
0.0029085300,0,0x1FCD,0x0000
0.0029129700,0,0x1FCD,0x0000
0.0029174100,0,0x1FCD,0x0000
0.0029218600,0,0x1FCD,0x0000
0.0029263000,0,0x1FCD,0x0000
0.0029307500,0,0x1FCD,0x0000
0.0029351900,0,0x1FCD,0x0000
0.0029396400,0,0x1FCD,0x0000
0.0029440800,0,0x1FCD,0x0000
0.0029485300,0,0x1FCD,0x0000
0.0029529700,0,0x1FCD,0x0000
0.0029574100,0,0x1FCD,0x0000
0.0029618600,0,0x1FCD,0x0000
0.0029663000,0,0x1FCD,0x0000
0.0029707500,0,0x1FCD,0x0000
0.0029751900,0,0x1FCD,0x0000
0.0029796400,0,0x1FCD,0x0000
0.0029840800,0,0x1FCD,0x0000
0.0029885300,0,0x1FCD,0x0000
0.0029929700,0,0x1FCD,0x0000
0.0029974100,0,0x1FCD,0x0000
0.0030018600,0,0x1FCD,0x0000
0.0030063000,0,0x1FCD,0x0000
0.0030107500,0,0x1FCD,0x0000
0.0030151900,0,0x1FCD,0x0000
0.0030196400,0,0x1FCD,0x0000
0.0030240800,0,0x1FCD,0x0000
0.0030285300,0,0x1FCD,0x0000
0.0030329700,0,0x1FCD,0x0000
0.0030374200,0,0x1FCD,0x0000
0.0030418600,0,0x1FCD,0x0000
0.0030463100,0,0x1FCD,0x0000
0.0030507500,0,0x1FCD,0x0000
0.0030551900,0,0x1FCD,0x0000
0.0030596400,0,0x1FCD,0x0000
0.0030640800,0,0x1FCD,0x0000
0.0030685300,0,0x1FCD,0x0000
0.0030729700,0,0x1FCD,0x0000
0.0030774200,0,0x1FCD,0x0000
0.0030818600,0,0x1FCD,0x0000
0.0030863100,0,0x1FCD,0x0000
0.0030907500,0,0x1FCD,0x0000
0.0030951900,0,0x1FCD,0x0000
0.0030996400,0,0x1FCD,0x0000
0.0031040800,0,0x1FCD,0x0000
0.0031085300,0,0x1FCD,0x0000
0.0031129700,0,0x1FCD,0x0000
0.0031174200,0,0x1FCD,0x0000
0.0031218600,0,0x1FCD,0x0000
0.0031263100,0,0x1FCD,0x0000
0.0031307500,0,0x1FCD,0x0000
0.0031351900,0,0x1FCD,0x0000
0.0031396400,0,0x1FCD,0x0000
0.0031440800,0,0x1FCD,0x0000
0.0031485300,0,0x1FCD,0x0000
0.0031529700,0,0x1FCD,0x0000
0.0031574200,0,0x1FCD,0x0000
0.0031618600,0,0x1FCD,0x0000
0.0031663100,0,0x1FCD,0x0000
0.0031707500,0,0x1FCD,0x0000
0.0031751900,0,0x1FCD,0x0000
0.0031796400,0,0x1FCD,0x0000
0.0031840800,0,0x1FCD,0x0000
0.0031885300,0,0x1FCD,0x0000
0.0031929700,0,0x1FCD,0x0000
0.0031974200,0,0x1FCD,0x0000
0.0032018600,0,0x1FCD,0x0000
0.0032063100,0,0x1FCD,0x0000
0.0032107500,0,0x1FCD,0x0000
0.0032151900,0,0x1FCD,0x0000
0.0032196400,0,0x1FCD,0x0000
0.0032240800,0,0x1FCD,0x0000
0.0032285300,0,0x1FCD,0x0000
0.0032329700,0,0x1FCD,0x0000
0.0032374200,0,0x1FCD,0x0000
0.0032418600,0,0x1FCD,0x0000
0.0032463100,0,0x1FCD,0x0000
0.0032507500,0,0x1FCD,0x0000
0.0032551900,0,0x1FCD,0x0000
0.0032596400,0,0x1FCD,0x0000
0.0032640800,0,0x1FCD,0x0000
0.0032685300,0,0x1FCD,0x0000
0.0032729700,0,0x1FCD,0x0000
0.0032774200,0,0x1FCD,0x0000
0.0032818600,0,0x1FCD,0x0000
0.0032863100,0,0x1FCD,0x0000
0.0032907500,0,0x1FCD,0x0000
0.0032952000,0,0x1FCD,0x0000
0.0032996400,0,0x1FCD,0x0000
0.0033040800,0,0x1FCD,0x0000
0.0033085300,0,0x1FCD,0x0000
0.0033129700,0,0x1FCD,0x0000
0.0033174200,0,0x1FCD,0x0000
0.0033218600,0,0x1FCD,0x0000
0.0033263100,0,0x1FCD,0x0000
0.0033307500,0,0x1FCD,0x0000
0.0033352000,0,0x1FCD,0x0000
0.0033396400,0,0x1FCD,0x0000
0.0033440800,0,0x1FCD,0x0000
0.0033485300,0,0x1FCD,0x0000
0.0033529700,0,0x1FCD,0x0000
0.0033574200,0,0x1FCD,0x0000
0.0033618600,0,0x1FCD,0x0000
0.0033663100,0,0x1FCD,0x0000
0.0033707500,0,0x1FCD,0x0000
0.0033752000,0,0x1FCD,0x0000
0.0033796400,0,0x1FCD,0x0000
0.0033840800,0,0x1FCD,0x0000
0.0033885300,0,0x1FCD,0x0000
0.0033929700,0,0x1FCD,0x0000
0.0033974200,0,0x1FCD,0x0000
0.0034018600,0,0x1FCD,0x0000
0.0034063100,0,0x1FCD,0x0000
0.0034107500,0,0x1FCD,0x0000
0.0034152000,0,0x1FCD,0x0000
0.0034196400,0,0x1FCD,0x0000
0.0034240800,0,0x1FCD,0x0000
0.0034285300,0,0x1FCD,0x0000
0.0034329700,0,0x1FCD,0x0000
0.0034374200,0,0x1FCD,0x0000
0.0034418600,0,0x1FCD,0x0000
0.0034463100,0,0x1FCD,0x0000
0.0034507500,0,0x1FCD,0x0000
0.0034552000,0,0x1FCD,0x0000
0.0034596400,0,0x1FCD,0x0000
0.0034640800,0,0x1FCD,0x0000
0.0034685300,0,0x1FCD,0x0000
0.0034729700,0,0x1FCD,0x0000
0.0034774200,0,0x1FCD,0x0000
0.0034818600,0,0x1FCD,0x0000
0.0034863100,0,0x1FCD,0x0000
0.0034907500,0,0x1FCD,0x0000
0.0034952000,0,0x1FCD,0x0000
0.0034996400,0,0x1FCD,0x0000
0.0035040800,0,0x1FCD,0x0000
0.0035085300,0,0x1FCD,0x0000
0.0035129700,0,0x1FCD,0x0000
0.0035174200,0,0x1FCD,0x0000
0.0035218600,0,0x1FCD,0x0000
0.0035263100,0,0x1FCD,0x0000
0.0035307500,0,0x1FCD,0x0000
0.0035352000,0,0x1FCD,0x0000
0.0035396400,0,0x1FCD,0x0000
0.0035440900,0,0x1FCD,0x0000
0.0035485300,0,0x1FCD,0x0000
0.0035529700,0,0x1FCD,0x0000
0.0035574200,0,0x1FCD,0x0000
0.0035618600,0,0x1FCD,0x0000
0.0035663100,0,0x1FCD,0x0000
0.0035707500,0,0x1FCD,0x0000
0.0035752000,0,0x1FCD,0x0000
0.0035796400,0,0x1FCD,0x0000
0.0035840900,0,0x1FCD,0x0000
0.0035885300,0,0x1FCD,0x0000
0.0035929700,0,0x1FCD,0x0000
0.0035974200,0,0x1FCD,0x0000
0.0036018600,0,0x1FCD,0x0000
0.0036063100,0,0x1FCD,0x0000
0.0036107500,0,0x1FCD,0x0000
0.0036152000,0,0x1FCD,0x0000
0.0036196400,0,0x1FCD,0x0000
0.0036240900,0,0x1FCD,0x0000
0.0036285300,0,0x1FCD,0x0000
0.0036329700,0,0x1FCD,0x0000
0.0036374200,0,0x1FCD,0x0000
0.0036418600,0,0x1FCD,0x0000
0.0036463100,0,0x1FCD,0x0000
0.0036507500,0,0x1FCD,0x0000
0.0036552000,0,0x1FCD,0x0000
0.0036596400,0,0x1FCD,0x0000
0.0036640900,0,0x1FCD,0x0000
0.0036685300,0,0x1FCD,0x0000
0.0036729700,0,0x1FCD,0x0000
0.0036774200,0,0x1FCD,0x0000
0.0036818600,0,0x1FCD,0x0000
0.0036863100,0,0x1FCD,0x0000
0.0036907500,0,0x1FCD,0x0000
0.0036952000,0,0x1FCD,0x0000
0.0036996400,0,0x1FCD,0x0000
0.0037040900,0,0x1FCD,0x0000
0.0037085300,0,0x1FCD,0x0000
0.0037129800,0,0x1FCD,0x0000
0.0037174200,0,0x1FCD,0x0000
0.0037218600,0,0x1FCD,0x0000
0.0037263100,0,0x1FCD,0x0000
0.0037307500,0,0x1FCD,0x0000
0.0037352000,0,0x1FCD,0x0000
0.0037396400,0,0x1FCD,0x0000
0.0037440900,0,0x1FCD,0x0000
0.0037485300,0,0x1FCD,0x0000
0.0037529800,0,0x1FCD,0x0000
0.0037574200,0,0x1FCD,0x0000
0.0037618600,0,0x1FCD,0x0000
0.0037663100,0,0x1FCD,0x0000
0.0037707500,0,0x1FCD,0x0000
0.0037752000,0,0x1FCD,0x0000
0.0037796400,0,0x1FCD,0x0000
0.0037840900,0,0x1FCD,0x0000
0.0037885300,0,0x1FCD,0x0000
0.0037929800,0,0x1FCD,0x0000
0.0037974200,0,0x1FCD,0x0000
0.0038018600,0,0x1FCD,0x0000
0.0038063100,0,0x1FCD,0x0000
0.0038107500,0,0x1FCD,0x0000
0.0038152000,0,0x1FCD,0x0000
0.0038196400,0,0x1FCD,0x0000
0.0038240900,0,0x1FCD,0x0000
0.0038285300,0,0x1FCD,0x0000
0.0038329800,0,0x1FCD,0x0000
0.0038374200,0,0x1FCD,0x0000
0.0038418600,0,0x1FCD,0x0000
0.0038463100,0,0x1FCD,0x0000
0.0038507500,0,0x1FCD,0x0000
0.0038552000,0,0x1FCD,0x0000
0.0038596400,0,0x1FCD,0x0000
0.0038640900,0,0x1FCD,0x0000
0.0038685300,0,0x1FCD,0x0000
0.0038729800,0,0x1FCD,0x0000
0.0038774200,0,0x1FCD,0x0000
0.0038818600,0,0x1FCD,0x0000
0.0038863100,0,0x1FCD,0x0000
0.0038907500,0,0x1FCD,0x0000
0.0038952000,0,0x1FCD,0x0000
0.0038996400,0,0x1FCD,0x0000
0.0039040900,0,0x1FCD,0x0000
0.0039085300,0,0x1FCD,0x0000
0.0039129800,0,0x1FCD,0x0000
0.0039174200,0,0x1FCD,0x0000
0.0039218600,0,0x1FCD,0x0000
0.0039263100,0,0x1FCD,0x0000
0.0039307500,0,0x1FCD,0x0000
0.0039352000,0,0x1FCD,0x0000
0.0039396400,0,0x1FCD,0x0000
0.0039440900,0,0x1FCD,0x0000
0.0039485300,0,0x1FCD,0x0000
0.0039529800,0,0x1FCD,0x0000
0.0039574200,0,0x1FCD,0x0000
0.0039618600,0,0x1FCD,0x0000
0.0039663100,0,0x1FCD,0x0000
0.0039707500,0,0x1FCD,0x0000
0.0039752000,0,0x1FCD,0x0000
0.0039796400,0,0x1FCD,0x0000
0.0039840900,0,0x1FCD,0x0000
0.0039885300,0,0x1FCD,0x0000
0.0039929800,0,0x1FCD,0x0000
0.0039974200,0,0x1FCD,0x0000
0.0040018600,0,0x1FCD,0x0000
0.0040063100,0,0x1FCD,0x0000
0.0040107500,0,0x1FCD,0x0000
0.0040152000,0,0x1FCD,0x0000
0.0040196400,0,0x1FCD,0x0000
0.0040240900,0,0x1FCD,0x0000
0.0040285300,0,0x1FCD,0x0000
0.0040329800,0,0x1FCD,0x0000
0.0040374200,0,0x1FCD,0x0000
0.0040418600,0,0x1FCD,0x0000
0.0040463100,0,0x1FCD,0x0000
0.0040507500,0,0x1FCD,0x0000
0.0040552000,0,0x1FCD,0x0000
0.0040596400,0,0x1FCD,0x0000
0.0040640900,0,0x1FCD,0x0000
0.0040685300,0,0x1FCD,0x0000
0.0040729800,0,0x1FCD,0x0000
0.0040774200,0,0x1FCD,0x0000
0.0040818600,0,0x1FCD,0x0000
0.0040863100,0,0x1FCD,0x0000
0.0040907500,0,0x1FCD,0x0000
0.0040952000,0,0x1FCD,0x0000
0.0040996400,0,0x1FCD,0x0000
0.0041040900,0,0x1FCD,0x0000
0.0041085300,0,0x1FCD,0x0000
0.0041129800,0,0x1FCD,0x0000
0.0041174200,0,0x1FCD,0x0000
0.0041218600,0,0x1FCD,0x0000
0.0041263100,0,0x1FCD,0x0000
0.0041307500,0,0x0000,0x0000
0.0041352000,0,0x0000,0x0000
0.0041396400,0,0x0000,0x0000
0.0092507900,1,0x55AA,0x0000
0.0092552200,1,0x2DEC,0x0000
0.0092596700,1,0x01FF,0x0000
0.0092641100,1,0x1FCD,0x0000
0.0092685600,1,0x1FCD,0x0000
0.0092730000,1,0x1FCD,0x0000
0.0092774500,1,0x1FCD,0x0000
0.0092818900,1,0x1FCD,0x0000
0.0092863400,1,0x1FCD,0x0000
0.0092907800,1,0x1FCD,0x0000
0.0092952200,1,0x1FCD,0x0000
0.0092996700,1,0x1FCD,0x0000
0.0093041100,1,0x1FCD,0x0000
0.0093085600,1,0x1FCD,0x0000
0.0093130000,1,0x1FCD,0x0000
0.0093174500,1,0x1FCD,0x0000
0.0093218900,1,0x1FCD,0x0000
0.0093263400,1,0x1FCD,0x0000
0.0093307800,1,0x1FCD,0x0000
0.0093352300,1,0x1FCD,0x0000
0.0093396700,1,0x1FCD,0x0000
0.0093441100,1,0x1FCD,0x0000
0.0093485600,1,0x1FCD,0x0000
0.0093530000,1,0x1FCD,0x0000
0.0093574500,1,0x1FCD,0x0000
0.0093618900,1,0x1FCD,0x0000
0.0093663400,1,0x1FCD,0x0000
0.0093707800,1,0x1FCD,0x0000
0.0093752300,1,0x1FCD,0x0000
0.0093796700,1,0x1FCD,0x0000
0.0093841100,1,0x1FCD,0x0000
0.0093885600,1,0x1FCD,0x0000
0.0093930000,1,0x1FCD,0x0000
0.0093974500,1,0x1FCD,0x0000
0.0094018900,1,0x1FCD,0x0000
0.0094063400,1,0x1FCD,0x0000
0.0094107800,1,0x1FCD,0x0000
0.0094152300,1,0x1FCD,0x0000
0.0094196700,1,0x1FCD,0x0000
0.0094241100,1,0x1FCD,0x0000
0.0094285600,1,0x1FCD,0x0000
0.0094330000,1,0x1FCD,0x0000
0.0094374500,1,0x1FCD,0x0000
0.0094418900,1,0x1FCD,0x0000
0.0094463400,1,0x1FCD,0x0000
0.0094507800,1,0x1FCD,0x0000
0.0094552300,1,0x1FCD,0x0000
0.0094596700,1,0x1FCD,0x0000
0.0094641100,1,0x1FCD,0x0000
0.0094685600,1,0x1FCD,0x0000
0.0094730000,1,0x1FCD,0x0000
0.0094774500,1,0x1FCD,0x0000
0.0094818900,1,0x1FCD,0x0000
0.0094863400,1,0x1FCD,0x0000
0.0094907800,1,0x1FCD,0x0000
0.0094952300,1,0x1FCD,0x0000
0.0094996700,1,0x1FCD,0x0000
0.0095041100,1,0x1FCD,0x0000
0.0095085600,1,0x1FCD,0x0000
0.0095130000,1,0x1FCD,0x0000
0.0095174500,1,0x1FCD,0x0000
0.0095218900,1,0x1FCD,0x0000
0.0095263400,1,0x1FCD,0x0000
0.0095307800,1,0x1FCD,0x0000
0.0095352300,1,0x1FCD,0x0000
0.0095396700,1,0x1FCD,0x0000
0.0095441100,1,0x1FCD,0x0000
0.0095485600,1,0x1FCD,0x0000
0.0095530000,1,0x1FCD,0x0000
0.0095574500,1,0x1FCD,0x0000
0.0095618900,1,0x1FCD,0x0000
0.0095663400,1,0x1FCD,0x0000
0.0095707800,1,0x1FCD,0x0000
0.0095752300,1,0x1FCD,0x0000
0.0095796700,1,0x1FCD,0x0000
0.0095841100,1,0x1FCD,0x0000
0.0095885600,1,0x1FCD,0x0000
0.0095930000,1,0x1FCD,0x0000
0.0095974500,1,0x1FCD,0x0000
0.0096018900,1,0x1FCD,0x0000
0.0096063400,1,0x1FCD,0x0000
0.0096107800,1,0x1FCD,0x0000
0.0096152300,1,0x1FCD,0x0000
0.0096196700,1,0x1FCD,0x0000
0.0096241100,1,0x1FCD,0x0000
0.0096285600,1,0x1FCD,0x0000
0.0096330000,1,0x1FCD,0x0000
0.0096374500,1,0x1FCD,0x0000
0.0096418900,1,0x1FCD,0x0000
0.0096463400,1,0x1FCD,0x0000
0.0096507800,1,0x1FCD,0x0000
0.0096552300,1,0x1FCD,0x0000
0.0096596700,1,0x1FCD,0x0000
0.0096641100,1,0x1FCD,0x0000
0.0096685600,1,0x1FCD,0x0000
0.0096730000,1,0x1FCD,0x0000
0.0096774500,1,0x1FCD,0x0000
0.0096818900,1,0x1FCD,0x0000
0.0096863400,1,0x1FCD,0x0000
0.0096907800,1,0x1FCD,0x0000
0.0096952300,1,0x1FCD,0x0000
0.0096996700,1,0x1FCD,0x0000
0.0097041100,1,0x1FCD,0x0000
0.0097085600,1,0x1FCD,0x0000
0.0097130000,1,0x1FCD,0x0000
0.0097174500,1,0x1FCD,0x0000
0.0097218900,1,0x1FCD,0x0000
0.0097263400,1,0x1FCD,0x0000
0.0097307800,1,0x1FCD,0x0000
0.0097352300,1,0x1FCD,0x0000
0.0097396700,1,0x1FCD,0x0000
0.0097441100,1,0x1FCD,0x0000
0.0097485600,1,0x1FCD,0x0000
0.0097530000,1,0x1FCD,0x0000
0.0097574500,1,0x1FCD,0x0000
0.0097618900,1,0x1FCD,0x0000
0.0097663400,1,0x1FCD,0x0000
0.0097707800,1,0x1FCD,0x0000
0.0097752300,1,0x1FCD,0x0000
0.0097796700,1,0x1FCD,0x0000
0.0097841200,1,0x1FCD,0x0000
0.0097885600,1,0x1FCD,0x0000
0.0097930000,1,0x1FCD,0x0000
0.0097974500,1,0x1FCD,0x0000
0.0098018900,1,0x1FCD,0x0000
0.0098063400,1,0x1FCD,0x0000
0.0098107800,1,0x1FCD,0x0000
0.0098152300,1,0x1FCD,0x0000
0.0098196700,1,0x1FCD,0x0000
0.0098241200,1,0x1FCD,0x0000
0.0098285600,1,0x1FCD,0x0000
0.0098330100,1,0x1FCD,0x0000
0.0098374500,1,0x1FCD,0x0000
0.0098418900,1,0x1FCD,0x0000
0.0098463400,1,0x1FCD,0x0000
0.0098507800,1,0x1FCD,0x0000
0.0098552300,1,0x1FCD,0x0000
0.0098596700,1,0x1FCD,0x0000
0.0098641200,1,0x1FCD,0x0000
0.0098685600,1,0x1FCD,0x0000
0.0098730100,1,0x1FCD,0x0000
0.0098774500,1,0x1FCD,0x0000
0.0098818900,1,0x1FCD,0x0000
0.0098863400,1,0x1FCD,0x0000
0.0098907800,1,0x1FCD,0x0000
0.0098952300,1,0x1FCD,0x0000
0.0098996700,1,0x1FCD,0x0000
0.0099041200,1,0x1FCD,0x0000
0.0099085600,1,0x1FCD,0x0000
0.0099130100,1,0x1FCD,0x0000
0.0099174500,1,0x1FCD,0x0000
0.0099218900,1,0x1FCD,0x0000
0.0099263400,1,0x1FCD,0x0000
0.0099307800,1,0x1FCD,0x0000
0.0099352300,1,0x1FCD,0x0000
0.0099396700,1,0x1FCD,0x0000
0.0099441200,1,0x1FCD,0x0000
0.0099485600,1,0x1FCD,0x0000
0.0099530100,1,0x1FCD,0x0000
0.0099574500,1,0x1FCD,0x0000
0.0099618900,1,0x1FCD,0x0000
0.0099663400,1,0x1FCD,0x0000
0.0099707800,1,0x1FCD,0x0000
0.0099752300,1,0x1FCD,0x0000
0.0099796700,1,0x1FCD,0x0000
0.0099841200,1,0x1FCD,0x0000
0.0099885600,1,0x1FCD,0x0000
0.0099930100,1,0x1FCD,0x0000
0.0099974500,1,0x1FCD,0x0000
0.0100019000,1,0x1FCD,0x0000
0.0100063400,1,0x1FCD,0x0000
0.0100107800,1,0x1FCD,0x0000
0.0100152300,1,0x1FCD,0x0000
0.0100196700,1,0x1FCD,0x0000
0.0100241200,1,0x1FCD,0x0000
0.0100285600,1,0x1FCD,0x0000
0.0100330100,1,0x1FCD,0x0000
0.0100374500,1,0x1FCD,0x0000
0.0100419000,1,0x1FCD,0x0000
0.0100463400,1,0x1FCD,0x0000
0.0100507800,1,0x1FCD,0x0000
0.0100552300,1,0x1FCD,0x0000
0.0100596700,1,0x1FCD,0x0000
0.0100641200,1,0x1FCD,0x0000
0.0100685600,1,0x1FCD,0x0000
0.0100730100,1,0x1FCD,0x0000
0.0100774500,1,0x1FCD,0x0000
0.0100819000,1,0x1FCD,0x0000
0.0100863400,1,0x1FCD,0x0000
0.0100907800,1,0x1FCD,0x0000
0.0100952300,1,0x1FCD,0x0000
0.0100996700,1,0x1FCD,0x0000
0.0101041200,1,0x1FCD,0x0000
0.0101085600,1,0x1FCD,0x0000
0.0101130100,1,0x1FCD,0x0000
0.0101174500,1,0x1FCD,0x0000
0.0101219000,1,0x1FCD,0x0000
0.0101263400,1,0x1FCD,0x0000
0.0101307800,1,0x1FCD,0x0000
0.0101352300,1,0x1FCD,0x0000
0.0101396700,1,0x1FCD,0x0000
0.0101441200,1,0x1FCD,0x0000
0.0101485600,1,0x1FCD,0x0000
0.0101530100,1,0x1FCD,0x0000
0.0101574500,1,0x1FCD,0x0000
0.0101619000,1,0x1FCD,0x0000
0.0101663400,1,0x1FCD,0x0000
0.0101707800,1,0x1FCD,0x0000
0.0101752300,1,0x1FCD,0x0000
0.0101796700,1,0x1FCD,0x0000
0.0101841200,1,0x1FCD,0x0000
0.0101885600,1,0x1FCD,0x0000
0.0101930100,1,0x1FCD,0x0000
0.0101974500,1,0x1FCD,0x0000
0.0102019000,1,0x1FCD,0x0000
0.0102063400,1,0x1FCD,0x0000
0.0102107800,1,0x1FCD,0x0000
0.0102152300,1,0x1FCD,0x0000
0.0102196700,1,0x1FCD,0x0000
0.0102241200,1,0x1FCD,0x0000
0.0102285600,1,0x1FCD,0x0000
0.0102330100,1,0x1FCD,0x0000
0.0102374500,1,0x1FCD,0x0000
0.0102419000,1,0x1FCD,0x0000
0.0102463400,1,0x1FCD,0x0000
0.0102507800,1,0x1FCD,0x0000
0.0102552300,1,0x1FCD,0x0000
0.0102596700,1,0x1FCD,0x0000
0.0102641200,1,0x1FCD,0x0000
0.0102685600,1,0x1FCD,0x0000
0.0102730100,1,0x1FCD,0x0000
0.0102774500,1,0x1FCD,0x0000
0.0102819000,1,0x1FCD,0x0000
0.0102863400,1,0x1FCD,0x0000
0.0102907900,1,0x1FCD,0x0000
0.0102952300,1,0x1FCD,0x0000
0.0102996700,1,0x1FCD,0x0000
0.0103041200,1,0x1FCD,0x0000
0.0103085600,1,0x1FCD,0x0000
0.0103130100,1,0x1FCD,0x0000
0.0103174500,1,0x1FCD,0x0000
0.0103219000,1,0x1FCD,0x0000
0.0103263400,1,0x1FCD,0x0000
0.0103307800,1,0x1FCD,0x0000
0.0103352300,1,0x1FCD,0x0000
0.0103396700,1,0x1FCD,0x0000
0.0103441200,1,0x1FCD,0x0000
0.0103485600,1,0x1FCD,0x0000
0.0103530100,1,0x1FCD,0x0000
0.0103574500,1,0x1FCD,0x0000
0.0103619000,1,0x1FCD,0x0000
0.0103663400,1,0x1FCD,0x0000
0.0103707900,1,0x1FCD,0x0000
0.0103752300,1,0x1FCD,0x0000
0.0103796700,1,0x1FCD,0x0000
0.0103841200,1,0x1FCD,0x0000
0.0103885600,1,0x1FCD,0x0000
0.0103930100,1,0x1FCD,0x0000
0.0103974500,1,0x1FCD,0x0000
0.0104019000,1,0x1FCD,0x0000
0.0104063400,1,0x1FCD,0x0000
0.0104107900,1,0x1FCD,0x0000
0.0104152300,1,0x1FCD,0x0000
0.0104196700,1,0x1FCD,0x0000
0.0104241200,1,0x1FCD,0x0000
0.0104285600,1,0x1FCD,0x0000
0.0104330100,1,0x1FCD,0x0000
0.0104374500,1,0x1FCD,0x0000
0.0104419000,1,0x1FCD,0x0000
0.0104463400,1,0x1FCD,0x0000
0.0104507900,1,0x1FCD,0x0000
0.0104552300,1,0x1FCD,0x0000
0.0104596700,1,0x1FCD,0x0000
0.0104641200,1,0x1FCD,0x0000
0.0104685600,1,0x1FCD,0x0000
0.0104730100,1,0x1FCD,0x0000
0.0104774500,1,0x1FCD,0x0000
0.0104819000,1,0x1FCD,0x0000
0.0104863400,1,0x1FCD,0x0000
0.0104907900,1,0x1FCD,0x0000
0.0104952300,1,0x1FCD,0x0000
0.0104996700,1,0x1FCD,0x0000
0.0105041200,1,0x1FCD,0x0000
0.0105085600,1,0x1FCD,0x0000
0.0105130100,1,0x1FCD,0x0000
0.0105174500,1,0x1FCD,0x0000
0.0105219000,1,0x1FCD,0x0000
0.0105263400,1,0x1FCD,0x0000
0.0105307900,1,0x1FCD,0x0000
0.0105352300,1,0x1FCD,0x0000
0.0105396800,1,0x1FCD,0x0000
0.0105441200,1,0x1FCD,0x0000
0.0105485600,1,0x1FCD,0x0000
0.0105530100,1,0x1FCD,0x0000
0.0105574500,1,0x1FCD,0x0000
0.0105619000,1,0x1FCD,0x0000
0.0105663400,1,0x1FCD,0x0000
0.0105707900,1,0x1FCD,0x0000
0.0105752300,1,0x1FCD,0x0000
0.0105796800,1,0x1FCD,0x0000
0.0105841200,1,0x1FCD,0x0000
0.0105885600,1,0x1FCD,0x0000
0.0105930100,1,0x1FCD,0x0000
0.0105974500,1,0x1FCD,0x0000
0.0106019000,1,0x1FCD,0x0000
0.0106063400,1,0x1FCD,0x0000
0.0106107900,1,0x1FCD,0x0000
0.0106152300,1,0x1FCD,0x0000
0.0106196800,1,0x1FCD,0x0000
0.0106241200,1,0x1FCD,0x0000
0.0106285600,1,0x1FCD,0x0000
0.0106330100,1,0x1FCD,0x0000
0.0106374500,1,0x1FCD,0x0000
0.0106419000,1,0x1FCD,0x0000
0.0106463400,1,0x1FCD,0x0000
0.0106507900,1,0x1FCD,0x0000
0.0106552300,1,0x1FCD,0x0000
0.0106596800,1,0x1FCD,0x0000
0.0106641200,1,0x1FCD,0x0000
0.0106685600,1,0x1FCD,0x0000
0.0106730100,1,0x1FCD,0x0000
0.0106774500,1,0x1FCD,0x0000
0.0106819000,1,0x1FCD,0x0000
0.0106863400,1,0x1FCD,0x0000
0.0106907900,1,0x1FCD,0x0000
0.0106952300,1,0x1FCD,0x0000
0.0106996800,1,0x1FCD,0x0000
0.0107041200,1,0x1FCD,0x0000
0.0107085600,1,0x1FCD,0x0000
0.0107130100,1,0x1FCD,0x0000
0.0107174500,1,0x1FCD,0x0000
0.0107219000,1,0x1FCD,0x0000
0.0107263400,1,0x1FCD,0x0000
0.0107307900,1,0x1FCD,0x0000
0.0107352300,1,0x1FCD,0x0000
0.0107396800,1,0x1FCD,0x0000
0.0107441200,1,0x1FCD,0x0000
0.0107485600,1,0x1FCD,0x0000
0.0107530100,1,0x1FCD,0x0000
0.0107574500,1,0x1FCD,0x0000
0.0107619000,1,0x1FCD,0x0000
0.0107663400,1,0x1FCD,0x0000
0.0107707900,1,0x1FCD,0x0000
0.0107752300,1,0x1FCD,0x0000
0.0107796800,1,0x1FCD,0x0000
0.0107841200,1,0x1FCD,0x0000
0.0107885600,1,0x1FCD,0x0000
0.0107930100,1,0x1FCD,0x0000
0.0107974500,1,0x1FCD,0x0000
0.0108019000,1,0x1FCD,0x0000
0.0108063400,1,0x1FCD,0x0000
0.0108107900,1,0x1FCD,0x0000
0.0108152300,1,0x1FCD,0x0000
0.0108196800,1,0x1FCD,0x0000
0.0108241200,1,0x1FCD,0x0000
0.0108285600,1,0x1FCD,0x0000
0.0108330100,1,0x1FCD,0x0000
0.0108374500,1,0x1FCD,0x0000
0.0108419000,1,0x1FCD,0x0000
0.0108463400,1,0x1FCD,0x0000
0.0108507900,1,0x1FCD,0x0000
0.0108552300,1,0x1FCD,0x0000
0.0108596800,1,0x1FCD,0x0000
0.0108641200,1,0x1FCD,0x0000
0.0108685700,1,0x1FCD,0x0000
0.0108730100,1,0x1FCD,0x0000
0.0108774600,1,0x1FCD,0x0000
0.0108819000,1,0x1FCD,0x0000
0.0108863400,1,0x1FCD,0x0000
0.0108907900,1,0x1FCD,0x0000
0.0108952300,1,0x1FCD,0x0000
0.0108996800,1,0x1FCD,0x0000
0.0109041200,1,0x1FCD,0x0000
0.0109085600,1,0x1FCD,0x0000
0.0109130100,1,0x1FCD,0x0000
0.0109174600,1,0x1FCD,0x0000
0.0109219000,1,0x1FCD,0x0000
0.0109263400,1,0x1FCD,0x0000
0.0109307900,1,0x1FCD,0x0000
0.0109352300,1,0x1FCD,0x0000
0.0109396800,1,0x1FCD,0x0000
0.0109441200,1,0x1FCD,0x0000
0.0109485700,1,0x1FCD,0x0000
0.0109530100,1,0x1FCD,0x0000
0.0109574600,1,0x1FCD,0x0000
0.0109619000,1,0x1FCD,0x0000
0.0109663400,1,0x1FCD,0x0000
0.0109707900,1,0x1FCD,0x0000
0.0109752300,1,0x1FCD,0x0000
0.0109796800,1,0x1FCD,0x0000
0.0109841200,1,0x1FCD,0x0000
0.0109885700,1,0x1FCD,0x0000
0.0109930100,1,0x1FCD,0x0000
0.0109974600,1,0x1FCD,0x0000
0.0110019000,1,0x1FCD,0x0000
0.0110063400,1,0x1FCD,0x0000
0.0110107900,1,0x1FCD,0x0000
0.0110152300,1,0x1FCD,0x0000
0.0110196800,1,0x1FCD,0x0000
0.0110241200,1,0x1FCD,0x0000
0.0110285700,1,0x1FCD,0x0000
0.0110330100,1,0x1FCD,0x0000
0.0110374600,1,0x1FCD,0x0000
0.0110419000,1,0x1FCD,0x0000
0.0110463400,1,0x1FCD,0x0000
0.0110507900,1,0x1FCD,0x0000
0.0110552300,1,0x1FCD,0x0000
0.0110596800,1,0x1FCD,0x0000
0.0110641200,1,0x1FCD,0x0000
0.0110685700,1,0x1FCD,0x0000
0.0110730100,1,0x1FCD,0x0000
0.0110774600,1,0x1FCD,0x0000
0.0110819000,1,0x1FCD,0x0000
0.0110863400,1,0x1FCD,0x0000
0.0110907900,1,0x1FCD,0x0000
0.0110952300,1,0x1FCD,0x0000
0.0110996800,1,0x1FCD,0x0000
0.0111041200,1,0x1FCD,0x0000
0.0111085700,1,0x1FCD,0x0000
0.0111130100,1,0x1FCD,0x0000
0.0111174600,1,0x1FCD,0x0000
0.0111219000,1,0x1FCD,0x0000
0.0111263400,1,0x1FCD,0x0000
0.0111307900,1,0x1FCD,0x0000
0.0111352300,1,0x1FCD,0x0000
0.0111396800,1,0x1FCD,0x0000
0.0111441200,1,0x1FCD,0x0000
0.0111485700,1,0x1FCD,0x0000
0.0111530100,1,0x1FCD,0x0000
0.0111574600,1,0x1FCD,0x0000
0.0111619000,1,0x1FCD,0x0000
0.0111663500,1,0x1FCD,0x0000
0.0111707900,1,0x1FCD,0x0000
0.0111752300,1,0x1FCD,0x0000
0.0111796800,1,0x1FCD,0x0000
0.0111841200,1,0x1FCD,0x0000
0.0111885700,1,0x1FCD,0x0000
0.0111930100,1,0x1FCD,0x0000
0.0111974600,1,0x1FCD,0x0000
0.0112019000,1,0x1FCD,0x0000
0.0112063500,1,0x1FCD,0x0000
0.0112107900,1,0x1FCD,0x0000
0.0112152300,1,0x1FCD,0x0000
0.0112196800,1,0x1FCD,0x0000
0.0112241200,1,0x1FCD,0x0000
0.0112285700,1,0x1FCD,0x0000
0.0112330100,1,0x1FCD,0x0000
0.0112374600,1,0x1FCD,0x0000
0.0112419000,1,0x1FCD,0x0000
0.0112463500,1,0x1FCD,0x0000
0.0112507900,1,0x1FCD,0x0000
0.0112552300,1,0x1FCD,0x0000
0.0112596800,1,0x1FCD,0x0000
0.0112641200,1,0x1FCD,0x0000
0.0112685700,1,0x1FCD,0x0000
0.0112730100,1,0x1FCD,0x0000
0.0112774600,1,0x1FCD,0x0000
0.0112819000,1,0x1FCD,0x0000
0.0112863500,1,0x1FCD,0x0000
0.0112907900,1,0x1FCD,0x0000
0.0112952300,1,0x1FCD,0x0000
0.0112996800,1,0x1FCD,0x0000
0.0113041200,1,0x1FCD,0x0000
0.0113085700,1,0x1FCD,0x0000
0.0113130100,1,0x1FCD,0x0000
0.0113174600,1,0x1FCD,0x0000
0.0113219000,1,0x1FCD,0x0000
0.0113263500,1,0x1FCD,0x0000
0.0113307900,1,0x1FCD,0x0000
0.0113352300,1,0x1FCD,0x0000
0.0113396800,1,0x1FCD,0x0000
0.0113441200,1,0x1FCD,0x0000
0.0113485700,1,0x1FCD,0x0000
0.0113530100,1,0x1FCD,0x0000
0.0113574600,1,0x1FCD,0x0000
0.0113619000,1,0x1FCD,0x0000
0.0113663500,1,0x1FCD,0x0000
0.0113707900,1,0x1FCD,0x0000
0.0113752400,1,0x1FCD,0x0000
0.0113796800,1,0x1FCD,0x0000
0.0113841200,1,0x1FCD,0x0000
0.0113885700,1,0x1FCD,0x0000
0.0113930100,1,0x1FCD,0x0000
0.0113974600,1,0x1FCD,0x0000
0.0114019000,1,0x1FCD,0x0000
0.0114063500,1,0x1FCD,0x0000
0.0114107900,1,0x1FCD,0x0000
0.0114152400,1,0x1FCD,0x0000
0.0114196800,1,0x1FCD,0x0000
0.0114241200,1,0x1FCD,0x0000
0.0114285700,1,0x1FCD,0x0000
0.0114330100,1,0x1FCD,0x0000
0.0114374600,1,0x1FCD,0x0000
0.0114419000,1,0x1FCD,0x0000
0.0114463500,1,0x1FCD,0x0000
0.0114507900,1,0x1FCD,0x0000
0.0114552400,1,0x1FCD,0x0000
0.0114596800,1,0x1FCD,0x0000
0.0114641200,1,0x1FCD,0x0000
0.0114685700,1,0x1FCD,0x0000
0.0114730100,1,0x1FCD,0x0000
0.0114774600,1,0x1FCD,0x0000
0.0114819000,1,0x1FCD,0x0000
0.0114863500,1,0x1FCD,0x0000
0.0114907900,1,0x1FCD,0x0000
0.0114952400,1,0x1FCD,0x0000
0.0114996800,1,0x1FCD,0x0000
0.0115041200,1,0x1FCD,0x0000
0.0115085700,1,0x1FCD,0x0000
0.0115130100,1,0x1FCD,0x0000
0.0115174600,1,0x1FCD,0x0000
0.0115219000,1,0x1FCD,0x0000
0.0115263500,1,0x1FCD,0x0000
0.0115307900,1,0x1FCD,0x0000
0.0115352400,1,0x1FCD,0x0000
0.0115396800,1,0x1FCD,0x0000
0.0115441200,1,0x1FCD,0x0000
0.0115485700,1,0x1FCD,0x0000
0.0115530100,1,0x1FCD,0x0000
0.0115574600,1,0x1FCD,0x0000
0.0115619000,1,0x1FCD,0x0000
0.0115663500,1,0x1FCD,0x0000
0.0115707900,1,0x1FCD,0x0000
0.0115752400,1,0x1FCD,0x0000
0.0115796800,1,0x1FCD,0x0000
0.0115841300,1,0x1FCD,0x0000
0.0115885700,1,0x1FCD,0x0000
0.0115930100,1,0x1FCD,0x0000
0.0115974600,1,0x1FCD,0x0000
0.0116019000,1,0x1FCD,0x0000
0.0116063500,1,0x1FCD,0x0000
0.0116107900,1,0x1FCD,0x0000
0.0116152400,1,0x1FCD,0x0000
0.0116196800,1,0x1FCD,0x0000
0.0116241300,1,0x1FCD,0x0000
0.0116285700,1,0x1FCD,0x0000
0.0116330100,1,0x1FCD,0x0000
0.0116374600,1,0x1FCD,0x0000
0.0116419000,1,0x1FCD,0x0000
0.0116463500,1,0x1FCD,0x0000
0.0116507900,1,0x1FCD,0x0000
0.0116552400,1,0x1FCD,0x0000
0.0116596800,1,0x1FCD,0x0000
0.0116641300,1,0x1FCD,0x0000
0.0116685700,1,0x1FCD,0x0000
0.0116730100,1,0x1FCD,0x0000
0.0116774600,1,0x1FCD,0x0000
0.0116819000,1,0x1FCD,0x0000
0.0116863500,1,0x1FCD,0x0000
0.0116907900,1,0x1FCD,0x0000
0.0116952400,1,0x1FCD,0x0000
0.0116996800,1,0x1FCD,0x0000
0.0117041300,1,0x1FCD,0x0000
0.0117085700,1,0x1FCD,0x0000
0.0117130100,1,0x1FCD,0x0000
0.0117174600,1,0x1FCD,0x0000
0.0117219000,1,0x1FCD,0x0000
0.0117263500,1,0x1FCD,0x0000
0.0117307900,1,0x1FCD,0x0000
0.0117352400,1,0x1FCD,0x0000
0.0117396800,1,0x1FCD,0x0000
0.0117441300,1,0x1FCD,0x0000
0.0117485700,1,0x1FCD,0x0000
0.0117530100,1,0x1FCD,0x0000
0.0117574600,1,0x1FCD,0x0000
0.0117619000,1,0x1FCD,0x0000
0.0117663500,1,0x1FCD,0x0000
0.0117707900,1,0x1FCD,0x0000
0.0117752400,1,0x1FCD,0x0000
0.0117796800,1,0x1FCD,0x0000
0.0117841300,1,0x1FCD,0x0000
0.0117885700,1,0x1FCD,0x0000
0.0117930100,1,0x1FCD,0x0000
0.0117974600,1,0x1FCD,0x0000
0.0118019000,1,0x1FCD,0x0000
0.0118063500,1,0x1FCD,0x0000
0.0118107900,1,0x1FCD,0x0000
0.0118152400,1,0x1FCD,0x0000
0.0118196800,1,0x1FCD,0x0000
0.0118241300,1,0x1FCD,0x0000
0.0118285700,1,0x1FCD,0x0000
0.0118330100,1,0x1FCD,0x0000
0.0118374600,1,0x1FCD,0x0000
0.0118419000,1,0x1FCD,0x0000
0.0118463500,1,0x1FCD,0x0000
0.0118507900,1,0x1FCD,0x0000
0.0118552400,1,0x1FCD,0x0000
0.0118596800,1,0x1FCD,0x0000
0.0118641300,1,0x1FCD,0x0000
0.0118685700,1,0x1FCD,0x0000
0.0118730100,1,0x1FCD,0x0000
0.0118774600,1,0x1FCD,0x0000
0.0118819000,1,0x1FCD,0x0000
0.0118863500,1,0x1FCD,0x0000
0.0118907900,1,0x1FCD,0x0000
0.0118952400,1,0x1FCD,0x0000
0.0118996800,1,0x1FCD,0x0000
0.0119041300,1,0x1FCD,0x0000
0.0119085700,1,0x1FCD,0x0000
0.0119130100,1,0x1FCD,0x0000
0.0119174600,1,0x1FCD,0x0000
0.0119219000,1,0x1FCD,0x0000
0.0119263500,1,0x1FCD,0x0000
0.0119307900,1,0x1FCD,0x0000
0.0119352400,1,0x1FCD,0x0000
0.0119396800,1,0x1FCD,0x0000
0.0119441300,1,0x1FCD,0x0000
0.0119485700,1,0x1FCD,0x0000
0.0119530100,1,0x1FCD,0x0000
0.0119574600,1,0x1FCD,0x0000
0.0119619000,1,0x1FCD,0x0000
0.0119663500,1,0x1FCD,0x0000
0.0119707900,1,0x1FCD,0x0000
0.0119752400,1,0x1FCD,0x0000
0.0119796800,1,0x1FCD,0x0000
0.0119841300,1,0x1FCD,0x0000
0.0119885700,1,0x1FCD,0x0000
0.0119930200,1,0x1FCD,0x0000
0.0119974600,1,0x1FCD,0x0000
0.0120019000,1,0x1FCD,0x0000
0.0120063500,1,0x1FCD,0x0000
0.0120107900,1,0x1FCD,0x0000
0.0120152400,1,0x1FCD,0x0000
0.0120196800,1,0x1FCD,0x0000
0.0120241300,1,0x1FCD,0x0000
0.0120285700,1,0x1FCD,0x0000
0.0120330100,1,0x1FCD,0x0000
0.0120374600,1,0x1FCD,0x0000
0.0120419000,1,0x1FCD,0x0000
0.0120463500,1,0x1FCD,0x0000
0.0120507900,1,0x1FCD,0x0000
0.0120552400,1,0x1FCD,0x0000
0.0120596800,1,0x1FCD,0x0000
0.0120641300,1,0x1FCD,0x0000
0.0120685700,1,0x1FCD,0x0000
0.0120730200,1,0x1FCD,0x0000
0.0120774600,1,0x1FCD,0x0000
0.0120819100,1,0x1FCD,0x0000
0.0120863500,1,0x1FCD,0x0000
0.0120907900,1,0x1FCD,0x0000
0.0120952400,1,0x1FCD,0x0000
0.0120996800,1,0x1FCD,0x0000
0.0121041300,1,0x1FCD,0x0000
0.0121085700,1,0x1FCD,0x0000
0.0121130200,1,0x1FCD,0x0000
0.0121174600,1,0x1FCD,0x0000
0.0121219100,1,0x1FCD,0x0000
0.0121263500,1,0x1FCD,0x0000
0.0121307900,1,0x1FCD,0x0000
0.0121352400,1,0x1FCD,0x0000
0.0121396800,1,0x1FCD,0x0000
0.0121441300,1,0x1FCD,0x0000
0.0121485700,1,0x1FCD,0x0000
0.0121530200,1,0x1FCD,0x0000
0.0121574600,1,0x1FCD,0x0000
0.0121619100,1,0x1FCD,0x0000
0.0121663500,1,0x1FCD,0x0000
0.0121707900,1,0x1FCD,0x0000
0.0121752400,1,0x1FCD,0x0000
0.0121796800,1,0x1FCD,0x0000
0.0121841300,1,0x1FCD,0x0000
0.0121885700,1,0x1FCD,0x0000
0.0121930200,1,0x1FCD,0x0000
0.0121974600,1,0x1FCD,0x0000
0.0122019100,1,0x1FCD,0x0000
0.0122063500,1,0x1FCD,0x0000
0.0122107900,1,0x1FCD,0x0000
0.0122152400,1,0x1FCD,0x0000
0.0122196800,1,0x1FCD,0x0000
0.0122241300,1,0x1FCD,0x0000
0.0122285700,1,0x1FCD,0x0000
0.0122330200,1,0x1FCD,0x0000
0.0122374600,1,0x1FCD,0x0000
0.0122419100,1,0x1FCD,0x0000
0.0122463500,1,0x1FCD,0x0000
0.0122508000,1,0x1FCD,0x0000
0.0122552400,1,0x1FCD,0x0000
0.0122596800,1,0x1FCD,0x0000
0.0122641300,1,0x1FCD,0x0000
0.0122685700,1,0x1FCD,0x0000
0.0122730200,1,0x1FCD,0x0000
0.0122774600,1,0x1FCD,0x0000
0.0122819100,1,0x1FCD,0x0000
0.0122863500,1,0x1FCD,0x0000
0.0122908000,1,0x1FCD,0x0000
0.0122952400,1,0x1FCD,0x0000
0.0122996800,1,0x1FCD,0x0000
0.0123041300,1,0x1FCD,0x0000
0.0123085700,1,0x1FCD,0x0000
0.0123130200,1,0x1FCD,0x0000
0.0123174600,1,0x1FCD,0x0000
0.0123219100,1,0x1FCD,0x0000
0.0123263500,1,0x1FCD,0x0000
0.0123308000,1,0x1FCD,0x0000
0.0123352400,1,0x1FCD,0x0000
0.0123396800,1,0x1FCD,0x0000
0.0123441300,1,0x1FCD,0x0000
0.0123485700,1,0x1FCD,0x0000
0.0123530200,1,0x1FCD,0x0000
0.0123574600,1,0x1FCD,0x0000
0.0123619100,1,0x1FCD,0x0000
0.0123663500,1,0x1FCD,0x0000
0.0123708000,1,0x1FCD,0x0000
0.0123752400,1,0x1FCD,0x0000
0.0123796800,1,0x1FCD,0x0000
0.0123841300,1,0x1FCD,0x0000
0.0123885700,1,0x1FCD,0x0000
0.0123930200,1,0x1FCD,0x0000
0.0123974600,1,0x1FCD,0x0000
0.0124019100,1,0x1FCD,0x0000
0.0124063500,1,0x1FCD,0x0000
0.0124108000,1,0x1FCD,0x0000
0.0124152400,1,0x1FCD,0x0000
0.0124196800,1,0x1FCD,0x0000
0.0124241300,1,0x1FCD,0x0000
0.0124285700,1,0x1FCD,0x0000
0.0124330200,1,0x1FCD,0x0000
0.0124374600,1,0x1FCD,0x0000
0.0124419100,1,0x1FCD,0x0000
0.0124463500,1,0x1FCD,0x0000
0.0124508000,1,0x1FCD,0x0000
0.0124552400,1,0x1FCD,0x0000
0.0124596800,1,0x1FCD,0x0000
0.0124641300,1,0x0000,0x0000
0.0124685700,1,0x0000,0x0000
0.0124730200,1,0x0000,0x0000
0.0175841600,2,0x55AA,0x0000
0.0175886000,2,0x2DEC,0x0000
0.0175930400,2,0x01FF,0x0000
0.0175974900,2,0x1FCD,0x0000
0.0176019300,2,0x1FCD,0x0000
0.0176063800,2,0x1FCD,0x0000
0.0176108200,2,0x1FCD,0x0000
0.0176152600,2,0x1FCD,0x0000
0.0176197100,2,0x1FCD,0x0000
0.0176241600,2,0x1FCD,0x0000
0.0176286000,2,0x1FCD,0x0000
0.0176330400,2,0x1FCD,0x0000
0.0176374900,2,0x1FCD,0x0000
0.0176419300,2,0x1FCD,0x0000
0.0176463800,2,0x1FCD,0x0000
0.0176508200,2,0x1FCD,0x0000
0.0176552700,2,0x1FCD,0x0000
0.0176597100,2,0x1FCD,0x0000
0.0176641500,2,0x1FCD,0x0000
0.0176686000,2,0x1FCD,0x0000
0.0176730400,2,0x1FCD,0x0000
0.0176774900,2,0x1FCD,0x0000
0.0176819300,2,0x1FCD,0x0000
0.0176863800,2,0x1FCD,0x0000
0.0176908200,2,0x1FCD,0x0000
0.0176952700,2,0x1FCD,0x0000
0.0176997100,2,0x1FCD,0x0000
0.0177041600,2,0x1FCD,0x0000
0.0177086000,2,0x1FCD,0x0000
0.0177130400,2,0x1FCD,0x0000
0.0177174900,2,0x1FCD,0x0000
0.0177219300,2,0x1FCD,0x0000
0.0177263800,2,0x1FCD,0x0000
0.0177308200,2,0x1FCD,0x0000
0.0177352700,2,0x1FCD,0x0000
0.0177397100,2,0x1FCD,0x0000
0.0177441600,2,0x1FCD,0x0000
0.0177486000,2,0x1FCD,0x0000
0.0177530400,2,0x1FCD,0x0000
0.0177574900,2,0x1FCD,0x0000
0.0177619300,2,0x1FCD,0x0000
0.0177663800,2,0x1FCD,0x0000
0.0177708200,2,0x1FCD,0x0000
0.0177752700,2,0x1FCD,0x0000
0.0177797100,2,0x1FCD,0x0000
0.0177841600,2,0x1FCD,0x0000
0.0177886000,2,0x1FCD,0x0000
0.0177930400,2,0x1FCD,0x0000
0.0177974900,2,0x1FCD,0x0000
0.0178019300,2,0x1FCD,0x0000
0.0178063800,2,0x1FCD,0x0000
0.0178108200,2,0x1FCD,0x0000
0.0178152700,2,0x1FCD,0x0000
0.0178197100,2,0x1FCD,0x0000
0.0178241600,2,0x1FCD,0x0000
0.0178286000,2,0x1FCD,0x0000
0.0178330400,2,0x1FCD,0x0000
0.0178374900,2,0x1FCD,0x0000
0.0178419300,2,0x1FCD,0x0000
0.0178463800,2,0x1FCD,0x0000
0.0178508200,2,0x1FCD,0x0000
0.0178552700,2,0x1FCD,0x0000
0.0178597100,2,0x1FCD,0x0000
0.0178641600,2,0x1FCD,0x0000
0.0178686000,2,0x1FCD,0x0000
0.0178730500,2,0x1FCD,0x0000
0.0178774900,2,0x1FCD,0x0000
0.0178819300,2,0x1FCD,0x0000
0.0178863800,2,0x1FCD,0x0000
0.0178908200,2,0x1FCD,0x0000
0.0178952700,2,0x1FCD,0x0000
0.0178997100,2,0x1FCD,0x0000
0.0179041600,2,0x1FCD,0x0000
0.0179086000,2,0x1FCD,0x0000
0.0179130500,2,0x1FCD,0x0000
0.0179174900,2,0x1FCD,0x0000
0.0179219300,2,0x1FCD,0x0000
0.0179263800,2,0x1FCD,0x0000
0.0179308200,2,0x1FCD,0x0000
0.0179352700,2,0x1FCD,0x0000
0.0179397100,2,0x1FCD,0x0000
0.0179441600,2,0x1FCD,0x0000
0.0179486000,2,0x1FCD,0x0000
0.0179530500,2,0x1FCD,0x0000
0.0179574900,2,0x1FCD,0x0000
0.0179619300,2,0x1FCD,0x0000
0.0179663800,2,0x1FCD,0x0000
0.0179708200,2,0x1FCD,0x0000
0.0179752700,2,0x1FCD,0x0000
0.0179797100,2,0x1FCD,0x0000
0.0179841600,2,0x1FCD,0x0000
0.0179886000,2,0x1FCD,0x0000
0.0179930500,2,0x1FCD,0x0000
0.0179974900,2,0x1FCD,0x0000
0.0180019300,2,0x1FCD,0x0000
0.0180063800,2,0x1FCD,0x0000
0.0180108200,2,0x1FCD,0x0000
0.0180152700,2,0x1FCD,0x0000
0.0180197100,2,0x1FCD,0x0000
0.0180241600,2,0x1FCD,0x0000
0.0180286000,2,0x1FCD,0x0000
0.0180330500,2,0x1FCD,0x0000
0.0180374900,2,0x1FCD,0x0000
0.0180419300,2,0x1FCD,0x0000
0.0180463800,2,0x1FCD,0x0000
0.0180508200,2,0x1FCD,0x0000
0.0180552700,2,0x1FCD,0x0000
0.0180597100,2,0x1FCD,0x0000
0.0180641600,2,0x1FCD,0x0000
0.0180686000,2,0x1FCD,0x0000
0.0180730500,2,0x1FCD,0x0000
0.0180774900,2,0x1FCD,0x0000
0.0180819300,2,0x1FCD,0x0000
0.0180863800,2,0x1FCD,0x0000
0.0180908200,2,0x1FCD,0x0000
0.0180952700,2,0x1FCD,0x0000
0.0180997100,2,0x1FCD,0x0000
0.0181041600,2,0x1FCD,0x0000
0.0181086000,2,0x1FCD,0x0000
0.0181130500,2,0x1FCD,0x0000
0.0181174900,2,0x1FCD,0x0000
0.0181219400,2,0x1FCD,0x0000
0.0181263800,2,0x1FCD,0x0000
0.0181308200,2,0x1FCD,0x0000
0.0181352700,2,0x1FCD,0x0000
0.0181397100,2,0x1FCD,0x0000
0.0181441600,2,0x1FCD,0x0000
0.0181486000,2,0x1FCD,0x0000
0.0181530500,2,0x1FCD,0x0000
0.0181574900,2,0x1FCD,0x0000
0.0181619400,2,0x1FCD,0x0000
0.0181663800,2,0x1FCD,0x0000
0.0181708200,2,0x1FCD,0x0000
0.0181752700,2,0x1FCD,0x0000
0.0181797100,2,0x1FCD,0x0000
0.0181841600,2,0x1FCD,0x0000
0.0181886000,2,0x1FCD,0x0000
0.0181930500,2,0x1FCD,0x0000
0.0181974900,2,0x1FCD,0x0000
0.0182019400,2,0x1FCD,0x0000
0.0182063800,2,0x1FCD,0x0000
0.0182108200,2,0x1FCD,0x0000
0.0182152700,2,0x1FCD,0x0000
0.0182197100,2,0x1FCD,0x0000
0.0182241600,2,0x1FCD,0x0000
0.0182286000,2,0x1FCD,0x0000
0.0182330500,2,0x1FCD,0x0000
0.0182374900,2,0x1FCD,0x0000
0.0182419400,2,0x1FCD,0x0000
0.0182463800,2,0x1FCD,0x0000
0.0182508200,2,0x1FCD,0x0000
0.0182552700,2,0x1FCD,0x0000
0.0182597100,2,0x1FCD,0x0000
0.0182641600,2,0x1FCD,0x0000
0.0182686000,2,0x1FCD,0x0000
0.0182730500,2,0x1FCD,0x0000
0.0182774900,2,0x1FCD,0x0000
0.0182819400,2,0x1FCD,0x0000
0.0182863800,2,0x1FCD,0x0000
0.0182908300,2,0x1FCD,0x0000
0.0182952700,2,0x1FCD,0x0000
0.0182997100,2,0x1FCD,0x0000
0.0183041600,2,0x1FCD,0x0000
0.0183086000,2,0x1FCD,0x0000
0.0183130500,2,0x1FCD,0x0000
0.0183174900,2,0x1FCD,0x0000
0.0183219400,2,0x1FCD,0x0000
0.0183263800,2,0x1FCD,0x0000
0.0183308300,2,0x1FCD,0x0000
0.0183352700,2,0x1FCD,0x0000
0.0183397100,2,0x1FCD,0x0000
0.0183441600,2,0x1FCD,0x0000
0.0183486000,2,0x1FCD,0x0000
0.0183530500,2,0x1FCD,0x0000
0.0183574900,2,0x1FCD,0x0000
0.0183619400,2,0x1FCD,0x0000
0.0183663800,2,0x1FCD,0x0000
0.0183708300,2,0x1FCD,0x0000
0.0183752700,2,0x1FCD,0x0000
0.0183797100,2,0x1FCD,0x0000
0.0183841600,2,0x1FCD,0x0000
0.0183886000,2,0x1FCD,0x0000
0.0183930500,2,0x1FCD,0x0000
0.0183974900,2,0x1FCD,0x0000
0.0184019400,2,0x1FCD,0x0000
0.0184063800,2,0x1FCD,0x0000
0.0184108300,2,0x1FCD,0x0000
0.0184152700,2,0x1FCD,0x0000
0.0184197100,2,0x1FCD,0x0000
0.0184241600,2,0x1FCD,0x0000
0.0184286000,2,0x1FCD,0x0000
0.0184330500,2,0x1FCD,0x0000
0.0184374900,2,0x1FCD,0x0000
0.0184419400,2,0x1FCD,0x0000
0.0184463800,2,0x1FCD,0x0000
0.0184508300,2,0x1FCD,0x0000
0.0184552700,2,0x1FCD,0x0000
0.0184597100,2,0x1FCD,0x0000
0.0184641600,2,0x1FCD,0x0000
0.0184686000,2,0x1FCD,0x0000
0.0184730500,2,0x1FCD,0x0000
0.0184774900,2,0x1FCD,0x0000
0.0184819400,2,0x1FCD,0x0000
0.0184863800,2,0x1FCD,0x0000
0.0184908300,2,0x1FCD,0x0000
0.0184952700,2,0x1FCD,0x0000
0.0184997100,2,0x1FCD,0x0000
0.0185041600,2,0x1FCD,0x0000
0.0185086000,2,0x1FCD,0x0000
0.0185130500,2,0x1FCD,0x0000
0.0185174900,2,0x1FCD,0x0000
0.0185219400,2,0x1FCD,0x0000
0.0185263800,2,0x1FCD,0x0000
0.0185308300,2,0x1FCD,0x0000
0.0185352700,2,0x1FCD,0x0000
0.0185397100,2,0x1FCD,0x0000
0.0185441600,2,0x1FCD,0x0000
0.0185486000,2,0x1FCD,0x0000
0.0185530500,2,0x1FCD,0x0000
0.0185574900,2,0x1FCD,0x0000
0.0185619400,2,0x1FCD,0x0000
0.0185663800,2,0x1FCD,0x0000
0.0185708300,2,0x1FCD,0x0000
0.0185752700,2,0x1FCD,0x0000
0.0185797100,2,0x1FCD,0x0000
0.0185841600,2,0x1FCD,0x0000
0.0185886000,2,0x1FCD,0x0000
0.0185930500,2,0x1FCD,0x0000
0.0185974900,2,0x1FCD,0x0000
0.0186019400,2,0x1FCD,0x0000
0.0186063800,2,0x1FCD,0x0000
0.0186108300,2,0x1FCD,0x0000
0.0186152700,2,0x1FCD,0x0000
0.0186197100,2,0x1FCD,0x0000
0.0186241600,2,0x1FCD,0x0000
0.0186286000,2,0x1FCD,0x0000
0.0186330500,2,0x1FCD,0x0000
0.0186374900,2,0x1FCD,0x0000
0.0186419400,2,0x1FCD,0x0000
0.0186463800,2,0x1FCD,0x0000
0.0186508300,2,0x1FCD,0x0000
0.0186552700,2,0x1FCD,0x0000
0.0186597100,2,0x1FCD,0x0000
0.0186641600,2,0x1FCD,0x0000
0.0186686000,2,0x1FCD,0x0000
0.0186730500,2,0x1FCD,0x0000
0.0186774900,2,0x1FCD,0x0000
0.0186819400,2,0x1FCD,0x0000
0.0186863800,2,0x1FCD,0x0000
0.0186908300,2,0x1FCD,0x0000
0.0186952700,2,0x1FCD,0x0000
0.0186997100,2,0x1FCD,0x0000
0.0187041600,2,0x1FCD,0x0000
0.0187086000,2,0x1FCD,0x0000
0.0187130500,2,0x1FCD,0x0000
0.0187174900,2,0x1FCD,0x0000
0.0187219400,2,0x1FCD,0x0000
0.0187263800,2,0x1FCD,0x0000
0.0187308300,2,0x1FCD,0x0000
0.0187352700,2,0x1FCD,0x0000
0.0187397100,2,0x1FCD,0x0000
0.0187441600,2,0x1FCD,0x0000
0.0187486000,2,0x1FCD,0x0000
0.0187530500,2,0x1FCD,0x0000
0.0187574900,2,0x1FCD,0x0000
0.0187619400,2,0x1FCD,0x0000
0.0187663800,2,0x1FCD,0x0000
0.0187708300,2,0x1FCD,0x0000
0.0187752700,2,0x1FCD,0x0000
0.0187797200,2,0x1FCD,0x0000
0.0187841600,2,0x1FCD,0x0000
0.0187886100,2,0x1FCD,0x0000
0.0187930500,2,0x1FCD,0x0000
0.0187974900,2,0x1FCD,0x0000
0.0188019400,2,0x1FCD,0x0000
0.0188063800,2,0x1FCD,0x0000
0.0188108300,2,0x1FCD,0x0000
0.0188152700,2,0x1FCD,0x0000
0.0188197200,2,0x1FCD,0x0000
0.0188241600,2,0x1FCD,0x0000
0.0188286100,2,0x1FCD,0x0000
0.0188330500,2,0x1FCD,0x0000
0.0188374900,2,0x1FCD,0x0000
0.0188419400,2,0x1FCD,0x0000
0.0188463800,2,0x1FCD,0x0000
0.0188508300,2,0x1FCD,0x0000
0.0188552700,2,0x1FCD,0x0000
0.0188597200,2,0x1FCD,0x0000
0.0188641600,2,0x1FCD,0x0000
0.0188686100,2,0x1FCD,0x0000
0.0188730500,2,0x1FCD,0x0000
0.0188774900,2,0x1FCD,0x0000
0.0188819400,2,0x1FCD,0x0000
0.0188863800,2,0x1FCD,0x0000
0.0188908300,2,0x1FCD,0x0000
0.0188952700,2,0x1FCD,0x0000
0.0188997200,2,0x1FCD,0x0000
0.0189041600,2,0x1FCD,0x0000
0.0189086100,2,0x1FCD,0x0000
0.0189130500,2,0x1FCD,0x0000
0.0189174900,2,0x1FCD,0x0000
0.0189219400,2,0x1FCD,0x0000
0.0189263800,2,0x1FCD,0x0000
0.0189308300,2,0x1FCD,0x0000
0.0189352700,2,0x1FCD,0x0000
0.0189397200,2,0x1FCD,0x0000
0.0189441600,2,0x1FCD,0x0000
0.0189486100,2,0x1FCD,0x0000
0.0189530500,2,0x1FCD,0x0000
0.0189575000,2,0x1FCD,0x0000
0.0189619400,2,0x1FCD,0x0000
0.0189663800,2,0x1FCD,0x0000
0.0189708300,2,0x1FCD,0x0000
0.0189752700,2,0x1FCD,0x0000
0.0189797200,2,0x1FCD,0x0000
0.0189841600,2,0x1FCD,0x0000
0.0189886100,2,0x1FCD,0x0000
0.0189930500,2,0x1FCD,0x0000
0.0189974900,2,0x1FCD,0x0000
0.0190019400,2,0x1FCD,0x0000
0.0190063800,2,0x1FCD,0x0000
0.0190108300,2,0x1FCD,0x0000
0.0190152700,2,0x1FCD,0x0000
0.0190197200,2,0x1FCD,0x0000
0.0190241600,2,0x1FCD,0x0000
0.0190286100,2,0x1FCD,0x0000
0.0190330500,2,0x1FCD,0x0000
0.0190375000,2,0x1FCD,0x0000
0.0190419400,2,0x1FCD,0x0000
0.0190463800,2,0x1FCD,0x0000
0.0190508300,2,0x1FCD,0x0000
0.0190552700,2,0x1FCD,0x0000
0.0190597200,2,0x1FCD,0x0000
0.0190641600,2,0x1FCD,0x0000
0.0190686100,2,0x1FCD,0x0000
0.0190730500,2,0x1FCD,0x0000
0.0190775000,2,0x1FCD,0x0000
0.0190819400,2,0x1FCD,0x0000
0.0190863800,2,0x1FCD,0x0000
0.0190908300,2,0x1FCD,0x0000
0.0190952700,2,0x1FCD,0x0000
0.0190997200,2,0x1FCD,0x0000
0.0191041600,2,0x1FCD,0x0000
0.0191086100,2,0x1FCD,0x0000
0.0191130500,2,0x1FCD,0x0000
0.0191175000,2,0x1FCD,0x0000
0.0191219400,2,0x1FCD,0x0000
0.0191263800,2,0x1FCD,0x0000
0.0191308300,2,0x1FCD,0x0000
0.0191352700,2,0x1FCD,0x0000
0.0191397200,2,0x1FCD,0x0000
0.0191441600,2,0x1FCD,0x0000
0.0191486100,2,0x1FCD,0x0000
0.0191530500,2,0x1FCD,0x0000
0.0191575000,2,0x1FCD,0x0000
0.0191619400,2,0x1FCD,0x0000
0.0191663800,2,0x1FCD,0x0000
0.0191708300,2,0x1FCD,0x0000
0.0191752700,2,0x1FCD,0x0000
0.0191797200,2,0x1FCD,0x0000
0.0191841600,2,0x1FCD,0x0000
0.0191886100,2,0x1FCD,0x0000
0.0191930500,2,0x1FCD,0x0000
0.0191975000,2,0x1FCD,0x0000
0.0192019400,2,0x1FCD,0x0000
0.0192063800,2,0x1FCD,0x0000
0.0192108300,2,0x1FCD,0x0000
0.0192152700,2,0x1FCD,0x0000
0.0192197200,2,0x1FCD,0x0000
0.0192241600,2,0x1FCD,0x0000
0.0192286100,2,0x1FCD,0x0000
0.0192330500,2,0x1FCD,0x0000
0.0192375000,2,0x1FCD,0x0000
0.0192419400,2,0x1FCD,0x0000
0.0192463800,2,0x1FCD,0x0000
0.0192508300,2,0x1FCD,0x0000
0.0192552700,2,0x1FCD,0x0000
0.0192597200,2,0x1FCD,0x0000
0.0192641600,2,0x1FCD,0x0000
0.0192686100,2,0x1FCD,0x0000
0.0192730500,2,0x1FCD,0x0000
0.0192775000,2,0x1FCD,0x0000
0.0192819400,2,0x1FCD,0x0000
0.0192863900,2,0x1FCD,0x0000
0.0192908300,2,0x1FCD,0x0000
0.0192952700,2,0x1FCD,0x0000
0.0192997200,2,0x1FCD,0x0000
0.0193041600,2,0x1FCD,0x0000
0.0193086100,2,0x1FCD,0x0000
0.0193130500,2,0x1FCD,0x0000
0.0193175000,2,0x1FCD,0x0000
0.0193219400,2,0x1FCD,0x0000
0.0193263900,2,0x1FCD,0x0000
0.0193308300,2,0x1FCD,0x0000
0.0193352700,2,0x1FCD,0x0000
0.0193397200,2,0x1FCD,0x0000
0.0193441600,2,0x1FCD,0x0000
0.0193486100,2,0x1FCD,0x0000
0.0193530500,2,0x1FCD,0x0000
0.0193575000,2,0x1FCD,0x0000
0.0193619400,2,0x1FCD,0x0000
0.0193663900,2,0x1FCD,0x0000
0.0193708300,2,0x1FCD,0x0000
0.0193752700,2,0x1FCD,0x0000
0.0193797200,2,0x1FCD,0x0000
0.0193841600,2,0x1FCD,0x0000
0.0193886100,2,0x1FCD,0x0000
0.0193930500,2,0x1FCD,0x0000
0.0193975000,2,0x1FCD,0x0000
0.0194019400,2,0x1FCD,0x0000
0.0194063900,2,0x1FCD,0x0000
0.0194108300,2,0x1FCD,0x0000
0.0194152700,2,0x1FCD,0x0000
0.0194197200,2,0x1FCD,0x0000
0.0194241600,2,0x1FCD,0x0000
0.0194286100,2,0x1FCD,0x0000
0.0194330500,2,0x1FCD,0x0000
0.0194375000,2,0x1FCD,0x0000
0.0194419400,2,0x1FCD,0x0000
0.0194463900,2,0x1FCD,0x0000
0.0194508300,2,0x1FCD,0x0000
0.0194552800,2,0x1FCD,0x0000
0.0194597200,2,0x1FCD,0x0000
0.0194641600,2,0x1FCD,0x0000
0.0194686100,2,0x1FCD,0x0000
0.0194730500,2,0x1FCD,0x0000
0.0194775000,2,0x1FCD,0x0000
0.0194819400,2,0x1FCD,0x0000
0.0194863900,2,0x1FCD,0x0000
0.0194908300,2,0x1FCD,0x0000
0.0194952800,2,0x1FCD,0x0000
0.0194997200,2,0x1FCD,0x0000
0.0195041600,2,0x1FCD,0x0000
0.0195086100,2,0x1FCD,0x0000
0.0195130500,2,0x1FCD,0x0000
0.0195175000,2,0x1FCD,0x0000
0.0195219400,2,0x1FCD,0x0000
0.0195263900,2,0x1FCD,0x0000
0.0195308300,2,0x1FCD,0x0000
0.0195352800,2,0x1FCD,0x0000
0.0195397200,2,0x1FCD,0x0000
0.0195441600,2,0x1FCD,0x0000
0.0195486100,2,0x1FCD,0x0000
0.0195530500,2,0x1FCD,0x0000
0.0195575000,2,0x1FCD,0x0000
0.0195619400,2,0x1FCD,0x0000
0.0195663900,2,0x1FCD,0x0000
0.0195708300,2,0x1FCD,0x0000
0.0195752800,2,0x1FCD,0x0000
0.0195797200,2,0x1FCD,0x0000
0.0195841600,2,0x1FCD,0x0000
0.0195886100,2,0x1FCD,0x0000
0.0195930500,2,0x1FCD,0x0000
0.0195975000,2,0x1FCD,0x0000
0.0196019400,2,0x1FCD,0x0000
0.0196063900,2,0x1FCD,0x0000
0.0196108300,2,0x1FCD,0x0000
0.0196152800,2,0x1FCD,0x0000
0.0196197200,2,0x1FCD,0x0000
0.0196241600,2,0x1FCD,0x0000
0.0196286100,2,0x1FCD,0x0000
0.0196330500,2,0x1FCD,0x0000
0.0196375000,2,0x1FCD,0x0000
0.0196419400,2,0x1FCD,0x0000
0.0196463900,2,0x1FCD,0x0000
0.0196508300,2,0x1FCD,0x0000
0.0196552800,2,0x1FCD,0x0000
0.0196597200,2,0x1FCD,0x0000
0.0196641600,2,0x1FCD,0x0000
0.0196686100,2,0x1FCD,0x0000
0.0196730500,2,0x1FCD,0x0000
0.0196775000,2,0x1FCD,0x0000
0.0196819400,2,0x1FCD,0x0000
0.0196863900,2,0x1FCD,0x0000
0.0196908300,2,0x1FCD,0x0000
0.0196952800,2,0x1FCD,0x0000
0.0196997200,2,0x1FCD,0x0000
0.0197041600,2,0x1FCD,0x0000
0.0197086100,2,0x1FCD,0x0000
0.0197130500,2,0x1FCD,0x0000
0.0197175000,2,0x1FCD,0x0000
0.0197219400,2,0x1FCD,0x0000
0.0197263900,2,0x1FCD,0x0000
0.0197308300,2,0x1FCD,0x0000
0.0197352800,2,0x1FCD,0x0000
0.0197397200,2,0x1FCD,0x0000
0.0197441600,2,0x1FCD,0x0000
0.0197486100,2,0x1FCD,0x0000
0.0197530500,2,0x1FCD,0x0000
0.0197575000,2,0x1FCD,0x0000
0.0197619400,2,0x1FCD,0x0000
0.0197663900,2,0x1FCD,0x0000
0.0197708300,2,0x1FCD,0x0000
0.0197752800,2,0x1FCD,0x0000
0.0197797200,2,0x1FCD,0x0000
0.0197841600,2,0x1FCD,0x0000
0.0197886100,2,0x1FCD,0x0000
0.0197930500,2,0x1FCD,0x0000
0.0197975000,2,0x1FCD,0x0000
0.0198019400,2,0x1FCD,0x0000
0.0198063900,2,0x1FCD,0x0000
0.0198108300,2,0x1FCD,0x0000
0.0198152800,2,0x1FCD,0x0000
0.0198197200,2,0x1FCD,0x0000
0.0198241600,2,0x1FCD,0x0000
0.0198286100,2,0x1FCD,0x0000
0.0198330500,2,0x1FCD,0x0000
0.0198375000,2,0x1FCD,0x0000
0.0198419400,2,0x1FCD,0x0000
0.0198463900,2,0x1FCD,0x0000
0.0198508300,2,0x1FCD,0x0000
0.0198552800,2,0x1FCD,0x0000
0.0198597200,2,0x1FCD,0x0000
0.0198641600,2,0x1FCD,0x0000
0.0198686100,2,0x1FCD,0x0000
0.0198730500,2,0x1FCD,0x0000
0.0198775000,2,0x1FCD,0x0000
0.0198819400,2,0x1FCD,0x0000
0.0198863900,2,0x1FCD,0x0000
0.0198908300,2,0x1FCD,0x0000
0.0198952800,2,0x1FCD,0x0000
0.0198997200,2,0x1FCD,0x0000
0.0199041700,2,0x1FCD,0x0000
0.0199086100,2,0x1FCD,0x0000
0.0199130600,2,0x1FCD,0x0000
0.0199175000,2,0x1FCD,0x0000
0.0199219400,2,0x1FCD,0x0000
0.0199263900,2,0x1FCD,0x0000
0.0199308300,2,0x1FCD,0x0000
0.0199352800,2,0x1FCD,0x0000
0.0199397200,2,0x1FCD,0x0000
0.0199441600,2,0x1FCD,0x0000
0.0199486100,2,0x1FCD,0x0000
0.0199530500,2,0x1FCD,0x0000
0.0199575000,2,0x1FCD,0x0000
0.0199619400,2,0x1FCD,0x0000
0.0199663900,2,0x1FCD,0x0000
0.0199708300,2,0x1FCD,0x0000
0.0199752800,2,0x1FCD,0x0000
0.0199797200,2,0x1FCD,0x0000
0.0199841700,2,0x1FCD,0x0000
0.0199886100,2,0x1FCD,0x0000
0.0199930600,2,0x1FCD,0x0000
0.0199975000,2,0x1FCD,0x0000
0.0200019400,2,0x1FCD,0x0000
0.0200063900,2,0x1FCD,0x0000
0.0200108300,2,0x1FCD,0x0000
0.0200152800,2,0x1FCD,0x0000
0.0200197200,2,0x1FCD,0x0000
0.0200241700,2,0x1FCD,0x0000
0.0200286100,2,0x1FCD,0x0000
0.0200330600,2,0x1FCD,0x0000
0.0200375000,2,0x1FCD,0x0000
0.0200419400,2,0x1FCD,0x0000
0.0200463900,2,0x1FCD,0x0000
0.0200508300,2,0x1FCD,0x0000
0.0200552800,2,0x1FCD,0x0000
0.0200597200,2,0x1FCD,0x0000
0.0200641700,2,0x1FCD,0x0000
0.0200686100,2,0x1FCD,0x0000
0.0200730600,2,0x1FCD,0x0000
0.0200775000,2,0x1FCD,0x0000
0.0200819400,2,0x1FCD,0x0000
0.0200863900,2,0x1FCD,0x0000
0.0200908300,2,0x1FCD,0x0000
0.0200952800,2,0x1FCD,0x0000
0.0200997200,2,0x1FCD,0x0000
0.0201041700,2,0x1FCD,0x0000
0.0201086100,2,0x1FCD,0x0000
0.0201130600,2,0x1FCD,0x0000
0.0201175000,2,0x1FCD,0x0000
0.0201219400,2,0x1FCD,0x0000
0.0201263900,2,0x1FCD,0x0000
0.0201308300,2,0x1FCD,0x0000
0.0201352800,2,0x1FCD,0x0000
0.0201397200,2,0x1FCD,0x0000
0.0201441700,2,0x1FCD,0x0000
0.0201486100,2,0x1FCD,0x0000
0.0201530600,2,0x1FCD,0x0000
0.0201575000,2,0x1FCD,0x0000
0.0201619500,2,0x1FCD,0x0000
0.0201663900,2,0x1FCD,0x0000
0.0201708300,2,0x1FCD,0x0000
0.0201752800,2,0x1FCD,0x0000
0.0201797200,2,0x1FCD,0x0000
0.0201841700,2,0x1FCD,0x0000
0.0201886100,2,0x1FCD,0x0000
0.0201930600,2,0x1FCD,0x0000
0.0201975000,2,0x1FCD,0x0000
0.0202019500,2,0x1FCD,0x0000
0.0202063900,2,0x1FCD,0x0000
0.0202108300,2,0x1FCD,0x0000
0.0202152800,2,0x1FCD,0x0000
0.0202197200,2,0x1FCD,0x0000
0.0202241700,2,0x1FCD,0x0000
0.0202286100,2,0x1FCD,0x0000
0.0202330600,2,0x1FCD,0x0000
0.0202375000,2,0x1FCD,0x0000
0.0202419500,2,0x1FCD,0x0000
0.0202463900,2,0x1FCD,0x0000
0.0202508300,2,0x1FCD,0x0000
0.0202552800,2,0x1FCD,0x0000
0.0202597200,2,0x1FCD,0x0000
0.0202641700,2,0x1FCD,0x0000
0.0202686100,2,0x1FCD,0x0000
0.0202730600,2,0x1FCD,0x0000
0.0202775000,2,0x1FCD,0x0000
0.0202819500,2,0x1FCD,0x0000
0.0202863900,2,0x1FCD,0x0000
0.0202908300,2,0x1FCD,0x0000
0.0202952800,2,0x1FCD,0x0000
0.0202997200,2,0x1FCD,0x0000
0.0203041700,2,0x1FCD,0x0000
0.0203086100,2,0x1FCD,0x0000
0.0203130600,2,0x1FCD,0x0000
0.0203175000,2,0x1FCD,0x0000
0.0203219500,2,0x1FCD,0x0000
0.0203263900,2,0x1FCD,0x0000
0.0203308400,2,0x1FCD,0x0000
0.0203352800,2,0x1FCD,0x0000
0.0203397200,2,0x1FCD,0x0000
0.0203441700,2,0x1FCD,0x0000
0.0203486100,2,0x1FCD,0x0000
0.0203530600,2,0x1FCD,0x0000
0.0203575000,2,0x1FCD,0x0000
0.0203619500,2,0x1FCD,0x0000
0.0203663900,2,0x1FCD,0x0000
0.0203708400,2,0x1FCD,0x0000
0.0203752800,2,0x1FCD,0x0000
0.0203797200,2,0x1FCD,0x0000
0.0203841700,2,0x1FCD,0x0000
0.0203886100,2,0x1FCD,0x0000
0.0203930600,2,0x1FCD,0x0000
0.0203975000,2,0x1FCD,0x0000
0.0204019500,2,0x1FCD,0x0000
0.0204063900,2,0x1FCD,0x0000
0.0204108400,2,0x1FCD,0x0000
0.0204152800,2,0x1FCD,0x0000
0.0204197200,2,0x1FCD,0x0000
0.0204241700,2,0x1FCD,0x0000
0.0204286100,2,0x1FCD,0x0000
0.0204330600,2,0x1FCD,0x0000
0.0204375000,2,0x1FCD,0x0000
0.0204419500,2,0x1FCD,0x0000
0.0204463900,2,0x1FCD,0x0000
0.0204508400,2,0x1FCD,0x0000
0.0204552800,2,0x1FCD,0x0000
0.0204597200,2,0x1FCD,0x0000
0.0204641700,2,0x1FCD,0x0000
0.0204686100,2,0x1FCD,0x0000
0.0204730600,2,0x1FCD,0x0000
0.0204775000,2,0x1FCD,0x0000
0.0204819500,2,0x1FCD,0x0000
0.0204863900,2,0x1FCD,0x0000
0.0204908400,2,0x1FCD,0x0000
0.0204952800,2,0x1FCD,0x0000
0.0204997300,2,0x1FCD,0x0000
0.0205041700,2,0x1FCD,0x0000
0.0205086100,2,0x1FCD,0x0000
0.0205130600,2,0x1FCD,0x0000
0.0205175000,2,0x1FCD,0x0000
0.0205219500,2,0x1FCD,0x0000
0.0205263900,2,0x1FCD,0x0000
0.0205308400,2,0x1FCD,0x0000
0.0205352800,2,0x1FCD,0x0000
0.0205397200,2,0x1FCD,0x0000
0.0205441700,2,0x1FCD,0x0000
0.0205486100,2,0x1FCD,0x0000
0.0205530600,2,0x1FCD,0x0000
0.0205575000,2,0x1FCD,0x0000
0.0205619500,2,0x1FCD,0x0000
0.0205663900,2,0x1FCD,0x0000
0.0205708400,2,0x1FCD,0x0000
0.0205752800,2,0x1FCD,0x0000
0.0205797300,2,0x1FCD,0x0000
0.0205841700,2,0x1FCD,0x0000
0.0205886100,2,0x1FCD,0x0000
0.0205930600,2,0x1FCD,0x0000
0.0205975000,2,0x1FCD,0x0000
0.0206019500,2,0x1FCD,0x0000
0.0206063900,2,0x1FCD,0x0000
0.0206108400,2,0x1FCD,0x0000
0.0206152800,2,0x1FCD,0x0000
0.0206197300,2,0x1FCD,0x0000
0.0206241700,2,0x1FCD,0x0000
0.0206286100,2,0x1FCD,0x0000
0.0206330600,2,0x1FCD,0x0000
0.0206375000,2,0x1FCD,0x0000
0.0206419500,2,0x1FCD,0x0000
0.0206463900,2,0x1FCD,0x0000
0.0206508400,2,0x1FCD,0x0000
0.0206552800,2,0x1FCD,0x0000
0.0206597300,2,0x1FCD,0x0000
0.0206641700,2,0x1FCD,0x0000
0.0206686100,2,0x1FCD,0x0000
0.0206730600,2,0x1FCD,0x0000
0.0206775000,2,0x1FCD,0x0000
0.0206819500,2,0x1FCD,0x0000
0.0206863900,2,0x1FCD,0x0000
0.0206908400,2,0x1FCD,0x0000
0.0206952800,2,0x1FCD,0x0000
0.0206997300,2,0x1FCD,0x0000
0.0207041700,2,0x1FCD,0x0000
0.0207086100,2,0x1FCD,0x0000
0.0207130600,2,0x1FCD,0x0000
0.0207175000,2,0x1FCD,0x0000
0.0207219500,2,0x1FCD,0x0000
0.0207263900,2,0x1FCD,0x0000
0.0207308400,2,0x1FCD,0x0000
0.0207352800,2,0x1FCD,0x0000
0.0207397300,2,0x1FCD,0x0000
0.0207441700,2,0x1FCD,0x0000
0.0207486100,2,0x1FCD,0x0000
0.0207530600,2,0x1FCD,0x0000
0.0207575000,2,0x1FCD,0x0000
0.0207619500,2,0x1FCD,0x0000
0.0207663900,2,0x1FCD,0x0000
0.0207708400,2,0x1FCD,0x0000
0.0207752800,2,0x1FCD,0x0000
0.0207797300,2,0x1FCD,0x0000
0.0207841700,2,0x1FCD,0x0000
0.0207886100,2,0x1FCD,0x0000
0.0207930600,2,0x1FCD,0x0000
0.0207975000,2,0x0000,0x0000
0.0208019500,2,0x0000,0x0000
0.0208063900,2,0x0000,0x0000
0.0259175300,3,0x55AA,0x0000
0.0259219700,3,0x2DEC,0x0000
0.0259264200,3,0x01FF,0x0000
0.0259308600,3,0x1FCD,0x0000
0.0259353100,3,0x1FCD,0x0000
0.0259397500,3,0x1FCD,0x0000
0.0259442000,3,0x1FCD,0x0000
0.0259486400,3,0x1FCD,0x0000
0.0259530800,3,0x1FCD,0x0000
0.0259575300,3,0x1FCD,0x0000
0.0259619700,3,0x1FCD,0x0000
0.0259664200,3,0x1FCD,0x0000
0.0259708600,3,0x1FCD,0x0000
0.0259753100,3,0x1FCD,0x0000
0.0259797500,3,0x1FCD,0x0000
0.0259842000,3,0x1FCD,0x0000
0.0259886400,3,0x1FCD,0x0000
0.0259930800,3,0x1FCD,0x0000
0.0259975300,3,0x1FCD,0x0000
0.0260019700,3,0x1FCD,0x0000
0.0260064200,3,0x1FCD,0x0000
0.0260108600,3,0x1FCD,0x0000
0.0260153100,3,0x1FCD,0x0000
0.0260197500,3,0x1FCD,0x0000
0.0260242000,3,0x1FCD,0x0000
0.0260286400,3,0x1FCD,0x0000
0.0260330900,3,0x1FCD,0x0000
0.0260375300,3,0x1FCD,0x0000
0.0260419700,3,0x1FCD,0x0000
0.0260464200,3,0x1FCD,0x0000
0.0260508600,3,0x1FCD,0x0000
0.0260553100,3,0x1FCD,0x0000
0.0260597500,3,0x1FCD,0x0000
0.0260642000,3,0x1FCD,0x0000
0.0260686400,3,0x1FCD,0x0000
0.0260730900,3,0x1FCD,0x0000
0.0260775300,3,0x1FCD,0x0000
0.0260819700,3,0x1FCD,0x0000
0.0260864200,3,0x1FCD,0x0000
0.0260908600,3,0x1FCD,0x0000
0.0260953100,3,0x1FCD,0x0000
0.0260997500,3,0x1FCD,0x0000
0.0261042000,3,0x1FCD,0x0000
0.0261086400,3,0x1FCD,0x0000
0.0261130900,3,0x1FCD,0x0000
0.0261175300,3,0x1FCD,0x0000
0.0261219800,3,0x1FCD,0x0000
0.0261264200,3,0x1FCD,0x0000
0.0261308600,3,0x1FCD,0x0000
0.0261353100,3,0x1FCD,0x0000
0.0261397500,3,0x1FCD,0x0000
0.0261442000,3,0x1FCD,0x0000
0.0261486400,3,0x1FCD,0x0000
0.0261530900,3,0x1FCD,0x0000
0.0261575300,3,0x1FCD,0x0000
0.0261619700,3,0x1FCD,0x0000
0.0261664200,3,0x1FCD,0x0000
0.0261708600,3,0x1FCD,0x0000
0.0261753100,3,0x1FCD,0x0000
0.0261797500,3,0x1FCD,0x0000
0.0261842000,3,0x1FCD,0x0000
0.0261886400,3,0x1FCD,0x0000
0.0261930900,3,0x1FCD,0x0000
0.0261975300,3,0x1FCD,0x0000
0.0262019800,3,0x1FCD,0x0000
0.0262064200,3,0x1FCD,0x0000
0.0262108600,3,0x1FCD,0x0000
0.0262153100,3,0x1FCD,0x0000
0.0262197500,3,0x1FCD,0x0000
0.0262242000,3,0x1FCD,0x0000
0.0262286400,3,0x1FCD,0x0000
0.0262330900,3,0x1FCD,0x0000
0.0262375300,3,0x1FCD,0x0000
0.0262419800,3,0x1FCD,0x0000
0.0262464200,3,0x1FCD,0x0000
0.0262508600,3,0x1FCD,0x0000
0.0262553100,3,0x1FCD,0x0000
0.0262597500,3,0x1FCD,0x0000
0.0262642000,3,0x1FCD,0x0000
0.0262686400,3,0x1FCD,0x0000
0.0262730900,3,0x1FCD,0x0000
0.0262775300,3,0x1FCD,0x0000
0.0262819800,3,0x1FCD,0x0000
0.0262864200,3,0x1FCD,0x0000
0.0262908600,3,0x1FCD,0x0000
0.0262953100,3,0x1FCD,0x0000
0.0262997500,3,0x1FCD,0x0000
0.0263042000,3,0x1FCD,0x0000
0.0263086400,3,0x1FCD,0x0000
0.0263130900,3,0x1FCD,0x0000
0.0263175300,3,0x1FCD,0x0000
0.0263219800,3,0x1FCD,0x0000
0.0263264200,3,0x1FCD,0x0000
0.0263308600,3,0x1FCD,0x0000
0.0263353100,3,0x1FCD,0x0000
0.0263397500,3,0x1FCD,0x0000
0.0263442000,3,0x1FCD,0x0000
0.0263486400,3,0x1FCD,0x0000
0.0263530900,3,0x1FCD,0x0000
0.0263575300,3,0x1FCD,0x0000
0.0263619800,3,0x1FCD,0x0000
0.0263664200,3,0x1FCD,0x0000
0.0263708600,3,0x1FCD,0x0000
0.0263753100,3,0x1FCD,0x0000
0.0263797500,3,0x1FCD,0x0000
0.0263842000,3,0x1FCD,0x0000
0.0263886400,3,0x1FCD,0x0000
0.0263930900,3,0x1FCD,0x0000
0.0263975300,3,0x1FCD,0x0000
0.0264019800,3,0x1FCD,0x0000
0.0264064200,3,0x1FCD,0x0000
0.0264108600,3,0x1FCD,0x0000
0.0264153100,3,0x1FCD,0x0000
0.0264197500,3,0x1FCD,0x0000
0.0264242000,3,0x1FCD,0x0000
0.0264286400,3,0x1FCD,0x0000
0.0264330900,3,0x1FCD,0x0000
0.0264375300,3,0x1FCD,0x0000
0.0264419800,3,0x1FCD,0x0000
0.0264464200,3,0x1FCD,0x0000
0.0264508600,3,0x1FCD,0x0000
0.0264553100,3,0x1FCD,0x0000
0.0264597500,3,0x1FCD,0x0000
0.0264642000,3,0x1FCD,0x0000
0.0264686400,3,0x1FCD,0x0000
0.0264730900,3,0x1FCD,0x0000
0.0264775300,3,0x1FCD,0x0000
0.0264819800,3,0x1FCD,0x0000
0.0264864200,3,0x1FCD,0x0000
0.0264908600,3,0x1FCD,0x0000
0.0264953100,3,0x1FCD,0x0000
0.0264997500,3,0x1FCD,0x0000
0.0265042000,3,0x1FCD,0x0000
0.0265086400,3,0x1FCD,0x0000
0.0265130900,3,0x1FCD,0x0000
0.0265175300,3,0x1FCD,0x0000
0.0265219800,3,0x1FCD,0x0000
0.0265264200,3,0x1FCD,0x0000
0.0265308600,3,0x1FCD,0x0000
0.0265353100,3,0x1FCD,0x0000
0.0265397500,3,0x1FCD,0x0000
0.0265442000,3,0x1FCD,0x0000
0.0265486400,3,0x1FCD,0x0000
0.0265530900,3,0x1FCD,0x0000
0.0265575300,3,0x1FCD,0x0000
0.0265619800,3,0x1FCD,0x0000
0.0265664200,3,0x1FCD,0x0000
0.0265708600,3,0x1FCD,0x0000
0.0265753100,3,0x1FCD,0x0000
0.0265797500,3,0x1FCD,0x0000
0.0265842000,3,0x1FCD,0x0000
0.0265886400,3,0x1FCD,0x0000
0.0265930900,3,0x1FCD,0x0000
0.0265975300,3,0x1FCD,0x0000
0.0266019800,3,0x1FCD,0x0000
0.0266064200,3,0x1FCD,0x0000
0.0266108700,3,0x1FCD,0x0000
0.0266153100,3,0x1FCD,0x0000
0.0266197500,3,0x1FCD,0x0000
0.0266242000,3,0x1FCD,0x0000
0.0266286400,3,0x1FCD,0x0000
0.0266330900,3,0x1FCD,0x0000
0.0266375300,3,0x1FCD,0x0000
0.0266419800,3,0x1FCD,0x0000
0.0266464200,3,0x1FCD,0x0000
0.0266508700,3,0x1FCD,0x0000
0.0266553100,3,0x1FCD,0x0000
0.0266597500,3,0x1FCD,0x0000
0.0266642000,3,0x1FCD,0x0000
0.0266686400,3,0x1FCD,0x0000
0.0266730900,3,0x1FCD,0x0000
0.0266775300,3,0x1FCD,0x0000
0.0266819800,3,0x1FCD,0x0000
0.0266864200,3,0x1FCD,0x0000
0.0266908700,3,0x1FCD,0x0000
0.0266953100,3,0x1FCD,0x0000
0.0266997600,3,0x1FCD,0x0000
0.0267042000,3,0x1FCD,0x0000
0.0267086400,3,0x1FCD,0x0000
0.0267130900,3,0x1FCD,0x0000
0.0267175300,3,0x1FCD,0x0000
0.0267219800,3,0x1FCD,0x0000
0.0267264200,3,0x1FCD,0x0000
0.0267308700,3,0x1FCD,0x0000
0.0267353100,3,0x1FCD,0x0000
0.0267397600,3,0x1FCD,0x0000
0.0267442000,3,0x1FCD,0x0000
0.0267486400,3,0x1FCD,0x0000
0.0267530900,3,0x1FCD,0x0000
0.0267575300,3,0x1FCD,0x0000
0.0267619800,3,0x1FCD,0x0000
0.0267664200,3,0x1FCD,0x0000
0.0267708700,3,0x1FCD,0x0000
0.0267753100,3,0x1FCD,0x0000
0.0267797600,3,0x1FCD,0x0000
0.0267842000,3,0x1FCD,0x0000
0.0267886400,3,0x1FCD,0x0000
0.0267930900,3,0x1FCD,0x0000
0.0267975300,3,0x1FCD,0x0000
0.0268019800,3,0x1FCD,0x0000
0.0268064200,3,0x1FCD,0x0000
0.0268108700,3,0x1FCD,0x0000
0.0268153100,3,0x1FCD,0x0000
0.0268197600,3,0x1FCD,0x0000
0.0268242000,3,0x1FCD,0x0000
0.0268286400,3,0x1FCD,0x0000
0.0268330900,3,0x1FCD,0x0000
0.0268375300,3,0x1FCD,0x0000
0.0268419800,3,0x1FCD,0x0000
0.0268464200,3,0x1FCD,0x0000
0.0268508700,3,0x1FCD,0x0000
0.0268553100,3,0x1FCD,0x0000
0.0268597600,3,0x1FCD,0x0000
0.0268642000,3,0x1FCD,0x0000
0.0268686500,3,0x1FCD,0x0000
0.0268730900,3,0x1FCD,0x0000
0.0268775300,3,0x1FCD,0x0000
0.0268819800,3,0x1FCD,0x0000
0.0268864200,3,0x1FCD,0x0000
0.0268908700,3,0x1FCD,0x0000
0.0268953100,3,0x1FCD,0x0000
0.0268997600,3,0x1FCD,0x0000
0.0269042000,3,0x1FCD,0x0000
0.0269086500,3,0x1FCD,0x0000
0.0269130900,3,0x1FCD,0x0000
0.0269175300,3,0x1FCD,0x0000
0.0269219800,3,0x1FCD,0x0000
0.0269264200,3,0x1FCD,0x0000
0.0269308700,3,0x1FCD,0x0000
0.0269353100,3,0x1FCD,0x0000
0.0269397600,3,0x1FCD,0x0000
0.0269442000,3,0x1FCD,0x0000
0.0269486500,3,0x1FCD,0x0000
0.0269530900,3,0x1FCD,0x0000
0.0269575300,3,0x1FCD,0x0000
0.0269619800,3,0x1FCD,0x0000
0.0269664200,3,0x1FCD,0x0000
0.0269708700,3,0x1FCD,0x0000
0.0269753100,3,0x1FCD,0x0000
0.0269797600,3,0x1FCD,0x0000
0.0269842000,3,0x1FCD,0x0000
0.0269886500,3,0x1FCD,0x0000
0.0269930900,3,0x1FCD,0x0000
0.0269975300,3,0x1FCD,0x0000
0.0270019800,3,0x1FCD,0x0000
0.0270064200,3,0x1FCD,0x0000
0.0270108700,3,0x1FCD,0x0000
0.0270153100,3,0x1FCD,0x0000
0.0270197600,3,0x1FCD,0x0000
0.0270242000,3,0x1FCD,0x0000
0.0270286500,3,0x1FCD,0x0000
0.0270330900,3,0x1FCD,0x0000
0.0270375400,3,0x1FCD,0x0000
0.0270419800,3,0x1FCD,0x0000
0.0270464200,3,0x1FCD,0x0000
0.0270508700,3,0x1FCD,0x0000
0.0270553100,3,0x1FCD,0x0000
0.0270597600,3,0x1FCD,0x0000
0.0270642000,3,0x1FCD,0x0000
0.0270686500,3,0x1FCD,0x0000
0.0270730900,3,0x1FCD,0x0000
0.0270775300,3,0x1FCD,0x0000
0.0270819800,3,0x1FCD,0x0000
0.0270864200,3,0x1FCD,0x0000
0.0270908700,3,0x1FCD,0x0000
0.0270953100,3,0x1FCD,0x0000
0.0270997600,3,0x1FCD,0x0000
0.0271042000,3,0x1FCD,0x0000
0.0271086500,3,0x1FCD,0x0000
0.0271130900,3,0x1FCD,0x0000
0.0271175400,3,0x1FCD,0x0000
0.0271219800,3,0x1FCD,0x0000
0.0271264200,3,0x1FCD,0x0000
0.0271308700,3,0x1FCD,0x0000
0.0271353100,3,0x1FCD,0x0000
0.0271397600,3,0x1FCD,0x0000
0.0271442000,3,0x1FCD,0x0000
0.0271486500,3,0x1FCD,0x0000
0.0271530900,3,0x1FCD,0x0000
0.0271575400,3,0x1FCD,0x0000
0.0271619800,3,0x1FCD,0x0000
0.0271664200,3,0x1FCD,0x0000
0.0271708700,3,0x1FCD,0x0000
0.0271753100,3,0x1FCD,0x0000
0.0271797600,3,0x1FCD,0x0000
0.0271842000,3,0x1FCD,0x0000
0.0271886500,3,0x1FCD,0x0000
0.0271930900,3,0x1FCD,0x0000
0.0271975400,3,0x1FCD,0x0000
0.0272019800,3,0x1FCD,0x0000
0.0272064200,3,0x1FCD,0x0000
0.0272108700,3,0x1FCD,0x0000
0.0272153100,3,0x1FCD,0x0000
0.0272197600,3,0x1FCD,0x0000
0.0272242000,3,0x1FCD,0x0000
0.0272286500,3,0x1FCD,0x0000
0.0272330900,3,0x1FCD,0x0000
0.0272375400,3,0x1FCD,0x0000
0.0272419800,3,0x1FCD,0x0000
0.0272464200,3,0x1FCD,0x0000
0.0272508700,3,0x1FCD,0x0000
0.0272553100,3,0x1FCD,0x0000
0.0272597600,3,0x1FCD,0x0000
0.0272642000,3,0x1FCD,0x0000
0.0272686500,3,0x1FCD,0x0000
0.0272730900,3,0x1FCD,0x0000
0.0272775400,3,0x1FCD,0x0000
0.0272819800,3,0x1FCD,0x0000
0.0272864300,3,0x1FCD,0x0000
0.0272908700,3,0x1FCD,0x0000
0.0272953100,3,0x1FCD,0x0000
0.0272997600,3,0x1FCD,0x0000
0.0273042000,3,0x1FCD,0x0000
0.0273086500,3,0x1FCD,0x0000
0.0273130900,3,0x1FCD,0x0000
0.0273175400,3,0x1FCD,0x0000
0.0273219800,3,0x1FCD,0x0000
0.0273264300,3,0x1FCD,0x0000
0.0273308700,3,0x1FCD,0x0000
0.0273353100,3,0x1FCD,0x0000
0.0273397600,3,0x1FCD,0x0000
0.0273442000,3,0x1FCD,0x0000
0.0273486500,3,0x1FCD,0x0000
0.0273530900,3,0x1FCD,0x0000
0.0273575400,3,0x1FCD,0x0000
0.0273619800,3,0x1FCD,0x0000
0.0273664300,3,0x1FCD,0x0000
0.0273708700,3,0x1FCD,0x0000
0.0273753100,3,0x1FCD,0x0000
0.0273797600,3,0x1FCD,0x0000
0.0273842000,3,0x1FCD,0x0000
0.0273886500,3,0x1FCD,0x0000
0.0273930900,3,0x1FCD,0x0000
0.0273975400,3,0x1FCD,0x0000
0.0274019800,3,0x1FCD,0x0000
0.0274064300,3,0x1FCD,0x0000
0.0274108700,3,0x1FCD,0x0000
0.0274153100,3,0x1FCD,0x0000
0.0274197600,3,0x1FCD,0x0000
0.0274242000,3,0x1FCD,0x0000
0.0274286500,3,0x1FCD,0x0000
0.0274330900,3,0x1FCD,0x0000
0.0274375400,3,0x1FCD,0x0000
0.0274419800,3,0x1FCD,0x0000
0.0274464300,3,0x1FCD,0x0000
0.0274508700,3,0x1FCD,0x0000
0.0274553100,3,0x1FCD,0x0000
0.0274597600,3,0x1FCD,0x0000
0.0274642000,3,0x1FCD,0x0000
0.0274686500,3,0x1FCD,0x0000
0.0274730900,3,0x1FCD,0x0000
0.0274775400,3,0x1FCD,0x0000
0.0274819800,3,0x1FCD,0x0000
0.0274864300,3,0x1FCD,0x0000
0.0274908700,3,0x1FCD,0x0000
0.0274953100,3,0x1FCD,0x0000
0.0274997600,3,0x1FCD,0x0000
0.0275042000,3,0x1FCD,0x0000
0.0275086500,3,0x1FCD,0x0000
0.0275130900,3,0x1FCD,0x0000
0.0275175400,3,0x1FCD,0x0000
0.0275219800,3,0x1FCD,0x0000
0.0275264300,3,0x1FCD,0x0000
0.0275308700,3,0x1FCD,0x0000
0.0275353100,3,0x1FCD,0x0000
0.0275397600,3,0x1FCD,0x0000
0.0275442000,3,0x1FCD,0x0000
0.0275486500,3,0x1FCD,0x0000
0.0275530900,3,0x1FCD,0x0000
0.0275575400,3,0x1FCD,0x0000
0.0275619800,3,0x1FCD,0x0000
0.0275664300,3,0x1FCD,0x0000
0.0275708700,3,0x1FCD,0x0000
0.0275753100,3,0x1FCD,0x0000
0.0275797600,3,0x1FCD,0x0000
0.0275842000,3,0x1FCD,0x0000
0.0275886500,3,0x1FCD,0x0000
0.0275930900,3,0x1FCD,0x0000
0.0275975400,3,0x1FCD,0x0000
0.0276019800,3,0x1FCD,0x0000
0.0276064300,3,0x1FCD,0x0000
0.0276108700,3,0x1FCD,0x0000
0.0276153100,3,0x1FCD,0x0000
0.0276197600,3,0x1FCD,0x0000
0.0276242000,3,0x1FCD,0x0000
0.0276286500,3,0x1FCD,0x0000
0.0276330900,3,0x1FCD,0x0000
0.0276375400,3,0x1FCD,0x0000
0.0276419800,3,0x1FCD,0x0000
0.0276464300,3,0x1FCD,0x0000
0.0276508700,3,0x1FCD,0x0000
0.0276553100,3,0x1FCD,0x0000
0.0276597600,3,0x1FCD,0x0000
0.0276642000,3,0x1FCD,0x0000
0.0276686500,3,0x1FCD,0x0000
0.0276730900,3,0x1FCD,0x0000
0.0276775400,3,0x1FCD,0x0000
0.0276819800,3,0x1FCD,0x0000
0.0276864300,3,0x1FCD,0x0000
0.0276908700,3,0x1FCD,0x0000
0.0276953100,3,0x1FCD,0x0000
0.0276997600,3,0x1FCD,0x0000
0.0277042000,3,0x1FCD,0x0000
0.0277086500,3,0x1FCD,0x0000
0.0277130900,3,0x1FCD,0x0000
0.0277175400,3,0x1FCD,0x0000
0.0277219800,3,0x1FCD,0x0000
0.0277264300,3,0x1FCD,0x0000
0.0277308700,3,0x1FCD,0x0000
0.0277353200,3,0x1FCD,0x0000
0.0277397600,3,0x1FCD,0x0000
0.0277442100,3,0x1FCD,0x0000
0.0277486500,3,0x1FCD,0x0000
0.0277530900,3,0x1FCD,0x0000
0.0277575400,3,0x1FCD,0x0000
0.0277619800,3,0x1FCD,0x0000
0.0277664300,3,0x1FCD,0x0000
0.0277708700,3,0x1FCD,0x0000
0.0277753200,3,0x1FCD,0x0000
0.0277797600,3,0x1FCD,0x0000
0.0277842100,3,0x1FCD,0x0000
0.0277886500,3,0x1FCD,0x0000
0.0277930900,3,0x1FCD,0x0000
0.0277975400,3,0x1FCD,0x0000
0.0278019800,3,0x1FCD,0x0000
0.0278064300,3,0x1FCD,0x0000
0.0278108700,3,0x1FCD,0x0000
0.0278153200,3,0x1FCD,0x0000
0.0278197600,3,0x1FCD,0x0000
0.0278242100,3,0x1FCD,0x0000
0.0278286500,3,0x1FCD,0x0000
0.0278330900,3,0x1FCD,0x0000
0.0278375400,3,0x1FCD,0x0000
0.0278419800,3,0x1FCD,0x0000
0.0278464300,3,0x1FCD,0x0000
0.0278508700,3,0x1FCD,0x0000
0.0278553100,3,0x1FCD,0x0000
0.0278597600,3,0x1FCD,0x0000
0.0278642100,3,0x1FCD,0x0000
0.0278686500,3,0x1FCD,0x0000
0.0278730900,3,0x1FCD,0x0000
0.0278775400,3,0x1FCD,0x0000
0.0278819800,3,0x1FCD,0x0000
0.0278864300,3,0x1FCD,0x0000
0.0278908700,3,0x1FCD,0x0000
0.0278953200,3,0x1FCD,0x0000
0.0278997600,3,0x1FCD,0x0000
0.0279042100,3,0x1FCD,0x0000
0.0279086500,3,0x1FCD,0x0000
0.0279130900,3,0x1FCD,0x0000
0.0279175400,3,0x1FCD,0x0000
0.0279219800,3,0x1FCD,0x0000
0.0279264300,3,0x1FCD,0x0000
0.0279308700,3,0x1FCD,0x0000
0.0279353200,3,0x1FCD,0x0000
0.0279397600,3,0x1FCD,0x0000
0.0279442100,3,0x1FCD,0x0000
0.0279486500,3,0x1FCD,0x0000
0.0279530900,3,0x1FCD,0x0000
0.0279575400,3,0x1FCD,0x0000
0.0279619800,3,0x1FCD,0x0000
0.0279664300,3,0x1FCD,0x0000
0.0279708700,3,0x1FCD,0x0000
0.0279753200,3,0x1FCD,0x0000
0.0279797600,3,0x1FCD,0x0000
0.0279842100,3,0x1FCD,0x0000
0.0279886500,3,0x1FCD,0x0000
0.0279931000,3,0x1FCD,0x0000
0.0279975400,3,0x1FCD,0x0000
0.0280019800,3,0x1FCD,0x0000
0.0280064300,3,0x1FCD,0x0000
0.0280108700,3,0x1FCD,0x0000
0.0280153200,3,0x1FCD,0x0000
0.0280197600,3,0x1FCD,0x0000
0.0280242100,3,0x1FCD,0x0000
0.0280286500,3,0x1FCD,0x0000
0.0280330900,3,0x1FCD,0x0000
0.0280375400,3,0x1FCD,0x0000
0.0280419800,3,0x1FCD,0x0000
0.0280464300,3,0x1FCD,0x0000
0.0280508700,3,0x1FCD,0x0000
0.0280553200,3,0x1FCD,0x0000
0.0280597600,3,0x1FCD,0x0000
0.0280642100,3,0x1FCD,0x0000
0.0280686500,3,0x1FCD,0x0000
0.0280731000,3,0x1FCD,0x0000
0.0280775400,3,0x1FCD,0x0000
0.0280819800,3,0x1FCD,0x0000
0.0280864300,3,0x1FCD,0x0000
0.0280908700,3,0x1FCD,0x0000
0.0280953200,3,0x1FCD,0x0000
0.0280997600,3,0x1FCD,0x0000
0.0281042100,3,0x1FCD,0x0000
0.0281086500,3,0x1FCD,0x0000
0.0281131000,3,0x1FCD,0x0000
0.0281175400,3,0x1FCD,0x0000
0.0281219800,3,0x1FCD,0x0000
0.0281264300,3,0x1FCD,0x0000
0.0281308700,3,0x1FCD,0x0000
0.0281353200,3,0x1FCD,0x0000
0.0281397600,3,0x1FCD,0x0000
0.0281442100,3,0x1FCD,0x0000
0.0281486500,3,0x1FCD,0x0000
0.0281531000,3,0x1FCD,0x0000
0.0281575400,3,0x1FCD,0x0000
0.0281619800,3,0x1FCD,0x0000
0.0281664300,3,0x1FCD,0x0000
0.0281708700,3,0x1FCD,0x0000
0.0281753200,3,0x1FCD,0x0000
0.0281797600,3,0x1FCD,0x0000
0.0281842100,3,0x1FCD,0x0000
0.0281886500,3,0x1FCD,0x0000
0.0281931000,3,0x1FCD,0x0000
0.0281975400,3,0x1FCD,0x0000
0.0282019800,3,0x1FCD,0x0000
0.0282064300,3,0x1FCD,0x0000
0.0282108700,3,0x1FCD,0x0000
0.0282153200,3,0x1FCD,0x0000
0.0282197600,3,0x1FCD,0x0000
0.0282242100,3,0x1FCD,0x0000
0.0282286500,3,0x1FCD,0x0000
0.0282331000,3,0x1FCD,0x0000
0.0282375400,3,0x1FCD,0x0000
0.0282419900,3,0x1FCD,0x0000
0.0282464300,3,0x1FCD,0x0000
0.0282508700,3,0x1FCD,0x0000
0.0282553200,3,0x1FCD,0x0000
0.0282597600,3,0x1FCD,0x0000
0.0282642100,3,0x1FCD,0x0000
0.0282686500,3,0x1FCD,0x0000
0.0282731000,3,0x1FCD,0x0000
0.0282775400,3,0x1FCD,0x0000
0.0282819900,3,0x1FCD,0x0000
0.0282864300,3,0x1FCD,0x0000
0.0282908700,3,0x1FCD,0x0000
0.0282953200,3,0x1FCD,0x0000
0.0282997600,3,0x1FCD,0x0000
0.0283042100,3,0x1FCD,0x0000
0.0283086500,3,0x1FCD,0x0000
0.0283131000,3,0x1FCD,0x0000
0.0283175400,3,0x1FCD,0x0000
0.0283219900,3,0x1FCD,0x0000
0.0283264300,3,0x1FCD,0x0000
0.0283308700,3,0x1FCD,0x0000
0.0283353200,3,0x1FCD,0x0000
0.0283397600,3,0x1FCD,0x0000
0.0283442100,3,0x1FCD,0x0000
0.0283486500,3,0x1FCD,0x0000
0.0283531000,3,0x1FCD,0x0000
0.0283575400,3,0x1FCD,0x0000
0.0283619900,3,0x1FCD,0x0000
0.0283664300,3,0x1FCD,0x0000
0.0283708700,3,0x1FCD,0x0000
0.0283753200,3,0x1FCD,0x0000
0.0283797600,3,0x1FCD,0x0000
0.0283842100,3,0x1FCD,0x0000
0.0283886500,3,0x1FCD,0x0000
0.0283931000,3,0x1FCD,0x0000
0.0283975400,3,0x1FCD,0x0000
0.0284019900,3,0x1FCD,0x0000
0.0284064300,3,0x1FCD,0x0000
0.0284108800,3,0x1FCD,0x0000
0.0284153200,3,0x1FCD,0x0000
0.0284197600,3,0x1FCD,0x0000
0.0284242100,3,0x1FCD,0x0000
0.0284286500,3,0x1FCD,0x0000
0.0284331000,3,0x1FCD,0x0000
0.0284375400,3,0x1FCD,0x0000
0.0284419900,3,0x1FCD,0x0000
0.0284464300,3,0x1FCD,0x0000
0.0284508800,3,0x1FCD,0x0000
0.0284553200,3,0x1FCD,0x0000
0.0284597600,3,0x1FCD,0x0000
0.0284642100,3,0x1FCD,0x0000
0.0284686500,3,0x1FCD,0x0000
0.0284731000,3,0x1FCD,0x0000
0.0284775400,3,0x1FCD,0x0000
0.0284819900,3,0x1FCD,0x0000
0.0284864300,3,0x1FCD,0x0000
0.0284908800,3,0x1FCD,0x0000
0.0284953200,3,0x1FCD,0x0000
0.0284997600,3,0x1FCD,0x0000
0.0285042100,3,0x1FCD,0x0000
0.0285086500,3,0x1FCD,0x0000
0.0285131000,3,0x1FCD,0x0000
0.0285175400,3,0x1FCD,0x0000
0.0285219900,3,0x1FCD,0x0000
0.0285264300,3,0x1FCD,0x0000
0.0285308800,3,0x1FCD,0x0000
0.0285353200,3,0x1FCD,0x0000
0.0285397600,3,0x1FCD,0x0000
0.0285442100,3,0x1FCD,0x0000
0.0285486500,3,0x1FCD,0x0000
0.0285531000,3,0x1FCD,0x0000
0.0285575400,3,0x1FCD,0x0000
0.0285619900,3,0x1FCD,0x0000
0.0285664300,3,0x1FCD,0x0000
0.0285708800,3,0x1FCD,0x0000
0.0285753200,3,0x1FCD,0x0000
0.0285797600,3,0x1FCD,0x0000
0.0285842100,3,0x1FCD,0x0000
0.0285886500,3,0x1FCD,0x0000
0.0285931000,3,0x1FCD,0x0000
0.0285975400,3,0x1FCD,0x0000
0.0286019900,3,0x1FCD,0x0000
0.0286064300,3,0x1FCD,0x0000
0.0286108800,3,0x1FCD,0x0000
0.0286153200,3,0x1FCD,0x0000
0.0286197600,3,0x1FCD,0x0000
0.0286242100,3,0x1FCD,0x0000
0.0286286500,3,0x1FCD,0x0000
0.0286331000,3,0x1FCD,0x0000
0.0286375400,3,0x1FCD,0x0000
0.0286419900,3,0x1FCD,0x0000
0.0286464300,3,0x1FCD,0x0000
0.0286508800,3,0x1FCD,0x0000
0.0286553200,3,0x1FCD,0x0000
0.0286597600,3,0x1FCD,0x0000
0.0286642100,3,0x1FCD,0x0000
0.0286686500,3,0x1FCD,0x0000
0.0286731000,3,0x1FCD,0x0000
0.0286775400,3,0x1FCD,0x0000
0.0286819900,3,0x1FCD,0x0000
0.0286864300,3,0x1FCD,0x0000
0.0286908800,3,0x1FCD,0x0000
0.0286953200,3,0x1FCD,0x0000
0.0286997600,3,0x1FCD,0x0000
0.0287042100,3,0x1FCD,0x0000
0.0287086500,3,0x1FCD,0x0000
0.0287131000,3,0x1FCD,0x0000
0.0287175400,3,0x1FCD,0x0000
0.0287219900,3,0x1FCD,0x0000
0.0287264300,3,0x1FCD,0x0000
0.0287308800,3,0x1FCD,0x0000
0.0287353200,3,0x1FCD,0x0000
0.0287397600,3,0x1FCD,0x0000
0.0287442100,3,0x1FCD,0x0000
0.0287486500,3,0x1FCD,0x0000
0.0287531000,3,0x1FCD,0x0000
0.0287575400,3,0x1FCD,0x0000
0.0287619900,3,0x1FCD,0x0000
0.0287664300,3,0x1FCD,0x0000
0.0287708800,3,0x1FCD,0x0000
0.0287753200,3,0x1FCD,0x0000
0.0287797600,3,0x1FCD,0x0000
0.0287842100,3,0x1FCD,0x0000
0.0287886500,3,0x1FCD,0x0000
0.0287931000,3,0x1FCD,0x0000
0.0287975400,3,0x1FCD,0x0000
0.0288019900,3,0x1FCD,0x0000
0.0288064300,3,0x1FCD,0x0000
0.0288108800,3,0x1FCD,0x0000
0.0288153200,3,0x1FCD,0x0000
0.0288197600,3,0x1FCD,0x0000
0.0288242100,3,0x1FCD,0x0000
0.0288286500,3,0x1FCD,0x0000
0.0288331000,3,0x1FCD,0x0000
0.0288375400,3,0x1FCD,0x0000
0.0288419900,3,0x1FCD,0x0000
0.0288464300,3,0x1FCD,0x0000
0.0288508800,3,0x1FCD,0x0000
0.0288553200,3,0x1FCD,0x0000
0.0288597700,3,0x1FCD,0x0000
0.0288642100,3,0x1FCD,0x0000
0.0288686600,3,0x1FCD,0x0000
0.0288731000,3,0x1FCD,0x0000
0.0288775400,3,0x1FCD,0x0000
0.0288819900,3,0x1FCD,0x0000
0.0288864300,3,0x1FCD,0x0000
0.0288908800,3,0x1FCD,0x0000
0.0288953200,3,0x1FCD,0x0000
0.0288997700,3,0x1FCD,0x0000
0.0289042100,3,0x1FCD,0x0000
0.0289086600,3,0x1FCD,0x0000
0.0289131000,3,0x1FCD,0x0000
0.0289175400,3,0x1FCD,0x0000
0.0289219900,3,0x1FCD,0x0000
0.0289264300,3,0x1FCD,0x0000
0.0289308800,3,0x1FCD,0x0000
0.0289353200,3,0x1FCD,0x0000
0.0289397700,3,0x1FCD,0x0000
0.0289442100,3,0x1FCD,0x0000
0.0289486600,3,0x1FCD,0x0000
0.0289531000,3,0x1FCD,0x0000
0.0289575400,3,0x1FCD,0x0000
0.0289619900,3,0x1FCD,0x0000
0.0289664300,3,0x1FCD,0x0000
0.0289708800,3,0x1FCD,0x0000
0.0289753200,3,0x1FCD,0x0000
0.0289797700,3,0x1FCD,0x0000
0.0289842100,3,0x1FCD,0x0000
0.0289886600,3,0x1FCD,0x0000
0.0289931000,3,0x1FCD,0x0000
0.0289975400,3,0x1FCD,0x0000
0.0290019900,3,0x1FCD,0x0000
0.0290064300,3,0x1FCD,0x0000
0.0290108800,3,0x1FCD,0x0000
0.0290153200,3,0x1FCD,0x0000
0.0290197700,3,0x1FCD,0x0000
0.0290242100,3,0x1FCD,0x0000
0.0290286600,3,0x1FCD,0x0000
0.0290331000,3,0x1FCD,0x0000
0.0290375400,3,0x1FCD,0x0000
0.0290419900,3,0x1FCD,0x0000
0.0290464300,3,0x1FCD,0x0000
0.0290508800,3,0x1FCD,0x0000
0.0290553200,3,0x1FCD,0x0000
0.0290597700,3,0x1FCD,0x0000
0.0290642100,3,0x1FCD,0x0000
0.0290686600,3,0x1FCD,0x0000
0.0290731000,3,0x1FCD,0x0000
0.0290775500,3,0x1FCD,0x0000
0.0290819900,3,0x1FCD,0x0000
0.0290864300,3,0x1FCD,0x0000
0.0290908800,3,0x1FCD,0x0000
0.0290953200,3,0x1FCD,0x0000
0.0290997700,3,0x1FCD,0x0000
0.0291042100,3,0x1FCD,0x0000
0.0291086600,3,0x1FCD,0x0000
0.0291131000,3,0x1FCD,0x0000
0.0291175500,3,0x1FCD,0x0000
0.0291219900,3,0x1FCD,0x0000
0.0291264300,3,0x1FCD,0x0000
0.0291308800,3,0x0000,0x0000
0.0291353200,3,0x0000,0x0000
0.0291397700,3,0x0000,0x0000
0.0342509100,4,0x55AA,0x0000
0.0342553500,4,0x2DEC,0x0000
0.0342597900,4,0x01FF,0x0000
0.0342642400,4,0x1FCD,0x0000
0.0342686800,4,0x1FCD,0x0000
0.0342731300,4,0x1FCD,0x0000
0.0342775700,4,0x1FCD,0x0000
0.0342820100,4,0x1FCD,0x0000
0.0342864600,4,0x1FCD,0x0000
0.0342909000,4,0x1FCD,0x0000
0.0342953500,4,0x1FCD,0x0000
0.0342997900,4,0x1FCD,0x0000
0.0343042400,4,0x1FCD,0x0000
0.0343086800,4,0x1FCD,0x0000
0.0343131300,4,0x1FCD,0x0000
0.0343175700,4,0x1FCD,0x0000
0.0343220100,4,0x1FCD,0x0000
0.0343264600,4,0x1FCD,0x0000
0.0343309000,4,0x1FCD,0x0000
0.0343353500,4,0x1FCD,0x0000
0.0343397900,4,0x1FCD,0x0000
0.0343442400,4,0x1FCD,0x0000
0.0343486800,4,0x1FCD,0x0000
0.0343531300,4,0x1FCD,0x0000
0.0343575700,4,0x1FCD,0x0000
0.0343620100,4,0x1FCD,0x0000
0.0343664600,4,0x1FCD,0x0000
0.0343709000,4,0x1FCD,0x0000
0.0343753500,4,0x1FCD,0x0000
0.0343797900,4,0x1FCD,0x0000
0.0343842400,4,0x1FCD,0x0000
0.0343886800,4,0x1FCD,0x0000
0.0343931300,4,0x1FCD,0x0000
0.0343975700,4,0x1FCD,0x0000
0.0344020100,4,0x1FCD,0x0000
0.0344064600,4,0x1FCD,0x0000
0.0344109000,4,0x1FCD,0x0000
0.0344153500,4,0x1FCD,0x0000
0.0344197900,4,0x1FCD,0x0000
0.0344242400,4,0x1FCD,0x0000
0.0344286800,4,0x1FCD,0x0000
0.0344331300,4,0x1FCD,0x0000
0.0344375700,4,0x1FCD,0x0000
0.0344420200,4,0x1FCD,0x0000
0.0344464600,4,0x1FCD,0x0000
0.0344509000,4,0x1FCD,0x0000
0.0344553500,4,0x1FCD,0x0000
0.0344597900,4,0x1FCD,0x0000
0.0344642400,4,0x1FCD,0x0000
0.0344686800,4,0x1FCD,0x0000
0.0344731300,4,0x1FCD,0x0000
0.0344775700,4,0x1FCD,0x0000
0.0344820200,4,0x1FCD,0x0000
0.0344864600,4,0x1FCD,0x0000
0.0344909100,4,0x1FCD,0x0000
0.0344953500,4,0x1FCD,0x0000
0.0344997900,4,0x1FCD,0x0000
0.0345042400,4,0x1FCD,0x0000
0.0345086800,4,0x1FCD,0x0000
0.0345131300,4,0x1FCD,0x0000
0.0345175700,4,0x1FCD,0x0000
0.0345220200,4,0x1FCD,0x0000
0.0345264600,4,0x1FCD,0x0000
0.0345309100,4,0x1FCD,0x0000
0.0345353500,4,0x1FCD,0x0000
0.0345397900,4,0x1FCD,0x0000
0.0345442400,4,0x1FCD,0x0000
0.0345486800,4,0x1FCD,0x0000
0.0345531300,4,0x1FCD,0x0000
0.0345575700,4,0x1FCD,0x0000
0.0345620200,4,0x1FCD,0x0000
0.0345664600,4,0x1FCD,0x0000
0.0345709000,4,0x1FCD,0x0000
0.0345753500,4,0x1FCD,0x0000
0.0345797900,4,0x1FCD,0x0000
0.0345842400,4,0x1FCD,0x0000
0.0345886800,4,0x1FCD,0x0000
0.0345931300,4,0x1FCD,0x0000
0.0345975700,4,0x1FCD,0x0000
0.0346020200,4,0x1FCD,0x0000
0.0346064600,4,0x1FCD,0x0000
0.0346109100,4,0x1FCD,0x0000
0.0346153500,4,0x1FCD,0x0000
0.0346197900,4,0x1FCD,0x0000
0.0346242400,4,0x1FCD,0x0000
0.0346286800,4,0x1FCD,0x0000
0.0346331300,4,0x1FCD,0x0000
0.0346375700,4,0x1FCD,0x0000
0.0346420200,4,0x1FCD,0x0000
0.0346464600,4,0x1FCD,0x0000
0.0346509100,4,0x1FCD,0x0000
0.0346553500,4,0x1FCD,0x0000
0.0346597900,4,0x1FCD,0x0000
0.0346642400,4,0x1FCD,0x0000
0.0346686800,4,0x1FCD,0x0000
0.0346731300,4,0x1FCD,0x0000
0.0346775700,4,0x1FCD,0x0000
0.0346820200,4,0x1FCD,0x0000
0.0346864600,4,0x1FCD,0x0000
0.0346909100,4,0x1FCD,0x0000
0.0346953500,4,0x1FCD,0x0000
0.0346998000,4,0x1FCD,0x0000
0.0347042400,4,0x1FCD,0x0000
0.0347086800,4,0x1FCD,0x0000
0.0347131300,4,0x1FCD,0x0000
0.0347175700,4,0x1FCD,0x0000
0.0347220200,4,0x1FCD,0x0000
0.0347264600,4,0x1FCD,0x0000
0.0347309100,4,0x1FCD,0x0000
0.0347353500,4,0x1FCD,0x0000
0.0347397900,4,0x1FCD,0x0000
0.0347442400,4,0x1FCD,0x0000
0.0347486800,4,0x1FCD,0x0000
0.0347531300,4,0x1FCD,0x0000
0.0347575700,4,0x1FCD,0x0000
0.0347620200,4,0x1FCD,0x0000
0.0347664600,4,0x1FCD,0x0000
0.0347709100,4,0x1FCD,0x0000
0.0347753500,4,0x1FCD,0x0000
0.0347798000,4,0x1FCD,0x0000
0.0347842400,4,0x1FCD,0x0000
0.0347886800,4,0x1FCD,0x0000
0.0347931300,4,0x1FCD,0x0000
0.0347975700,4,0x1FCD,0x0000
0.0348020200,4,0x1FCD,0x0000
0.0348064600,4,0x1FCD,0x0000
0.0348109100,4,0x1FCD,0x0000
0.0348153500,4,0x1FCD,0x0000
0.0348198000,4,0x1FCD,0x0000
0.0348242400,4,0x1FCD,0x0000
0.0348286800,4,0x1FCD,0x0000
0.0348331300,4,0x1FCD,0x0000
0.0348375700,4,0x1FCD,0x0000
0.0348420200,4,0x1FCD,0x0000
0.0348464600,4,0x1FCD,0x0000
0.0348509100,4,0x1FCD,0x0000
0.0348553500,4,0x1FCD,0x0000
0.0348598000,4,0x1FCD,0x0000
0.0348642400,4,0x1FCD,0x0000
0.0348686800,4,0x1FCD,0x0000
0.0348731300,4,0x1FCD,0x0000
0.0348775700,4,0x1FCD,0x0000
0.0348820200,4,0x1FCD,0x0000
0.0348864600,4,0x1FCD,0x0000
0.0348909100,4,0x1FCD,0x0000
0.0348953500,4,0x1FCD,0x0000
0.0348998000,4,0x1FCD,0x0000
0.0349042400,4,0x1FCD,0x0000
0.0349086800,4,0x1FCD,0x0000
0.0349131300,4,0x1FCD,0x0000
0.0349175700,4,0x1FCD,0x0000
0.0349220200,4,0x1FCD,0x0000
0.0349264600,4,0x1FCD,0x0000
0.0349309100,4,0x1FCD,0x0000
0.0349353500,4,0x1FCD,0x0000
0.0349398000,4,0x1FCD,0x0000
0.0349442400,4,0x1FCD,0x0000
0.0349486900,4,0x1FCD,0x0000
0.0349531300,4,0x1FCD,0x0000
0.0349575700,4,0x1FCD,0x0000
0.0349620200,4,0x1FCD,0x0000
0.0349664600,4,0x1FCD,0x0000
0.0349709100,4,0x1FCD,0x0000
0.0349753500,4,0x1FCD,0x0000
0.0349798000,4,0x1FCD,0x0000
0.0349842400,4,0x1FCD,0x0000
0.0349886900,4,0x1FCD,0x0000
0.0349931300,4,0x1FCD,0x0000
0.0349975700,4,0x1FCD,0x0000
0.0350020200,4,0x1FCD,0x0000
0.0350064600,4,0x1FCD,0x0000
0.0350109100,4,0x1FCD,0x0000
0.0350153500,4,0x1FCD,0x0000
0.0350198000,4,0x1FCD,0x0000
0.0350242400,4,0x1FCD,0x0000
0.0350286900,4,0x1FCD,0x0000
0.0350331300,4,0x1FCD,0x0000
0.0350375700,4,0x1FCD,0x0000
0.0350420200,4,0x1FCD,0x0000
0.0350464600,4,0x1FCD,0x0000
0.0350509100,4,0x1FCD,0x0000
0.0350553500,4,0x1FCD,0x0000
0.0350598000,4,0x1FCD,0x0000
0.0350642400,4,0x1FCD,0x0000
0.0350686900,4,0x1FCD,0x0000
0.0350731300,4,0x1FCD,0x0000
0.0350775700,4,0x1FCD,0x0000
0.0350820200,4,0x1FCD,0x0000
0.0350864600,4,0x1FCD,0x0000
0.0350909100,4,0x1FCD,0x0000
0.0350953500,4,0x1FCD,0x0000
0.0350998000,4,0x1FCD,0x0000
0.0351042400,4,0x1FCD,0x0000
0.0351086900,4,0x1FCD,0x0000
0.0351131300,4,0x1FCD,0x0000
0.0351175800,4,0x1FCD,0x0000
0.0351220200,4,0x1FCD,0x0000
0.0351264600,4,0x1FCD,0x0000
0.0351309100,4,0x1FCD,0x0000
0.0351353500,4,0x1FCD,0x0000
0.0351398000,4,0x1FCD,0x0000
0.0351442400,4,0x1FCD,0x0000
0.0351486900,4,0x1FCD,0x0000
0.0351531300,4,0x1FCD,0x0000
0.0351575800,4,0x1FCD,0x0000
0.0351620200,4,0x1FCD,0x0000
0.0351664600,4,0x1FCD,0x0000
0.0351709100,4,0x1FCD,0x0000
0.0351753500,4,0x1FCD,0x0000
0.0351798000,4,0x1FCD,0x0000
0.0351842400,4,0x1FCD,0x0000
0.0351886900,4,0x1FCD,0x0000
0.0351931300,4,0x1FCD,0x0000
0.0351975800,4,0x1FCD,0x0000
0.0352020200,4,0x1FCD,0x0000
0.0352064600,4,0x1FCD,0x0000
0.0352109100,4,0x1FCD,0x0000
0.0352153500,4,0x1FCD,0x0000
0.0352198000,4,0x1FCD,0x0000
0.0352242400,4,0x1FCD,0x0000
0.0352286900,4,0x1FCD,0x0000
0.0352331300,4,0x1FCD,0x0000
0.0352375800,4,0x1FCD,0x0000
0.0352420200,4,0x1FCD,0x0000
0.0352464600,4,0x1FCD,0x0000
0.0352509100,4,0x1FCD,0x0000
0.0352553500,4,0x1FCD,0x0000
0.0352598000,4,0x1FCD,0x0000
0.0352642400,4,0x1FCD,0x0000
0.0352686900,4,0x1FCD,0x0000
0.0352731300,4,0x1FCD,0x0000
0.0352775800,4,0x1FCD,0x0000
0.0352820200,4,0x1FCD,0x0000
0.0352864600,4,0x1FCD,0x0000
0.0352909100,4,0x1FCD,0x0000
0.0352953500,4,0x1FCD,0x0000
0.0352998000,4,0x1FCD,0x0000
0.0353042400,4,0x1FCD,0x0000
0.0353086900,4,0x1FCD,0x0000
0.0353131300,4,0x1FCD,0x0000
0.0353175800,4,0x1FCD,0x0000
0.0353220200,4,0x1FCD,0x0000
0.0353264600,4,0x1FCD,0x0000
0.0353309100,4,0x1FCD,0x0000
0.0353353500,4,0x1FCD,0x0000
0.0353398000,4,0x1FCD,0x0000
0.0353442400,4,0x1FCD,0x0000
0.0353486900,4,0x1FCD,0x0000
0.0353531300,4,0x1FCD,0x0000
0.0353575800,4,0x1FCD,0x0000
0.0353620200,4,0x1FCD,0x0000
0.0353664600,4,0x1FCD,0x0000
0.0353709100,4,0x1FCD,0x0000
0.0353753500,4,0x1FCD,0x0000
0.0353798000,4,0x1FCD,0x0000
0.0353842400,4,0x1FCD,0x0000
0.0353886900,4,0x1FCD,0x0000
0.0353931300,4,0x1FCD,0x0000
0.0353975800,4,0x1FCD,0x0000
0.0354020200,4,0x1FCD,0x0000
0.0354064600,4,0x1FCD,0x0000
0.0354109100,4,0x1FCD,0x0000
0.0354153500,4,0x1FCD,0x0000
0.0354198000,4,0x1FCD,0x0000
0.0354242400,4,0x1FCD,0x0000
0.0354286900,4,0x1FCD,0x0000
0.0354331300,4,0x1FCD,0x0000
0.0354375800,4,0x1FCD,0x0000
0.0354420200,4,0x1FCD,0x0000
0.0354464600,4,0x1FCD,0x0000
0.0354509100,4,0x1FCD,0x0000
0.0354553500,4,0x1FCD,0x0000
0.0354598000,4,0x1FCD,0x0000
0.0354642400,4,0x1FCD,0x0000
0.0354686900,4,0x1FCD,0x0000
0.0354731300,4,0x1FCD,0x0000
0.0354775800,4,0x1FCD,0x0000
0.0354820200,4,0x1FCD,0x0000
0.0354864600,4,0x1FCD,0x0000
0.0354909100,4,0x1FCD,0x0000
0.0354953500,4,0x1FCD,0x0000
0.0354998000,4,0x1FCD,0x0000
0.0355042400,4,0x1FCD,0x0000
0.0355086900,4,0x1FCD,0x0000
0.0355131300,4,0x1FCD,0x0000
0.0355175800,4,0x1FCD,0x0000
0.0355220200,4,0x1FCD,0x0000
0.0355264600,4,0x1FCD,0x0000
0.0355309100,4,0x1FCD,0x0000
0.0355353500,4,0x1FCD,0x0000
0.0355398000,4,0x1FCD,0x0000
0.0355442400,4,0x1FCD,0x0000
0.0355486900,4,0x1FCD,0x0000
0.0355531300,4,0x1FCD,0x0000
0.0355575800,4,0x1FCD,0x0000
0.0355620200,4,0x1FCD,0x0000
0.0355664600,4,0x1FCD,0x0000
0.0355709100,4,0x1FCD,0x0000
0.0355753500,4,0x1FCD,0x0000
0.0355798000,4,0x1FCD,0x0000
0.0355842400,4,0x1FCD,0x0000
0.0355886900,4,0x1FCD,0x0000
0.0355931300,4,0x1FCD,0x0000
0.0355975800,4,0x1FCD,0x0000
0.0356020200,4,0x1FCD,0x0000
0.0356064600,4,0x1FCD,0x0000
0.0356109100,4,0x1FCD,0x0000
0.0356153600,4,0x1FCD,0x0000
0.0356198000,4,0x1FCD,0x0000
0.0356242400,4,0x1FCD,0x0000
0.0356286900,4,0x1FCD,0x0000
0.0356331300,4,0x1FCD,0x0000
0.0356375800,4,0x1FCD,0x0000
0.0356420200,4,0x1FCD,0x0000
0.0356464700,4,0x1FCD,0x0000
0.0356509100,4,0x1FCD,0x0000
0.0356553600,4,0x1FCD,0x0000
0.0356598000,4,0x1FCD,0x0000
0.0356642400,4,0x1FCD,0x0000
0.0356686900,4,0x1FCD,0x0000
0.0356731300,4,0x1FCD,0x0000
0.0356775800,4,0x1FCD,0x0000
0.0356820200,4,0x1FCD,0x0000
0.0356864700,4,0x1FCD,0x0000
0.0356909100,4,0x1FCD,0x0000
0.0356953600,4,0x1FCD,0x0000
0.0356998000,4,0x1FCD,0x0000
0.0357042400,4,0x1FCD,0x0000
0.0357086900,4,0x1FCD,0x0000
0.0357131300,4,0x1FCD,0x0000
0.0357175800,4,0x1FCD,0x0000
0.0357220200,4,0x1FCD,0x0000
0.0357264700,4,0x1FCD,0x0000
0.0357309100,4,0x1FCD,0x0000
0.0357353600,4,0x1FCD,0x0000
0.0357398000,4,0x1FCD,0x0000
0.0357442400,4,0x1FCD,0x0000
0.0357486900,4,0x1FCD,0x0000
0.0357531300,4,0x1FCD,0x0000
0.0357575800,4,0x1FCD,0x0000
0.0357620200,4,0x1FCD,0x0000
0.0357664700,4,0x1FCD,0x0000
0.0357709100,4,0x1FCD,0x0000
0.0357753600,4,0x1FCD,0x0000
0.0357798000,4,0x1FCD,0x0000
0.0357842400,4,0x1FCD,0x0000
0.0357886900,4,0x1FCD,0x0000
0.0357931300,4,0x1FCD,0x0000
0.0357975800,4,0x1FCD,0x0000
0.0358020200,4,0x1FCD,0x0000
0.0358064700,4,0x1FCD,0x0000
0.0358109100,4,0x1FCD,0x0000
0.0358153600,4,0x1FCD,0x0000
0.0358198000,4,0x1FCD,0x0000
0.0358242500,4,0x1FCD,0x0000
0.0358286900,4,0x1FCD,0x0000
0.0358331300,4,0x1FCD,0x0000
0.0358375800,4,0x1FCD,0x0000
0.0358420200,4,0x1FCD,0x0000
0.0358464700,4,0x1FCD,0x0000
0.0358509100,4,0x1FCD,0x0000
0.0358553600,4,0x1FCD,0x0000
0.0358598000,4,0x1FCD,0x0000
0.0358642500,4,0x1FCD,0x0000
0.0358686900,4,0x1FCD,0x0000
0.0358731300,4,0x1FCD,0x0000
0.0358775800,4,0x1FCD,0x0000
0.0358820200,4,0x1FCD,0x0000
0.0358864700,4,0x1FCD,0x0000
0.0358909100,4,0x1FCD,0x0000
0.0358953600,4,0x1FCD,0x0000
0.0358998000,4,0x1FCD,0x0000
0.0359042500,4,0x1FCD,0x0000
0.0359086900,4,0x1FCD,0x0000
0.0359131300,4,0x1FCD,0x0000
0.0359175800,4,0x1FCD,0x0000
0.0359220200,4,0x1FCD,0x0000
0.0359264700,4,0x1FCD,0x0000
0.0359309100,4,0x1FCD,0x0000
0.0359353600,4,0x1FCD,0x0000
0.0359398000,4,0x1FCD,0x0000
0.0359442500,4,0x1FCD,0x0000
0.0359486900,4,0x1FCD,0x0000
0.0359531300,4,0x1FCD,0x0000
0.0359575800,4,0x1FCD,0x0000
0.0359620200,4,0x1FCD,0x0000
0.0359664700,4,0x1FCD,0x0000
0.0359709100,4,0x1FCD,0x0000
0.0359753600,4,0x1FCD,0x0000
0.0359798000,4,0x1FCD,0x0000
0.0359842500,4,0x1FCD,0x0000
0.0359886900,4,0x1FCD,0x0000
0.0359931300,4,0x1FCD,0x0000
0.0359975800,4,0x1FCD,0x0000
0.0360020200,4,0x1FCD,0x0000
0.0360064700,4,0x1FCD,0x0000
0.0360109100,4,0x1FCD,0x0000
0.0360153600,4,0x1FCD,0x0000
0.0360198000,4,0x1FCD,0x0000
0.0360242500,4,0x1FCD,0x0000
0.0360286900,4,0x1FCD,0x0000
0.0360331300,4,0x1FCD,0x0000
0.0360375800,4,0x1FCD,0x0000
0.0360420200,4,0x1FCD,0x0000
0.0360464700,4,0x1FCD,0x0000
0.0360509100,4,0x1FCD,0x0000
0.0360553600,4,0x1FCD,0x0000
0.0360598000,4,0x1FCD,0x0000
0.0360642500,4,0x1FCD,0x0000
0.0360686900,4,0x1FCD,0x0000
0.0360731400,4,0x1FCD,0x0000
0.0360775800,4,0x1FCD,0x0000
0.0360820200,4,0x1FCD,0x0000
0.0360864700,4,0x1FCD,0x0000
0.0360909100,4,0x1FCD,0x0000
0.0360953600,4,0x1FCD,0x0000
0.0360998000,4,0x1FCD,0x0000
0.0361042500,4,0x1FCD,0x0000
0.0361086900,4,0x1FCD,0x0000
0.0361131300,4,0x1FCD,0x0000
0.0361175800,4,0x1FCD,0x0000
0.0361220200,4,0x1FCD,0x0000
0.0361264700,4,0x1FCD,0x0000
0.0361309100,4,0x1FCD,0x0000
0.0361353600,4,0x1FCD,0x0000
0.0361398000,4,0x1FCD,0x0000
0.0361442500,4,0x1FCD,0x0000
0.0361486900,4,0x1FCD,0x0000
0.0361531400,4,0x1FCD,0x0000
0.0361575800,4,0x1FCD,0x0000
0.0361620200,4,0x1FCD,0x0000
0.0361664700,4,0x1FCD,0x0000
0.0361709100,4,0x1FCD,0x0000
0.0361753600,4,0x1FCD,0x0000
0.0361798000,4,0x1FCD,0x0000
0.0361842500,4,0x1FCD,0x0000
0.0361886900,4,0x1FCD,0x0000
0.0361931400,4,0x1FCD,0x0000
0.0361975800,4,0x1FCD,0x0000
0.0362020200,4,0x1FCD,0x0000
0.0362064700,4,0x1FCD,0x0000
0.0362109100,4,0x1FCD,0x0000
0.0362153600,4,0x1FCD,0x0000
0.0362198000,4,0x1FCD,0x0000
0.0362242500,4,0x1FCD,0x0000
0.0362286900,4,0x1FCD,0x0000
0.0362331400,4,0x1FCD,0x0000
0.0362375800,4,0x1FCD,0x0000
0.0362420300,4,0x1FCD,0x0000
0.0362464700,4,0x1FCD,0x0000
0.0362509100,4,0x1FCD,0x0000
0.0362553600,4,0x1FCD,0x0000
0.0362598000,4,0x1FCD,0x0000
0.0362642500,4,0x1FCD,0x0000
0.0362686900,4,0x1FCD,0x0000
0.0362731400,4,0x1FCD,0x0000
0.0362775800,4,0x1FCD,0x0000
0.0362820200,4,0x1FCD,0x0000
0.0362864700,4,0x1FCD,0x0000
0.0362909100,4,0x1FCD,0x0000
0.0362953600,4,0x1FCD,0x0000
0.0362998000,4,0x1FCD,0x0000
0.0363042500,4,0x1FCD,0x0000
0.0363086900,4,0x1FCD,0x0000
0.0363131400,4,0x1FCD,0x0000
0.0363175800,4,0x1FCD,0x0000
0.0363220300,4,0x1FCD,0x0000
0.0363264700,4,0x1FCD,0x0000
0.0363309100,4,0x1FCD,0x0000
0.0363353600,4,0x1FCD,0x0000
0.0363398000,4,0x1FCD,0x0000
0.0363442500,4,0x1FCD,0x0000
0.0363486900,4,0x1FCD,0x0000
0.0363531400,4,0x1FCD,0x0000
0.0363575800,4,0x1FCD,0x0000
0.0363620300,4,0x1FCD,0x0000
0.0363664700,4,0x1FCD,0x0000
0.0363709100,4,0x1FCD,0x0000
0.0363753600,4,0x1FCD,0x0000
0.0363798000,4,0x1FCD,0x0000
0.0363842500,4,0x1FCD,0x0000
0.0363886900,4,0x1FCD,0x0000
0.0363931400,4,0x1FCD,0x0000
0.0363975800,4,0x1FCD,0x0000
0.0364020300,4,0x1FCD,0x0000
0.0364064700,4,0x1FCD,0x0000
0.0364109100,4,0x1FCD,0x0000
0.0364153600,4,0x1FCD,0x0000
0.0364198000,4,0x1FCD,0x0000
0.0364242500,4,0x1FCD,0x0000
0.0364286900,4,0x1FCD,0x0000
0.0364331400,4,0x1FCD,0x0000
0.0364375800,4,0x1FCD,0x0000
0.0364420300,4,0x1FCD,0x0000
0.0364464700,4,0x1FCD,0x0000
0.0364509100,4,0x1FCD,0x0000
0.0364553600,4,0x1FCD,0x0000
0.0364598000,4,0x1FCD,0x0000
0.0364642500,4,0x1FCD,0x0000
0.0364686900,4,0x1FCD,0x0000
0.0364731400,4,0x1FCD,0x0000
0.0364775800,4,0x1FCD,0x0000
0.0364820300,4,0x1FCD,0x0000
0.0364864700,4,0x1FCD,0x0000
0.0364909100,4,0x1FCD,0x0000
0.0364953600,4,0x1FCD,0x0000
0.0364998000,4,0x1FCD,0x0000
0.0365042500,4,0x1FCD,0x0000
0.0365086900,4,0x1FCD,0x0000
0.0365131400,4,0x1FCD,0x0000
0.0365175800,4,0x1FCD,0x0000
0.0365220300,4,0x1FCD,0x0000
0.0365264700,4,0x1FCD,0x0000
0.0365309100,4,0x1FCD,0x0000
0.0365353600,4,0x1FCD,0x0000
0.0365398000,4,0x1FCD,0x0000
0.0365442500,4,0x1FCD,0x0000
0.0365486900,4,0x1FCD,0x0000
0.0365531400,4,0x1FCD,0x0000
0.0365575800,4,0x1FCD,0x0000
0.0365620300,4,0x1FCD,0x0000
0.0365664700,4,0x1FCD,0x0000
0.0365709100,4,0x1FCD,0x0000
0.0365753600,4,0x1FCD,0x0000
0.0365798000,4,0x1FCD,0x0000
0.0365842500,4,0x1FCD,0x0000
0.0365886900,4,0x1FCD,0x0000
0.0365931400,4,0x1FCD,0x0000
0.0365975800,4,0x1FCD,0x0000
0.0366020300,4,0x1FCD,0x0000
0.0366064700,4,0x1FCD,0x0000
0.0366109100,4,0x1FCD,0x0000
0.0366153600,4,0x1FCD,0x0000
0.0366198000,4,0x1FCD,0x0000
0.0366242500,4,0x1FCD,0x0000
0.0366286900,4,0x1FCD,0x0000
0.0366331400,4,0x1FCD,0x0000
0.0366375800,4,0x1FCD,0x0000
0.0366420300,4,0x1FCD,0x0000
0.0366464700,4,0x1FCD,0x0000
0.0366509100,4,0x1FCD,0x0000
0.0366553600,4,0x1FCD,0x0000
0.0366598100,4,0x1FCD,0x0000
0.0366642500,4,0x1FCD,0x0000
0.0366686900,4,0x1FCD,0x0000
0.0366731400,4,0x1FCD,0x0000
0.0366775800,4,0x1FCD,0x0000
0.0366820300,4,0x1FCD,0x0000
0.0366864700,4,0x1FCD,0x0000
0.0366909100,4,0x1FCD,0x0000
0.0366953600,4,0x1FCD,0x0000
0.0366998000,4,0x1FCD,0x0000
0.0367042500,4,0x1FCD,0x0000
0.0367086900,4,0x1FCD,0x0000
0.0367131400,4,0x1FCD,0x0000
0.0367175800,4,0x1FCD,0x0000
0.0367220300,4,0x1FCD,0x0000
0.0367264700,4,0x1FCD,0x0000
0.0367309200,4,0x1FCD,0x0000
0.0367353600,4,0x1FCD,0x0000
0.0367398100,4,0x1FCD,0x0000
0.0367442500,4,0x1FCD,0x0000
0.0367486900,4,0x1FCD,0x0000
0.0367531400,4,0x1FCD,0x0000
0.0367575800,4,0x1FCD,0x0000
0.0367620300,4,0x1FCD,0x0000
0.0367664700,4,0x1FCD,0x0000
0.0367709200,4,0x1FCD,0x0000
0.0367753600,4,0x1FCD,0x0000
0.0367798100,4,0x1FCD,0x0000
0.0367842500,4,0x1FCD,0x0000
0.0367886900,4,0x1FCD,0x0000
0.0367931400,4,0x1FCD,0x0000
0.0367975800,4,0x1FCD,0x0000
0.0368020300,4,0x1FCD,0x0000
0.0368064700,4,0x1FCD,0x0000
0.0368109200,4,0x1FCD,0x0000
0.0368153600,4,0x1FCD,0x0000
0.0368198100,4,0x1FCD,0x0000
0.0368242500,4,0x1FCD,0x0000
0.0368286900,4,0x1FCD,0x0000
0.0368331400,4,0x1FCD,0x0000
0.0368375800,4,0x1FCD,0x0000
0.0368420300,4,0x1FCD,0x0000
0.0368464700,4,0x1FCD,0x0000
0.0368509200,4,0x1FCD,0x0000
0.0368553600,4,0x1FCD,0x0000
0.0368598100,4,0x1FCD,0x0000
0.0368642500,4,0x1FCD,0x0000
0.0368686900,4,0x1FCD,0x0000
0.0368731400,4,0x1FCD,0x0000
0.0368775800,4,0x1FCD,0x0000
0.0368820300,4,0x1FCD,0x0000
0.0368864700,4,0x1FCD,0x0000
0.0368909200,4,0x1FCD,0x0000
0.0368953600,4,0x1FCD,0x0000
0.0368998100,4,0x1FCD,0x0000
0.0369042500,4,0x1FCD,0x0000
0.0369086900,4,0x1FCD,0x0000
0.0369131400,4,0x1FCD,0x0000
0.0369175800,4,0x1FCD,0x0000
0.0369220300,4,0x1FCD,0x0000
0.0369264700,4,0x1FCD,0x0000
0.0369309200,4,0x1FCD,0x0000
0.0369353600,4,0x1FCD,0x0000
0.0369398100,4,0x1FCD,0x0000
0.0369442500,4,0x1FCD,0x0000
0.0369486900,4,0x1FCD,0x0000
0.0369531400,4,0x1FCD,0x0000
0.0369575800,4,0x1FCD,0x0000
0.0369620300,4,0x1FCD,0x0000
0.0369664700,4,0x1FCD,0x0000
0.0369709200,4,0x1FCD,0x0000
0.0369753600,4,0x1FCD,0x0000
0.0369798100,4,0x1FCD,0x0000
0.0369842500,4,0x1FCD,0x0000
0.0369887000,4,0x1FCD,0x0000
0.0369931400,4,0x1FCD,0x0000
0.0369975800,4,0x1FCD,0x0000
0.0370020300,4,0x1FCD,0x0000
0.0370064700,4,0x1FCD,0x0000
0.0370109200,4,0x1FCD,0x0000
0.0370153600,4,0x1FCD,0x0000
0.0370198100,4,0x1FCD,0x0000
0.0370242500,4,0x1FCD,0x0000
0.0370287000,4,0x1FCD,0x0000
0.0370331400,4,0x1FCD,0x0000
0.0370375800,4,0x1FCD,0x0000
0.0370420300,4,0x1FCD,0x0000
0.0370464700,4,0x1FCD,0x0000
0.0370509200,4,0x1FCD,0x0000
0.0370553600,4,0x1FCD,0x0000
0.0370598100,4,0x1FCD,0x0000
0.0370642500,4,0x1FCD,0x0000
0.0370687000,4,0x1FCD,0x0000
0.0370731400,4,0x1FCD,0x0000
0.0370775800,4,0x1FCD,0x0000
0.0370820300,4,0x1FCD,0x0000
0.0370864700,4,0x1FCD,0x0000
0.0370909200,4,0x1FCD,0x0000
0.0370953600,4,0x1FCD,0x0000
0.0370998100,4,0x1FCD,0x0000
0.0371042500,4,0x1FCD,0x0000
0.0371087000,4,0x1FCD,0x0000
0.0371131400,4,0x1FCD,0x0000
0.0371175800,4,0x1FCD,0x0000
0.0371220300,4,0x1FCD,0x0000
0.0371264700,4,0x1FCD,0x0000
0.0371309200,4,0x1FCD,0x0000
0.0371353600,4,0x1FCD,0x0000
0.0371398100,4,0x1FCD,0x0000
0.0371442500,4,0x1FCD,0x0000
0.0371487000,4,0x1FCD,0x0000
0.0371531400,4,0x1FCD,0x0000
0.0371575800,4,0x1FCD,0x0000
0.0371620300,4,0x1FCD,0x0000
0.0371664700,4,0x1FCD,0x0000
0.0371709200,4,0x1FCD,0x0000
0.0371753600,4,0x1FCD,0x0000
0.0371798100,4,0x1FCD,0x0000
0.0371842500,4,0x1FCD,0x0000
0.0371887000,4,0x1FCD,0x0000
0.0371931400,4,0x1FCD,0x0000
0.0371975900,4,0x1FCD,0x0000
0.0372020300,4,0x1FCD,0x0000
0.0372064700,4,0x1FCD,0x0000
0.0372109200,4,0x1FCD,0x0000
0.0372153600,4,0x1FCD,0x0000
0.0372198100,4,0x1FCD,0x0000
0.0372242500,4,0x1FCD,0x0000
0.0372287000,4,0x1FCD,0x0000
0.0372331400,4,0x1FCD,0x0000
0.0372375900,4,0x1FCD,0x0000
0.0372420300,4,0x1FCD,0x0000
0.0372464700,4,0x1FCD,0x0000
0.0372509200,4,0x1FCD,0x0000
0.0372553600,4,0x1FCD,0x0000
0.0372598100,4,0x1FCD,0x0000
0.0372642500,4,0x1FCD,0x0000
0.0372687000,4,0x1FCD,0x0000
0.0372731400,4,0x1FCD,0x0000
0.0372775900,4,0x1FCD,0x0000
0.0372820300,4,0x1FCD,0x0000
0.0372864700,4,0x1FCD,0x0000
0.0372909200,4,0x1FCD,0x0000
0.0372953600,4,0x1FCD,0x0000
0.0372998100,4,0x1FCD,0x0000
0.0373042500,4,0x1FCD,0x0000
0.0373087000,4,0x1FCD,0x0000
0.0373131400,4,0x1FCD,0x0000
0.0373175900,4,0x1FCD,0x0000
0.0373220300,4,0x1FCD,0x0000
0.0373264700,4,0x1FCD,0x0000
0.0373309200,4,0x1FCD,0x0000
0.0373353600,4,0x1FCD,0x0000
0.0373398100,4,0x1FCD,0x0000
0.0373442500,4,0x1FCD,0x0000
0.0373487000,4,0x1FCD,0x0000
0.0373531400,4,0x1FCD,0x0000
0.0373575900,4,0x1FCD,0x0000
0.0373620300,4,0x1FCD,0x0000
0.0373664800,4,0x1FCD,0x0000
0.0373709200,4,0x1FCD,0x0000
0.0373753600,4,0x1FCD,0x0000
0.0373798100,4,0x1FCD,0x0000
0.0373842500,4,0x1FCD,0x0000
0.0373887000,4,0x1FCD,0x0000
0.0373931400,4,0x1FCD,0x0000
0.0373975900,4,0x1FCD,0x0000
0.0374020300,4,0x1FCD,0x0000
0.0374064700,4,0x1FCD,0x0000
0.0374109200,4,0x1FCD,0x0000
0.0374153600,4,0x1FCD,0x0000
0.0374198100,4,0x1FCD,0x0000
0.0374242500,4,0x1FCD,0x0000
0.0374287000,4,0x1FCD,0x0000
0.0374331400,4,0x1FCD,0x0000
0.0374375900,4,0x1FCD,0x0000
0.0374420300,4,0x1FCD,0x0000
0.0374464800,4,0x1FCD,0x0000
0.0374509200,4,0x1FCD,0x0000
0.0374553600,4,0x1FCD,0x0000
0.0374598100,4,0x1FCD,0x0000
0.0374642500,4,0x0000,0x0000
0.0374687000,4,0x0000,0x0000
0.0374731400,4,0x0000,0x0000
0.0425842800,5,0x55AA,0x0000
0.0425887200,5,0x2DEC,0x0000
0.0425931700,5,0x01FF,0x0000
0.0425976100,5,0x1FCD,0x0000
0.0426020600,5,0x1FCD,0x0000
0.0426065000,5,0x1FCD,0x0000
0.0426109500,5,0x1FCD,0x0000
0.0426153900,5,0x1FCD,0x0000
0.0426198300,5,0x1FCD,0x0000
0.0426242800,5,0x1FCD,0x0000
0.0426287200,5,0x1FCD,0x0000
0.0426331700,5,0x1FCD,0x0000
0.0426376100,5,0x1FCD,0x0000
0.0426420600,5,0x1FCD,0x0000
0.0426465000,5,0x1FCD,0x0000
0.0426509500,5,0x1FCD,0x0000
0.0426553900,5,0x1FCD,0x0000
0.0426598300,5,0x1FCD,0x0000
0.0426642800,5,0x1FCD,0x0000
0.0426687200,5,0x1FCD,0x0000
0.0426731700,5,0x1FCD,0x0000
0.0426776100,5,0x1FCD,0x0000
0.0426820600,5,0x1FCD,0x0000
0.0426865000,5,0x1FCD,0x0000
0.0426909500,5,0x1FCD,0x0000
0.0426953900,5,0x1FCD,0x0000
0.0426998300,5,0x1FCD,0x0000
0.0427042800,5,0x1FCD,0x0000
0.0427087200,5,0x1FCD,0x0000
0.0427131700,5,0x1FCD,0x0000
0.0427176100,5,0x1FCD,0x0000
0.0427220600,5,0x1FCD,0x0000
0.0427265000,5,0x1FCD,0x0000
0.0427309500,5,0x1FCD,0x0000
0.0427353900,5,0x1FCD,0x0000
0.0427398300,5,0x1FCD,0x0000
0.0427442800,5,0x1FCD,0x0000
0.0427487200,5,0x1FCD,0x0000
0.0427531700,5,0x1FCD,0x0000
0.0427576100,5,0x1FCD,0x0000
0.0427620600,5,0x1FCD,0x0000
0.0427665000,5,0x1FCD,0x0000
0.0427709500,5,0x1FCD,0x0000
0.0427753900,5,0x1FCD,0x0000
0.0427798300,5,0x1FCD,0x0000
0.0427842800,5,0x1FCD,0x0000
0.0427887200,5,0x1FCD,0x0000
0.0427931700,5,0x1FCD,0x0000
0.0427976100,5,0x1FCD,0x0000
0.0428020600,5,0x1FCD,0x0000
0.0428065000,5,0x1FCD,0x0000
0.0428109500,5,0x1FCD,0x0000
0.0428153900,5,0x1FCD,0x0000
0.0428198400,5,0x1FCD,0x0000
0.0428242800,5,0x1FCD,0x0000
0.0428287200,5,0x1FCD,0x0000
0.0428331700,5,0x1FCD,0x0000
0.0428376100,5,0x1FCD,0x0000
0.0428420600,5,0x1FCD,0x0000
0.0428465000,5,0x1FCD,0x0000
0.0428509500,5,0x1FCD,0x0000
0.0428553900,5,0x1FCD,0x0000
0.0428598400,5,0x1FCD,0x0000
0.0428642800,5,0x1FCD,0x0000
0.0428687200,5,0x1FCD,0x0000
0.0428731700,5,0x1FCD,0x0000
0.0428776100,5,0x1FCD,0x0000
0.0428820600,5,0x1FCD,0x0000
0.0428865000,5,0x1FCD,0x0000
0.0428909500,5,0x1FCD,0x0000
0.0428953900,5,0x1FCD,0x0000
0.0428998400,5,0x1FCD,0x0000
0.0429042800,5,0x1FCD,0x0000
0.0429087200,5,0x1FCD,0x0000
0.0429131700,5,0x1FCD,0x0000
0.0429176100,5,0x1FCD,0x0000
0.0429220600,5,0x1FCD,0x0000
0.0429265000,5,0x1FCD,0x0000
0.0429309500,5,0x1FCD,0x0000
0.0429353900,5,0x1FCD,0x0000
0.0429398400,5,0x1FCD,0x0000
0.0429442800,5,0x1FCD,0x0000
0.0429487200,5,0x1FCD,0x0000
0.0429531700,5,0x1FCD,0x0000
0.0429576100,5,0x1FCD,0x0000
0.0429620600,5,0x1FCD,0x0000
0.0429665000,5,0x1FCD,0x0000
0.0429709500,5,0x1FCD,0x0000
0.0429753900,5,0x1FCD,0x0000
0.0429798400,5,0x1FCD,0x0000
0.0429842800,5,0x1FCD,0x0000
0.0429887300,5,0x1FCD,0x0000
0.0429931700,5,0x1FCD,0x0000
0.0429976100,5,0x1FCD,0x0000
0.0430020600,5,0x1FCD,0x0000
0.0430065000,5,0x1FCD,0x0000
0.0430109500,5,0x1FCD,0x0000
0.0430153900,5,0x1FCD,0x0000
0.0430198400,5,0x1FCD,0x0000
0.0430242800,5,0x1FCD,0x0000
0.0430287300,5,0x1FCD,0x0000
0.0430331700,5,0x1FCD,0x0000
0.0430376100,5,0x1FCD,0x0000
0.0430420600,5,0x1FCD,0x0000
0.0430465000,5,0x1FCD,0x0000
0.0430509500,5,0x1FCD,0x0000
0.0430553900,5,0x1FCD,0x0000
0.0430598400,5,0x1FCD,0x0000
0.0430642800,5,0x1FCD,0x0000
0.0430687300,5,0x1FCD,0x0000
0.0430731700,5,0x1FCD,0x0000
0.0430776100,5,0x1FCD,0x0000
0.0430820600,5,0x1FCD,0x0000
0.0430865000,5,0x1FCD,0x0000
0.0430909500,5,0x1FCD,0x0000
0.0430953900,5,0x1FCD,0x0000
0.0430998400,5,0x1FCD,0x0000
0.0431042800,5,0x1FCD,0x0000
0.0431087300,5,0x1FCD,0x0000
0.0431131700,5,0x1FCD,0x0000
0.0431176100,5,0x1FCD,0x0000
0.0431220600,5,0x1FCD,0x0000
0.0431265000,5,0x1FCD,0x0000
0.0431309500,5,0x1FCD,0x0000
0.0431353900,5,0x1FCD,0x0000
0.0431398400,5,0x1FCD,0x0000
0.0431442800,5,0x1FCD,0x0000
0.0431487300,5,0x1FCD,0x0000
0.0431531700,5,0x1FCD,0x0000
0.0431576100,5,0x1FCD,0x0000
0.0431620600,5,0x1FCD,0x0000
0.0431665000,5,0x1FCD,0x0000
0.0431709500,5,0x1FCD,0x0000
0.0431753900,5,0x1FCD,0x0000
0.0431798400,5,0x1FCD,0x0000
0.0431842800,5,0x1FCD,0x0000
0.0431887300,5,0x1FCD,0x0000
0.0431931700,5,0x1FCD,0x0000
0.0431976100,5,0x1FCD,0x0000
0.0432020600,5,0x1FCD,0x0000
0.0432065000,5,0x1FCD,0x0000
0.0432109500,5,0x1FCD,0x0000
0.0432153900,5,0x1FCD,0x0000
0.0432198400,5,0x1FCD,0x0000
0.0432242800,5,0x1FCD,0x0000
0.0432287300,5,0x1FCD,0x0000
0.0432331700,5,0x1FCD,0x0000
0.0432376100,5,0x1FCD,0x0000
0.0432420600,5,0x1FCD,0x0000
0.0432465000,5,0x1FCD,0x0000
0.0432509500,5,0x1FCD,0x0000
0.0432553900,5,0x1FCD,0x0000
0.0432598400,5,0x1FCD,0x0000
0.0432642800,5,0x1FCD,0x0000
0.0432687300,5,0x1FCD,0x0000
0.0432731700,5,0x1FCD,0x0000
0.0432776100,5,0x1FCD,0x0000
0.0432820600,5,0x1FCD,0x0000
0.0432865000,5,0x1FCD,0x0000
0.0432909500,5,0x1FCD,0x0000
0.0432953900,5,0x1FCD,0x0000
0.0432998400,5,0x1FCD,0x0000
0.0433042800,5,0x1FCD,0x0000
0.0433087300,5,0x1FCD,0x0000
0.0433131700,5,0x1FCD,0x0000
0.0433176100,5,0x1FCD,0x0000
0.0433220600,5,0x1FCD,0x0000
0.0433265000,5,0x1FCD,0x0000
0.0433309500,5,0x1FCD,0x0000
0.0433353900,5,0x1FCD,0x0000
0.0433398400,5,0x1FCD,0x0000
0.0433442800,5,0x1FCD,0x0000
0.0433487300,5,0x1FCD,0x0000
0.0433531700,5,0x1FCD,0x0000
0.0433576100,5,0x1FCD,0x0000
0.0433620600,5,0x1FCD,0x0000
0.0433665000,5,0x1FCD,0x0000
0.0433709500,5,0x1FCD,0x0000
0.0433753900,5,0x1FCD,0x0000
0.0433798400,5,0x1FCD,0x0000
0.0433842800,5,0x1FCD,0x0000
0.0433887300,5,0x1FCD,0x0000
0.0433931700,5,0x1FCD,0x0000
0.0433976100,5,0x1FCD,0x0000
0.0434020600,5,0x1FCD,0x0000
0.0434065000,5,0x1FCD,0x0000
0.0434109500,5,0x1FCD,0x0000
0.0434153900,5,0x1FCD,0x0000
0.0434198400,5,0x1FCD,0x0000
0.0434242800,5,0x1FCD,0x0000
0.0434287300,5,0x1FCD,0x0000
0.0434331700,5,0x1FCD,0x0000
0.0434376200,5,0x1FCD,0x0000
0.0434420600,5,0x1FCD,0x0000
0.0434465000,5,0x1FCD,0x0000
0.0434509500,5,0x1FCD,0x0000
0.0434553900,5,0x1FCD,0x0000
0.0434598400,5,0x1FCD,0x0000
0.0434642800,5,0x1FCD,0x0000
0.0434687300,5,0x1FCD,0x0000
0.0434731700,5,0x1FCD,0x0000
0.0434776200,5,0x1FCD,0x0000
0.0434820600,5,0x1FCD,0x0000
0.0434865100,5,0x1FCD,0x0000
0.0434909500,5,0x1FCD,0x0000
0.0434953900,5,0x1FCD,0x0000
0.0434998400,5,0x1FCD,0x0000
0.0435042800,5,0x1FCD,0x0000
0.0435087300,5,0x1FCD,0x0000
0.0435131700,5,0x1FCD,0x0000
0.0435176100,5,0x1FCD,0x0000
0.0435220600,5,0x1FCD,0x0000
0.0435265100,5,0x1FCD,0x0000
0.0435309500,5,0x1FCD,0x0000
0.0435353900,5,0x1FCD,0x0000
0.0435398400,5,0x1FCD,0x0000
0.0435442800,5,0x1FCD,0x0000
0.0435487300,5,0x1FCD,0x0000
0.0435531700,5,0x1FCD,0x0000
0.0435576200,5,0x1FCD,0x0000
0.0435620600,5,0x1FCD,0x0000
0.0435665100,5,0x1FCD,0x0000
0.0435709500,5,0x1FCD,0x0000
0.0435753900,5,0x1FCD,0x0000
0.0435798400,5,0x1FCD,0x0000
0.0435842800,5,0x1FCD,0x0000
0.0435887300,5,0x1FCD,0x0000
0.0435931700,5,0x1FCD,0x0000
0.0435976200,5,0x1FCD,0x0000
0.0436020600,5,0x1FCD,0x0000
0.0436065100,5,0x1FCD,0x0000
0.0436109500,5,0x1FCD,0x0000
0.0436153900,5,0x1FCD,0x0000
0.0436198400,5,0x1FCD,0x0000
0.0436242800,5,0x1FCD,0x0000
0.0436287300,5,0x1FCD,0x0000
0.0436331700,5,0x1FCD,0x0000
0.0436376200,5,0x1FCD,0x0000
0.0436420600,5,0x1FCD,0x0000
0.0436465100,5,0x1FCD,0x0000
0.0436509500,5,0x1FCD,0x0000
0.0436554000,5,0x1FCD,0x0000
0.0436598400,5,0x1FCD,0x0000
0.0436642800,5,0x1FCD,0x0000
0.0436687300,5,0x1FCD,0x0000
0.0436731700,5,0x1FCD,0x0000
0.0436776200,5,0x1FCD,0x0000
0.0436820600,5,0x1FCD,0x0000
0.0436865100,5,0x1FCD,0x0000
0.0436909500,5,0x1FCD,0x0000
0.0436953900,5,0x1FCD,0x0000
0.0436998400,5,0x1FCD,0x0000
0.0437042800,5,0x1FCD,0x0000
0.0437087300,5,0x1FCD,0x0000
0.0437131700,5,0x1FCD,0x0000
0.0437176200,5,0x1FCD,0x0000
0.0437220600,5,0x1FCD,0x0000
0.0437265100,5,0x1FCD,0x0000
0.0437309500,5,0x1FCD,0x0000
0.0437354000,5,0x1FCD,0x0000
0.0437398400,5,0x1FCD,0x0000
0.0437442800,5,0x1FCD,0x0000
0.0437487300,5,0x1FCD,0x0000
0.0437531700,5,0x1FCD,0x0000
0.0437576200,5,0x1FCD,0x0000
0.0437620600,5,0x1FCD,0x0000
0.0437665100,5,0x1FCD,0x0000
0.0437709500,5,0x1FCD,0x0000
0.0437754000,5,0x1FCD,0x0000
0.0437798400,5,0x1FCD,0x0000
0.0437842800,5,0x1FCD,0x0000
0.0437887300,5,0x1FCD,0x0000
0.0437931700,5,0x1FCD,0x0000
0.0437976200,5,0x1FCD,0x0000
0.0438020600,5,0x1FCD,0x0000
0.0438065100,5,0x1FCD,0x0000
0.0438109500,5,0x1FCD,0x0000
0.0438154000,5,0x1FCD,0x0000
0.0438198400,5,0x1FCD,0x0000
0.0438242800,5,0x1FCD,0x0000
0.0438287300,5,0x1FCD,0x0000
0.0438331700,5,0x1FCD,0x0000
0.0438376200,5,0x1FCD,0x0000
0.0438420600,5,0x1FCD,0x0000
0.0438465100,5,0x1FCD,0x0000
0.0438509500,5,0x1FCD,0x0000
0.0438554000,5,0x1FCD,0x0000
0.0438598400,5,0x1FCD,0x0000
0.0438642800,5,0x1FCD,0x0000
0.0438687300,5,0x1FCD,0x0000
0.0438731700,5,0x1FCD,0x0000
0.0438776200,5,0x1FCD,0x0000
0.0438820600,5,0x1FCD,0x0000
0.0438865100,5,0x1FCD,0x0000
0.0438909500,5,0x1FCD,0x0000
0.0438954000,5,0x1FCD,0x0000
0.0438998400,5,0x1FCD,0x0000
0.0439042800,5,0x1FCD,0x0000
0.0439087300,5,0x1FCD,0x0000
0.0439131700,5,0x1FCD,0x0000
0.0439176200,5,0x1FCD,0x0000
0.0439220600,5,0x1FCD,0x0000
0.0439265100,5,0x1FCD,0x0000
0.0439309500,5,0x1FCD,0x0000
0.0439354000,5,0x1FCD,0x0000
0.0439398400,5,0x1FCD,0x0000
0.0439442900,5,0x1FCD,0x0000
0.0439487300,5,0x1FCD,0x0000
0.0439531700,5,0x1FCD,0x0000
0.0439576200,5,0x1FCD,0x0000
0.0439620600,5,0x1FCD,0x0000
0.0439665100,5,0x1FCD,0x0000
0.0439709500,5,0x1FCD,0x0000
0.0439754000,5,0x1FCD,0x0000
0.0439798400,5,0x1FCD,0x0000
0.0439842900,5,0x1FCD,0x0000
0.0439887300,5,0x1FCD,0x0000
0.0439931700,5,0x1FCD,0x0000
0.0439976200,5,0x1FCD,0x0000
0.0440020600,5,0x1FCD,0x0000
0.0440065100,5,0x1FCD,0x0000
0.0440109500,5,0x1FCD,0x0000
0.0440154000,5,0x1FCD,0x0000
0.0440198400,5,0x1FCD,0x0000
0.0440242800,5,0x1FCD,0x0000
0.0440287300,5,0x1FCD,0x0000
0.0440331700,5,0x1FCD,0x0000
0.0440376200,5,0x1FCD,0x0000
0.0440420600,5,0x1FCD,0x0000
0.0440465100,5,0x1FCD,0x0000
0.0440509500,5,0x1FCD,0x0000
0.0440554000,5,0x1FCD,0x0000
0.0440598400,5,0x1FCD,0x0000
0.0440642900,5,0x1FCD,0x0000
0.0440687300,5,0x1FCD,0x0000
0.0440731700,5,0x1FCD,0x0000
0.0440776200,5,0x1FCD,0x0000
0.0440820600,5,0x1FCD,0x0000
0.0440865100,5,0x1FCD,0x0000
0.0440909500,5,0x1FCD,0x0000
0.0440954000,5,0x1FCD,0x0000
0.0440998400,5,0x1FCD,0x0000
0.0441042900,5,0x1FCD,0x0000
0.0441087300,5,0x1FCD,0x0000
0.0441131700,5,0x1FCD,0x0000
0.0441176200,5,0x1FCD,0x0000
0.0441220600,5,0x1FCD,0x0000
0.0441265100,5,0x1FCD,0x0000
0.0441309500,5,0x1FCD,0x0000
0.0441354000,5,0x1FCD,0x0000
0.0441398400,5,0x1FCD,0x0000
0.0441442900,5,0x1FCD,0x0000
0.0441487300,5,0x1FCD,0x0000
0.0441531800,5,0x1FCD,0x0000
0.0441576200,5,0x1FCD,0x0000
0.0441620600,5,0x1FCD,0x0000
0.0441665100,5,0x1FCD,0x0000
0.0441709500,5,0x1FCD,0x0000
0.0441754000,5,0x1FCD,0x0000
0.0441798400,5,0x1FCD,0x0000
0.0441842900,5,0x1FCD,0x0000
0.0441887300,5,0x1FCD,0x0000
0.0441931700,5,0x1FCD,0x0000
0.0441976200,5,0x1FCD,0x0000
0.0442020600,5,0x1FCD,0x0000
0.0442065100,5,0x1FCD,0x0000
0.0442109500,5,0x1FCD,0x0000
0.0442154000,5,0x1FCD,0x0000
0.0442198400,5,0x1FCD,0x0000
0.0442242900,5,0x1FCD,0x0000
0.0442287300,5,0x1FCD,0x0000
0.0442331800,5,0x1FCD,0x0000
0.0442376200,5,0x1FCD,0x0000
0.0442420600,5,0x1FCD,0x0000
0.0442465100,5,0x1FCD,0x0000
0.0442509500,5,0x1FCD,0x0000
0.0442554000,5,0x1FCD,0x0000
0.0442598400,5,0x1FCD,0x0000
0.0442642900,5,0x1FCD,0x0000
0.0442687300,5,0x1FCD,0x0000
0.0442731800,5,0x1FCD,0x0000
0.0442776200,5,0x1FCD,0x0000
0.0442820600,5,0x1FCD,0x0000
0.0442865100,5,0x1FCD,0x0000
0.0442909500,5,0x1FCD,0x0000
0.0442954000,5,0x1FCD,0x0000
0.0442998400,5,0x1FCD,0x0000
0.0443042900,5,0x1FCD,0x0000
0.0443087300,5,0x1FCD,0x0000
0.0443131800,5,0x1FCD,0x0000
0.0443176200,5,0x1FCD,0x0000
0.0443220600,5,0x1FCD,0x0000
0.0443265100,5,0x1FCD,0x0000
0.0443309500,5,0x1FCD,0x0000
0.0443354000,5,0x1FCD,0x0000
0.0443398400,5,0x1FCD,0x0000
0.0443442900,5,0x1FCD,0x0000
0.0443487300,5,0x1FCD,0x0000
0.0443531800,5,0x1FCD,0x0000
0.0443576200,5,0x1FCD,0x0000
0.0443620600,5,0x1FCD,0x0000
0.0443665100,5,0x1FCD,0x0000
0.0443709500,5,0x1FCD,0x0000
0.0443754000,5,0x1FCD,0x0000
0.0443798400,5,0x1FCD,0x0000
0.0443842900,5,0x1FCD,0x0000
0.0443887300,5,0x1FCD,0x0000
0.0443931800,5,0x1FCD,0x0000
0.0443976200,5,0x1FCD,0x0000
0.0444020600,5,0x1FCD,0x0000
0.0444065100,5,0x1FCD,0x0000
0.0444109500,5,0x1FCD,0x0000
0.0444154000,5,0x1FCD,0x0000
0.0444198400,5,0x1FCD,0x0000
0.0444242900,5,0x1FCD,0x0000
0.0444287300,5,0x1FCD,0x0000
0.0444331800,5,0x1FCD,0x0000
0.0444376200,5,0x1FCD,0x0000
0.0444420600,5,0x1FCD,0x0000
0.0444465100,5,0x1FCD,0x0000
0.0444509500,5,0x1FCD,0x0000
0.0444554000,5,0x1FCD,0x0000
0.0444598400,5,0x1FCD,0x0000
0.0444642900,5,0x1FCD,0x0000
0.0444687300,5,0x1FCD,0x0000
0.0444731800,5,0x1FCD,0x0000
0.0444776200,5,0x1FCD,0x0000
0.0444820600,5,0x1FCD,0x0000
0.0444865100,5,0x1FCD,0x0000
0.0444909500,5,0x1FCD,0x0000
0.0444954000,5,0x1FCD,0x0000
0.0444998400,5,0x1FCD,0x0000
0.0445042900,5,0x1FCD,0x0000
0.0445087300,5,0x1FCD,0x0000
0.0445131800,5,0x1FCD,0x0000
0.0445176200,5,0x1FCD,0x0000
0.0445220600,5,0x1FCD,0x0000
0.0445265100,5,0x1FCD,0x0000
0.0445309500,5,0x1FCD,0x0000
0.0445354000,5,0x1FCD,0x0000
0.0445398400,5,0x1FCD,0x0000
0.0445442900,5,0x1FCD,0x0000
0.0445487300,5,0x1FCD,0x0000
0.0445531800,5,0x1FCD,0x0000
0.0445576200,5,0x1FCD,0x0000
0.0445620700,5,0x1FCD,0x0000
0.0445665100,5,0x1FCD,0x0000
0.0445709600,5,0x1FCD,0x0000
0.0445754000,5,0x1FCD,0x0000
0.0445798400,5,0x1FCD,0x0000
0.0445842900,5,0x1FCD,0x0000
0.0445887300,5,0x1FCD,0x0000
0.0445931800,5,0x1FCD,0x0000
0.0445976200,5,0x1FCD,0x0000
0.0446020700,5,0x1FCD,0x0000
0.0446065100,5,0x1FCD,0x0000
0.0446109600,5,0x1FCD,0x0000
0.0446154000,5,0x1FCD,0x0000
0.0446198400,5,0x1FCD,0x0000
0.0446242900,5,0x1FCD,0x0000
0.0446287300,5,0x1FCD,0x0000
0.0446331800,5,0x1FCD,0x0000
0.0446376200,5,0x1FCD,0x0000
0.0446420700,5,0x1FCD,0x0000
0.0446465100,5,0x1FCD,0x0000
0.0446509600,5,0x1FCD,0x0000
0.0446554000,5,0x1FCD,0x0000
0.0446598400,5,0x1FCD,0x0000
0.0446642900,5,0x1FCD,0x0000
0.0446687300,5,0x1FCD,0x0000
0.0446731800,5,0x1FCD,0x0000
0.0446776200,5,0x1FCD,0x0000
0.0446820700,5,0x1FCD,0x0000
0.0446865100,5,0x1FCD,0x0000
0.0446909600,5,0x1FCD,0x0000
0.0446954000,5,0x1FCD,0x0000
0.0446998400,5,0x1FCD,0x0000
0.0447042900,5,0x1FCD,0x0000
0.0447087300,5,0x1FCD,0x0000
0.0447131800,5,0x1FCD,0x0000
0.0447176200,5,0x1FCD,0x0000
0.0447220700,5,0x1FCD,0x0000
0.0447265100,5,0x1FCD,0x0000
0.0447309600,5,0x1FCD,0x0000
0.0447354000,5,0x1FCD,0x0000
0.0447398400,5,0x1FCD,0x0000
0.0447442900,5,0x1FCD,0x0000
0.0447487300,5,0x1FCD,0x0000
0.0447531800,5,0x1FCD,0x0000
0.0447576200,5,0x1FCD,0x0000
0.0447620700,5,0x1FCD,0x0000
0.0447665100,5,0x1FCD,0x0000
0.0447709600,5,0x1FCD,0x0000
0.0447754000,5,0x1FCD,0x0000
0.0447798400,5,0x1FCD,0x0000
0.0447842900,5,0x1FCD,0x0000
0.0447887300,5,0x1FCD,0x0000
0.0447931800,5,0x1FCD,0x0000
0.0447976200,5,0x1FCD,0x0000
0.0448020700,5,0x1FCD,0x0000
0.0448065100,5,0x1FCD,0x0000
0.0448109600,5,0x1FCD,0x0000
0.0448154000,5,0x1FCD,0x0000
0.0448198500,5,0x1FCD,0x0000
0.0448242900,5,0x1FCD,0x0000
0.0448287300,5,0x1FCD,0x0000
0.0448331800,5,0x1FCD,0x0000
0.0448376200,5,0x1FCD,0x0000
0.0448420700,5,0x1FCD,0x0000
0.0448465100,5,0x1FCD,0x0000
0.0448509600,5,0x1FCD,0x0000
0.0448554000,5,0x1FCD,0x0000
0.0448598500,5,0x1FCD,0x0000
0.0448642900,5,0x1FCD,0x0000
0.0448687300,5,0x1FCD,0x0000
0.0448731800,5,0x1FCD,0x0000
0.0448776200,5,0x1FCD,0x0000
0.0448820700,5,0x1FCD,0x0000
0.0448865100,5,0x1FCD,0x0000
0.0448909600,5,0x1FCD,0x0000
0.0448954000,5,0x1FCD,0x0000
0.0448998500,5,0x1FCD,0x0000
0.0449042900,5,0x1FCD,0x0000
0.0449087300,5,0x1FCD,0x0000
0.0449131800,5,0x1FCD,0x0000
0.0449176200,5,0x1FCD,0x0000
0.0449220700,5,0x1FCD,0x0000
0.0449265100,5,0x1FCD,0x0000
0.0449309600,5,0x1FCD,0x0000
0.0449354000,5,0x1FCD,0x0000
0.0449398500,5,0x1FCD,0x0000
0.0449442900,5,0x1FCD,0x0000
0.0449487300,5,0x1FCD,0x0000
0.0449531800,5,0x1FCD,0x0000
0.0449576200,5,0x1FCD,0x0000
0.0449620700,5,0x1FCD,0x0000
0.0449665100,5,0x1FCD,0x0000
0.0449709600,5,0x1FCD,0x0000
0.0449754000,5,0x1FCD,0x0000
0.0449798500,5,0x1FCD,0x0000
0.0449842900,5,0x1FCD,0x0000
0.0449887300,5,0x1FCD,0x0000
0.0449931800,5,0x1FCD,0x0000
0.0449976200,5,0x1FCD,0x0000
0.0450020700,5,0x1FCD,0x0000
0.0450065100,5,0x1FCD,0x0000
0.0450109600,5,0x1FCD,0x0000
0.0450154000,5,0x1FCD,0x0000
0.0450198500,5,0x1FCD,0x0000
0.0450242900,5,0x1FCD,0x0000
0.0450287300,5,0x1FCD,0x0000
0.0450331800,5,0x1FCD,0x0000
0.0450376200,5,0x1FCD,0x0000
0.0450420700,5,0x1FCD,0x0000
0.0450465100,5,0x1FCD,0x0000
0.0450509600,5,0x1FCD,0x0000
0.0450554000,5,0x1FCD,0x0000
0.0450598500,5,0x1FCD,0x0000
0.0450642900,5,0x1FCD,0x0000
0.0450687400,5,0x1FCD,0x0000
0.0450731800,5,0x1FCD,0x0000
0.0450776200,5,0x1FCD,0x0000
0.0450820700,5,0x1FCD,0x0000
0.0450865100,5,0x1FCD,0x0000
0.0450909600,5,0x1FCD,0x0000
0.0450954000,5,0x1FCD,0x0000
0.0450998500,5,0x1FCD,0x0000
0.0451042900,5,0x1FCD,0x0000
0.0451087400,5,0x1FCD,0x0000
0.0451131800,5,0x1FCD,0x0000
0.0451176200,5,0x1FCD,0x0000
0.0451220700,5,0x1FCD,0x0000
0.0451265100,5,0x1FCD,0x0000
0.0451309600,5,0x1FCD,0x0000
0.0451354000,5,0x1FCD,0x0000
0.0451398500,5,0x1FCD,0x0000
0.0451442900,5,0x1FCD,0x0000
0.0451487400,5,0x1FCD,0x0000
0.0451531800,5,0x1FCD,0x0000
0.0451576200,5,0x1FCD,0x0000
0.0451620700,5,0x1FCD,0x0000
0.0451665100,5,0x1FCD,0x0000
0.0451709600,5,0x1FCD,0x0000
0.0451754000,5,0x1FCD,0x0000
0.0451798500,5,0x1FCD,0x0000
0.0451842900,5,0x1FCD,0x0000
0.0451887400,5,0x1FCD,0x0000
0.0451931800,5,0x1FCD,0x0000
0.0451976200,5,0x1FCD,0x0000
0.0452020700,5,0x1FCD,0x0000
0.0452065100,5,0x1FCD,0x0000
0.0452109600,5,0x1FCD,0x0000
0.0452154000,5,0x1FCD,0x0000
0.0452198500,5,0x1FCD,0x0000
0.0452242900,5,0x1FCD,0x0000
0.0452287400,5,0x1FCD,0x0000
0.0452331800,5,0x1FCD,0x0000
0.0452376200,5,0x1FCD,0x0000
0.0452420700,5,0x1FCD,0x0000
0.0452465100,5,0x1FCD,0x0000
0.0452509600,5,0x1FCD,0x0000
0.0452554000,5,0x1FCD,0x0000
0.0452598500,5,0x1FCD,0x0000
0.0452642900,5,0x1FCD,0x0000
0.0452687400,5,0x1FCD,0x0000
0.0452731800,5,0x1FCD,0x0000
0.0452776300,5,0x1FCD,0x0000
0.0452820700,5,0x1FCD,0x0000
0.0452865100,5,0x1FCD,0x0000
0.0452909600,5,0x1FCD,0x0000
0.0452954000,5,0x1FCD,0x0000
0.0452998500,5,0x1FCD,0x0000
0.0453042900,5,0x1FCD,0x0000
0.0453087400,5,0x1FCD,0x0000
0.0453131800,5,0x1FCD,0x0000
0.0453176300,5,0x1FCD,0x0000
0.0453220700,5,0x1FCD,0x0000
0.0453265100,5,0x1FCD,0x0000
0.0453309600,5,0x1FCD,0x0000
0.0453354000,5,0x1FCD,0x0000
0.0453398500,5,0x1FCD,0x0000
0.0453442900,5,0x1FCD,0x0000
0.0453487400,5,0x1FCD,0x0000
0.0453531800,5,0x1FCD,0x0000
0.0453576300,5,0x1FCD,0x0000
0.0453620700,5,0x1FCD,0x0000
0.0453665100,5,0x1FCD,0x0000
0.0453709600,5,0x1FCD,0x0000
0.0453754000,5,0x1FCD,0x0000
0.0453798500,5,0x1FCD,0x0000
0.0453842900,5,0x1FCD,0x0000
0.0453887400,5,0x1FCD,0x0000
0.0453931800,5,0x1FCD,0x0000
0.0453976300,5,0x1FCD,0x0000
0.0454020700,5,0x1FCD,0x0000
0.0454065100,5,0x1FCD,0x0000
0.0454109600,5,0x1FCD,0x0000
0.0454154000,5,0x1FCD,0x0000
0.0454198500,5,0x1FCD,0x0000
0.0454242900,5,0x1FCD,0x0000
0.0454287400,5,0x1FCD,0x0000
0.0454331800,5,0x1FCD,0x0000
0.0454376300,5,0x1FCD,0x0000
0.0454420700,5,0x1FCD,0x0000
0.0454465100,5,0x1FCD,0x0000
0.0454509600,5,0x1FCD,0x0000
0.0454554000,5,0x1FCD,0x0000
0.0454598500,5,0x1FCD,0x0000
0.0454642900,5,0x1FCD,0x0000
0.0454687400,5,0x1FCD,0x0000
0.0454731800,5,0x1FCD,0x0000
0.0454776300,5,0x1FCD,0x0000
0.0454820700,5,0x1FCD,0x0000
0.0454865100,5,0x1FCD,0x0000
0.0454909600,5,0x1FCD,0x0000
0.0454954000,5,0x1FCD,0x0000
0.0454998500,5,0x1FCD,0x0000
0.0455042900,5,0x1FCD,0x0000
0.0455087400,5,0x1FCD,0x0000
0.0455131800,5,0x1FCD,0x0000
0.0455176300,5,0x1FCD,0x0000
0.0455220700,5,0x1FCD,0x0000
0.0455265100,5,0x1FCD,0x0000
0.0455309600,5,0x1FCD,0x0000
0.0455354000,5,0x1FCD,0x0000
0.0455398500,5,0x1FCD,0x0000
0.0455442900,5,0x1FCD,0x0000
0.0455487400,5,0x1FCD,0x0000
0.0455531800,5,0x1FCD,0x0000
0.0455576300,5,0x1FCD,0x0000
0.0455620700,5,0x1FCD,0x0000
0.0455665100,5,0x1FCD,0x0000
0.0455709600,5,0x1FCD,0x0000
0.0455754000,5,0x1FCD,0x0000
0.0455798500,5,0x1FCD,0x0000
0.0455842900,5,0x1FCD,0x0000
0.0455887400,5,0x1FCD,0x0000
0.0455931800,5,0x1FCD,0x0000
0.0455976300,5,0x1FCD,0x0000
0.0456020700,5,0x1FCD,0x0000
0.0456065100,5,0x1FCD,0x0000
0.0456109600,5,0x1FCD,0x0000
0.0456154000,5,0x1FCD,0x0000
0.0456198500,5,0x1FCD,0x0000
0.0456242900,5,0x1FCD,0x0000
0.0456287400,5,0x1FCD,0x0000
0.0456331800,5,0x1FCD,0x0000
0.0456376300,5,0x1FCD,0x0000
0.0456420700,5,0x1FCD,0x0000
0.0456465200,5,0x1FCD,0x0000
0.0456509600,5,0x1FCD,0x0000
0.0456554000,5,0x1FCD,0x0000
0.0456598500,5,0x1FCD,0x0000
0.0456642900,5,0x1FCD,0x0000
0.0456687400,5,0x1FCD,0x0000
0.0456731800,5,0x1FCD,0x0000
0.0456776300,5,0x1FCD,0x0000
0.0456820700,5,0x1FCD,0x0000
0.0456865100,5,0x1FCD,0x0000
0.0456909600,5,0x1FCD,0x0000
0.0456954000,5,0x1FCD,0x0000
0.0456998500,5,0x1FCD,0x0000
0.0457042900,5,0x1FCD,0x0000
0.0457087400,5,0x1FCD,0x0000
0.0457131800,5,0x1FCD,0x0000
0.0457176300,5,0x1FCD,0x0000
0.0457220700,5,0x1FCD,0x0000
0.0457265200,5,0x1FCD,0x0000
0.0457309600,5,0x1FCD,0x0000
0.0457354000,5,0x1FCD,0x0000
0.0457398500,5,0x1FCD,0x0000
0.0457442900,5,0x1FCD,0x0000
0.0457487400,5,0x1FCD,0x0000
0.0457531800,5,0x1FCD,0x0000
0.0457576300,5,0x1FCD,0x0000
0.0457620700,5,0x1FCD,0x0000
0.0457665200,5,0x1FCD,0x0000
0.0457709600,5,0x1FCD,0x0000
0.0457754100,5,0x1FCD,0x0000
0.0457798500,5,0x1FCD,0x0000
0.0457842900,5,0x1FCD,0x0000
0.0457887400,5,0x1FCD,0x0000
0.0457931800,5,0x1FCD,0x0000
0.0457976300,5,0x0000,0x0000
0.0458020700,5,0x0000,0x0000
0.0458065100,5,0x0000,0x0000
0.0509176600,6,0x55AA,0x0000
0.0509221000,6,0x2DEC,0x0000
0.0509265400,6,0x01FF,0x0000
0.0509309900,6,0x1FCD,0x0000
0.0509354300,6,0x1FCD,0x0000
0.0509398800,6,0x1FCD,0x0000
0.0509443200,6,0x1FCD,0x0000
0.0509487600,6,0x1FCD,0x0000
0.0509532100,6,0x1FCD,0x0000
0.0509576500,6,0x1FCD,0x0000
0.0509621000,6,0x1FCD,0x0000
0.0509665400,6,0x1FCD,0x0000
0.0509709900,6,0x1FCD,0x0000
0.0509754300,6,0x1FCD,0x0000
0.0509798800,6,0x1FCD,0x0000
0.0509843200,6,0x1FCD,0x0000
0.0509887600,6,0x1FCD,0x0000
0.0509932100,6,0x1FCD,0x0000
0.0509976500,6,0x1FCD,0x0000
0.0510021000,6,0x1FCD,0x0000
0.0510065400,6,0x1FCD,0x0000
0.0510109900,6,0x1FCD,0x0000
0.0510154300,6,0x1FCD,0x0000
0.0510198800,6,0x1FCD,0x0000
0.0510243200,6,0x1FCD,0x0000
0.0510287600,6,0x1FCD,0x0000
0.0510332100,6,0x1FCD,0x0000
0.0510376500,6,0x1FCD,0x0000
0.0510421000,6,0x1FCD,0x0000
0.0510465400,6,0x1FCD,0x0000
0.0510509900,6,0x1FCD,0x0000
0.0510554300,6,0x1FCD,0x0000
0.0510598800,6,0x1FCD,0x0000
0.0510643200,6,0x1FCD,0x0000
0.0510687600,6,0x1FCD,0x0000
0.0510732100,6,0x1FCD,0x0000
0.0510776500,6,0x1FCD,0x0000
0.0510821000,6,0x1FCD,0x0000
0.0510865400,6,0x1FCD,0x0000
0.0510909900,6,0x1FCD,0x0000
0.0510954300,6,0x1FCD,0x0000
0.0510998800,6,0x1FCD,0x0000
0.0511043200,6,0x1FCD,0x0000
0.0511087600,6,0x1FCD,0x0000
0.0511132100,6,0x1FCD,0x0000
0.0511176500,6,0x1FCD,0x0000
0.0511221000,6,0x1FCD,0x0000
0.0511265400,6,0x1FCD,0x0000
0.0511309900,6,0x1FCD,0x0000
0.0511354300,6,0x1FCD,0x0000
0.0511398800,6,0x1FCD,0x0000
0.0511443200,6,0x1FCD,0x0000
0.0511487600,6,0x1FCD,0x0000
0.0511532100,6,0x1FCD,0x0000
0.0511576500,6,0x1FCD,0x0000
0.0511621000,6,0x1FCD,0x0000
0.0511665400,6,0x1FCD,0x0000
0.0511709900,6,0x1FCD,0x0000
0.0511754300,6,0x1FCD,0x0000
0.0511798800,6,0x1FCD,0x0000
0.0511843200,6,0x1FCD,0x0000
0.0511887600,6,0x1FCD,0x0000
0.0511932100,6,0x1FCD,0x0000
0.0511976500,6,0x1FCD,0x0000
0.0512021000,6,0x1FCD,0x0000
0.0512065400,6,0x1FCD,0x0000
0.0512109900,6,0x1FCD,0x0000
0.0512154300,6,0x1FCD,0x0000
0.0512198800,6,0x1FCD,0x0000
0.0512243200,6,0x1FCD,0x0000
0.0512287600,6,0x1FCD,0x0000
0.0512332100,6,0x1FCD,0x0000
0.0512376500,6,0x1FCD,0x0000
0.0512421000,6,0x1FCD,0x0000
0.0512465400,6,0x1FCD,0x0000
0.0512509900,6,0x1FCD,0x0000
0.0512554300,6,0x1FCD,0x0000
0.0512598800,6,0x1FCD,0x0000
0.0512643200,6,0x1FCD,0x0000
0.0512687600,6,0x1FCD,0x0000
0.0512732100,6,0x1FCD,0x0000
0.0512776600,6,0x1FCD,0x0000
0.0512821000,6,0x1FCD,0x0000
0.0512865400,6,0x1FCD,0x0000
0.0512909900,6,0x1FCD,0x0000
0.0512954300,6,0x1FCD,0x0000
0.0512998800,6,0x1FCD,0x0000
0.0513043200,6,0x1FCD,0x0000
0.0513087600,6,0x1FCD,0x0000
0.0513132100,6,0x1FCD,0x0000
0.0513176500,6,0x1FCD,0x0000
0.0513221000,6,0x1FCD,0x0000
0.0513265400,6,0x1FCD,0x0000
0.0513309900,6,0x1FCD,0x0000
0.0513354300,6,0x1FCD,0x0000
0.0513398800,6,0x1FCD,0x0000
0.0513443200,6,0x1FCD,0x0000
0.0513487700,6,0x1FCD,0x0000
0.0513532100,6,0x1FCD,0x0000
0.0513576600,6,0x1FCD,0x0000
0.0513621000,6,0x1FCD,0x0000
0.0513665400,6,0x1FCD,0x0000
0.0513709900,6,0x1FCD,0x0000
0.0513754300,6,0x1FCD,0x0000
0.0513798800,6,0x1FCD,0x0000
0.0513843200,6,0x1FCD,0x0000
0.0513887700,6,0x1FCD,0x0000
0.0513932100,6,0x1FCD,0x0000
0.0513976600,6,0x1FCD,0x0000
0.0514021000,6,0x1FCD,0x0000
0.0514065400,6,0x1FCD,0x0000
0.0514109900,6,0x1FCD,0x0000
0.0514154300,6,0x1FCD,0x0000
0.0514198800,6,0x1FCD,0x0000
0.0514243200,6,0x1FCD,0x0000
0.0514287700,6,0x1FCD,0x0000
0.0514332100,6,0x1FCD,0x0000
0.0514376600,6,0x1FCD,0x0000
0.0514421000,6,0x1FCD,0x0000
0.0514465400,6,0x1FCD,0x0000
0.0514509900,6,0x1FCD,0x0000
0.0514554300,6,0x1FCD,0x0000
0.0514598800,6,0x1FCD,0x0000
0.0514643200,6,0x1FCD,0x0000
0.0514687700,6,0x1FCD,0x0000
0.0514732100,6,0x1FCD,0x0000
0.0514776600,6,0x1FCD,0x0000
0.0514821000,6,0x1FCD,0x0000
0.0514865400,6,0x1FCD,0x0000
0.0514909900,6,0x1FCD,0x0000
0.0514954300,6,0x1FCD,0x0000
0.0514998800,6,0x1FCD,0x0000
0.0515043200,6,0x1FCD,0x0000
0.0515087700,6,0x1FCD,0x0000
0.0515132100,6,0x1FCD,0x0000
0.0515176600,6,0x1FCD,0x0000
0.0515221000,6,0x1FCD,0x0000
0.0515265500,6,0x1FCD,0x0000
0.0515309900,6,0x1FCD,0x0000
0.0515354300,6,0x1FCD,0x0000
0.0515398800,6,0x1FCD,0x0000
0.0515443200,6,0x1FCD,0x0000
0.0515487700,6,0x1FCD,0x0000
0.0515532100,6,0x1FCD,0x0000
0.0515576600,6,0x1FCD,0x0000
0.0515621000,6,0x1FCD,0x0000
0.0515665500,6,0x1FCD,0x0000
0.0515709900,6,0x1FCD,0x0000
0.0515754300,6,0x1FCD,0x0000
0.0515798800,6,0x1FCD,0x0000
0.0515843200,6,0x1FCD,0x0000
0.0515887700,6,0x1FCD,0x0000
0.0515932100,6,0x1FCD,0x0000
0.0515976600,6,0x1FCD,0x0000
0.0516021000,6,0x1FCD,0x0000
0.0516065500,6,0x1FCD,0x0000
0.0516109900,6,0x1FCD,0x0000
0.0516154300,6,0x1FCD,0x0000
0.0516198800,6,0x1FCD,0x0000
0.0516243200,6,0x1FCD,0x0000
0.0516287700,6,0x1FCD,0x0000
0.0516332100,6,0x1FCD,0x0000
0.0516376600,6,0x1FCD,0x0000
0.0516421000,6,0x1FCD,0x0000
0.0516465500,6,0x1FCD,0x0000
0.0516509900,6,0x1FCD,0x0000
0.0516554300,6,0x1FCD,0x0000
0.0516598800,6,0x1FCD,0x0000
0.0516643200,6,0x1FCD,0x0000
0.0516687700,6,0x1FCD,0x0000
0.0516732100,6,0x1FCD,0x0000
0.0516776600,6,0x1FCD,0x0000
0.0516821000,6,0x1FCD,0x0000
0.0516865500,6,0x1FCD,0x0000
0.0516909900,6,0x1FCD,0x0000
0.0516954300,6,0x1FCD,0x0000
0.0516998800,6,0x1FCD,0x0000
0.0517043200,6,0x1FCD,0x0000
0.0517087700,6,0x1FCD,0x0000
0.0517132100,6,0x1FCD,0x0000
0.0517176600,6,0x1FCD,0x0000
0.0517221000,6,0x1FCD,0x0000
0.0517265500,6,0x1FCD,0x0000
0.0517309900,6,0x1FCD,0x0000
0.0517354300,6,0x1FCD,0x0000
0.0517398800,6,0x1FCD,0x0000
0.0517443200,6,0x1FCD,0x0000
0.0517487700,6,0x1FCD,0x0000
0.0517532100,6,0x1FCD,0x0000
0.0517576600,6,0x1FCD,0x0000
0.0517621000,6,0x1FCD,0x0000
0.0517665500,6,0x1FCD,0x0000
0.0517709900,6,0x1FCD,0x0000
0.0517754300,6,0x1FCD,0x0000
0.0517798800,6,0x1FCD,0x0000
0.0517843200,6,0x1FCD,0x0000
0.0517887700,6,0x1FCD,0x0000
0.0517932100,6,0x1FCD,0x0000
0.0517976600,6,0x1FCD,0x0000
0.0518021000,6,0x1FCD,0x0000
0.0518065500,6,0x1FCD,0x0000
0.0518109900,6,0x1FCD,0x0000
0.0518154400,6,0x1FCD,0x0000
0.0518198800,6,0x1FCD,0x0000
0.0518243200,6,0x1FCD,0x0000
0.0518287700,6,0x1FCD,0x0000
0.0518332100,6,0x1FCD,0x0000
0.0518376600,6,0x1FCD,0x0000
0.0518421000,6,0x1FCD,0x0000
0.0518465500,6,0x1FCD,0x0000
0.0518509900,6,0x1FCD,0x0000
0.0518554400,6,0x1FCD,0x0000
0.0518598800,6,0x1FCD,0x0000
0.0518643200,6,0x1FCD,0x0000
0.0518687700,6,0x1FCD,0x0000
0.0518732100,6,0x1FCD,0x0000
0.0518776600,6,0x1FCD,0x0000
0.0518821000,6,0x1FCD,0x0000
0.0518865500,6,0x1FCD,0x0000
0.0518909900,6,0x1FCD,0x0000
0.0518954400,6,0x1FCD,0x0000
0.0518998800,6,0x1FCD,0x0000
0.0519043200,6,0x1FCD,0x0000
0.0519087700,6,0x1FCD,0x0000
0.0519132100,6,0x1FCD,0x0000
0.0519176600,6,0x1FCD,0x0000
0.0519221000,6,0x1FCD,0x0000
0.0519265500,6,0x1FCD,0x0000
0.0519309900,6,0x1FCD,0x0000
0.0519354400,6,0x1FCD,0x0000
0.0519398800,6,0x1FCD,0x0000
0.0519443200,6,0x1FCD,0x0000
0.0519487700,6,0x1FCD,0x0000
0.0519532100,6,0x1FCD,0x0000
0.0519576600,6,0x1FCD,0x0000
0.0519621000,6,0x1FCD,0x0000
0.0519665500,6,0x1FCD,0x0000
0.0519709900,6,0x1FCD,0x0000
0.0519754400,6,0x1FCD,0x0000
0.0519798800,6,0x1FCD,0x0000
0.0519843300,6,0x1FCD,0x0000
0.0519887700,6,0x1FCD,0x0000
0.0519932100,6,0x1FCD,0x0000
0.0519976600,6,0x1FCD,0x0000
0.0520021000,6,0x1FCD,0x0000
0.0520065500,6,0x1FCD,0x0000
0.0520109900,6,0x1FCD,0x0000
0.0520154400,6,0x1FCD,0x0000
0.0520198800,6,0x1FCD,0x0000
0.0520243300,6,0x1FCD,0x0000
0.0520287700,6,0x1FCD,0x0000
0.0520332100,6,0x1FCD,0x0000
0.0520376600,6,0x1FCD,0x0000
0.0520421000,6,0x1FCD,0x0000
0.0520465500,6,0x1FCD,0x0000
0.0520509900,6,0x1FCD,0x0000
0.0520554400,6,0x1FCD,0x0000
0.0520598800,6,0x1FCD,0x0000
0.0520643300,6,0x1FCD,0x0000
0.0520687700,6,0x1FCD,0x0000
0.0520732100,6,0x1FCD,0x0000
0.0520776600,6,0x1FCD,0x0000
0.0520821000,6,0x1FCD,0x0000
0.0520865500,6,0x1FCD,0x0000
0.0520909900,6,0x1FCD,0x0000
0.0520954400,6,0x1FCD,0x0000
0.0520998800,6,0x1FCD,0x0000
0.0521043300,6,0x1FCD,0x0000
0.0521087700,6,0x1FCD,0x0000
0.0521132100,6,0x1FCD,0x0000
0.0521176600,6,0x1FCD,0x0000
0.0521221000,6,0x1FCD,0x0000
0.0521265500,6,0x1FCD,0x0000
0.0521309900,6,0x1FCD,0x0000
0.0521354400,6,0x1FCD,0x0000
0.0521398800,6,0x1FCD,0x0000
0.0521443300,6,0x1FCD,0x0000
0.0521487700,6,0x1FCD,0x0000
0.0521532100,6,0x1FCD,0x0000
0.0521576600,6,0x1FCD,0x0000
0.0521621000,6,0x1FCD,0x0000
0.0521665500,6,0x1FCD,0x0000
0.0521709900,6,0x1FCD,0x0000
0.0521754400,6,0x1FCD,0x0000
0.0521798800,6,0x1FCD,0x0000
0.0521843300,6,0x1FCD,0x0000
0.0521887700,6,0x1FCD,0x0000
0.0521932100,6,0x1FCD,0x0000
0.0521976600,6,0x1FCD,0x0000
0.0522021000,6,0x1FCD,0x0000
0.0522065500,6,0x1FCD,0x0000
0.0522109900,6,0x1FCD,0x0000
0.0522154400,6,0x1FCD,0x0000
0.0522198800,6,0x1FCD,0x0000
0.0522243300,6,0x1FCD,0x0000
0.0522287700,6,0x1FCD,0x0000
0.0522332100,6,0x1FCD,0x0000
0.0522376600,6,0x1FCD,0x0000
0.0522421000,6,0x1FCD,0x0000
0.0522465500,6,0x1FCD,0x0000
0.0522509900,6,0x1FCD,0x0000
0.0522554400,6,0x1FCD,0x0000
0.0522598800,6,0x1FCD,0x0000
0.0522643300,6,0x1FCD,0x0000
0.0522687700,6,0x1FCD,0x0000
0.0522732100,6,0x1FCD,0x0000
0.0522776600,6,0x1FCD,0x0000
0.0522821000,6,0x1FCD,0x0000
0.0522865500,6,0x1FCD,0x0000
0.0522909900,6,0x1FCD,0x0000
0.0522954400,6,0x1FCD,0x0000
0.0522998800,6,0x1FCD,0x0000
0.0523043300,6,0x1FCD,0x0000
0.0523087700,6,0x1FCD,0x0000
0.0523132100,6,0x1FCD,0x0000
0.0523176600,6,0x1FCD,0x0000
0.0523221000,6,0x1FCD,0x0000
0.0523265500,6,0x1FCD,0x0000
0.0523309900,6,0x1FCD,0x0000
0.0523354400,6,0x1FCD,0x0000
0.0523398800,6,0x1FCD,0x0000
0.0523443300,6,0x1FCD,0x0000
0.0523487700,6,0x1FCD,0x0000
0.0523532100,6,0x1FCD,0x0000
0.0523576600,6,0x1FCD,0x0000
0.0523621000,6,0x1FCD,0x0000
0.0523665500,6,0x1FCD,0x0000
0.0523709900,6,0x1FCD,0x0000
0.0523754400,6,0x1FCD,0x0000
0.0523798800,6,0x1FCD,0x0000
0.0523843300,6,0x1FCD,0x0000
0.0523887700,6,0x1FCD,0x0000
0.0523932100,6,0x1FCD,0x0000
0.0523976600,6,0x1FCD,0x0000
0.0524021000,6,0x1FCD,0x0000
0.0524065500,6,0x1FCD,0x0000
0.0524109900,6,0x1FCD,0x0000
0.0524154400,6,0x1FCD,0x0000
0.0524198800,6,0x1FCD,0x0000
0.0524243300,6,0x1FCD,0x0000
0.0524287700,6,0x1FCD,0x0000
0.0524332200,6,0x1FCD,0x0000
0.0524376600,6,0x1FCD,0x0000
0.0524421100,6,0x1FCD,0x0000
0.0524465500,6,0x1FCD,0x0000
0.0524509900,6,0x1FCD,0x0000
0.0524554400,6,0x1FCD,0x0000
0.0524598800,6,0x1FCD,0x0000
0.0524643300,6,0x1FCD,0x0000
0.0524687700,6,0x1FCD,0x0000
0.0524732200,6,0x1FCD,0x0000
0.0524776600,6,0x1FCD,0x0000
0.0524821100,6,0x1FCD,0x0000
0.0524865500,6,0x1FCD,0x0000
0.0524909900,6,0x1FCD,0x0000
0.0524954400,6,0x1FCD,0x0000
0.0524998800,6,0x1FCD,0x0000
0.0525043300,6,0x1FCD,0x0000
0.0525087700,6,0x1FCD,0x0000
0.0525132200,6,0x1FCD,0x0000
0.0525176600,6,0x1FCD,0x0000
0.0525221100,6,0x1FCD,0x0000
0.0525265500,6,0x1FCD,0x0000
0.0525309900,6,0x1FCD,0x0000
0.0525354400,6,0x1FCD,0x0000
0.0525398800,6,0x1FCD,0x0000
0.0525443300,6,0x1FCD,0x0000
0.0525487700,6,0x1FCD,0x0000
0.0525532200,6,0x1FCD,0x0000
0.0525576600,6,0x1FCD,0x0000
0.0525621100,6,0x1FCD,0x0000
0.0525665500,6,0x1FCD,0x0000
0.0525709900,6,0x1FCD,0x0000
0.0525754400,6,0x1FCD,0x0000
0.0525798800,6,0x1FCD,0x0000
0.0525843300,6,0x1FCD,0x0000
0.0525887700,6,0x1FCD,0x0000
0.0525932200,6,0x1FCD,0x0000
0.0525976600,6,0x1FCD,0x0000
0.0526021100,6,0x1FCD,0x0000
0.0526065500,6,0x1FCD,0x0000
0.0526109900,6,0x1FCD,0x0000
0.0526154400,6,0x1FCD,0x0000
0.0526198800,6,0x1FCD,0x0000
0.0526243300,6,0x1FCD,0x0000
0.0526287700,6,0x1FCD,0x0000
0.0526332200,6,0x1FCD,0x0000
0.0526376600,6,0x1FCD,0x0000
0.0526421100,6,0x1FCD,0x0000
0.0526465500,6,0x1FCD,0x0000
0.0526510000,6,0x1FCD,0x0000
0.0526554400,6,0x1FCD,0x0000
0.0526598800,6,0x1FCD,0x0000
0.0526643300,6,0x1FCD,0x0000
0.0526687700,6,0x1FCD,0x0000
0.0526732200,6,0x1FCD,0x0000
0.0526776600,6,0x1FCD,0x0000
0.0526821100,6,0x1FCD,0x0000
0.0526865500,6,0x1FCD,0x0000
0.0526910000,6,0x1FCD,0x0000
0.0526954400,6,0x1FCD,0x0000
0.0526998800,6,0x1FCD,0x0000
0.0527043300,6,0x1FCD,0x0000
0.0527087700,6,0x1FCD,0x0000
0.0527132200,6,0x1FCD,0x0000
0.0527176600,6,0x1FCD,0x0000
0.0527221100,6,0x1FCD,0x0000
0.0527265500,6,0x1FCD,0x0000
0.0527310000,6,0x1FCD,0x0000
0.0527354400,6,0x1FCD,0x0000
0.0527398800,6,0x1FCD,0x0000
0.0527443300,6,0x1FCD,0x0000
0.0527487700,6,0x1FCD,0x0000
0.0527532200,6,0x1FCD,0x0000
0.0527576600,6,0x1FCD,0x0000
0.0527621100,6,0x1FCD,0x0000
0.0527665500,6,0x1FCD,0x0000
0.0527710000,6,0x1FCD,0x0000
0.0527754400,6,0x1FCD,0x0000
0.0527798800,6,0x1FCD,0x0000
0.0527843300,6,0x1FCD,0x0000
0.0527887700,6,0x1FCD,0x0000
0.0527932200,6,0x1FCD,0x0000
0.0527976600,6,0x1FCD,0x0000
0.0528021100,6,0x1FCD,0x0000
0.0528065500,6,0x1FCD,0x0000
0.0528110000,6,0x1FCD,0x0000
0.0528154400,6,0x1FCD,0x0000
0.0528198800,6,0x1FCD,0x0000
0.0528243300,6,0x1FCD,0x0000
0.0528287700,6,0x1FCD,0x0000
0.0528332200,6,0x1FCD,0x0000
0.0528376600,6,0x1FCD,0x0000
0.0528421100,6,0x1FCD,0x0000
0.0528465500,6,0x1FCD,0x0000
0.0528510000,6,0x1FCD,0x0000
0.0528554400,6,0x1FCD,0x0000
0.0528598800,6,0x1FCD,0x0000
0.0528643300,6,0x1FCD,0x0000
0.0528687700,6,0x1FCD,0x0000
0.0528732200,6,0x1FCD,0x0000
0.0528776600,6,0x1FCD,0x0000
0.0528821100,6,0x1FCD,0x0000
0.0528865500,6,0x1FCD,0x0000
0.0528910000,6,0x1FCD,0x0000
0.0528954400,6,0x1FCD,0x0000
0.0528998900,6,0x1FCD,0x0000
0.0529043300,6,0x1FCD,0x0000
0.0529087700,6,0x1FCD,0x0000
0.0529132200,6,0x1FCD,0x0000
0.0529176600,6,0x1FCD,0x0000
0.0529221100,6,0x1FCD,0x0000
0.0529265500,6,0x1FCD,0x0000
0.0529310000,6,0x1FCD,0x0000
0.0529354400,6,0x1FCD,0x0000
0.0529398900,6,0x1FCD,0x0000
0.0529443300,6,0x1FCD,0x0000
0.0529487700,6,0x1FCD,0x0000
0.0529532200,6,0x1FCD,0x0000
0.0529576600,6,0x1FCD,0x0000
0.0529621100,6,0x1FCD,0x0000
0.0529665500,6,0x1FCD,0x0000
0.0529710000,6,0x1FCD,0x0000
0.0529754400,6,0x1FCD,0x0000
0.0529798900,6,0x1FCD,0x0000
0.0529843300,6,0x1FCD,0x0000
0.0529887700,6,0x1FCD,0x0000
0.0529932200,6,0x1FCD,0x0000
0.0529976600,6,0x1FCD,0x0000
0.0530021100,6,0x1FCD,0x0000
0.0530065500,6,0x1FCD,0x0000
0.0530110000,6,0x1FCD,0x0000
0.0530154400,6,0x1FCD,0x0000
0.0530198900,6,0x1FCD,0x0000
0.0530243300,6,0x1FCD,0x0000
0.0530287700,6,0x1FCD,0x0000
0.0530332200,6,0x1FCD,0x0000
0.0530376600,6,0x1FCD,0x0000
0.0530421100,6,0x1FCD,0x0000
0.0530465500,6,0x1FCD,0x0000
0.0530510000,6,0x1FCD,0x0000
0.0530554400,6,0x1FCD,0x0000
0.0530598900,6,0x1FCD,0x0000
0.0530643300,6,0x1FCD,0x0000
0.0530687700,6,0x1FCD,0x0000
0.0530732200,6,0x1FCD,0x0000
0.0530776600,6,0x1FCD,0x0000
0.0530821100,6,0x1FCD,0x0000
0.0530865500,6,0x1FCD,0x0000
0.0530910000,6,0x1FCD,0x0000
0.0530954400,6,0x1FCD,0x0000
0.0530998900,6,0x1FCD,0x0000
0.0531043300,6,0x1FCD,0x0000
0.0531087800,6,0x1FCD,0x0000
0.0531132200,6,0x1FCD,0x0000
0.0531176600,6,0x1FCD,0x0000
0.0531221100,6,0x1FCD,0x0000
0.0531265500,6,0x1FCD,0x0000
0.0531310000,6,0x1FCD,0x0000
0.0531354400,6,0x1FCD,0x0000
0.0531398900,6,0x1FCD,0x0000
0.0531443300,6,0x1FCD,0x0000
0.0531487800,6,0x1FCD,0x0000
0.0531532200,6,0x1FCD,0x0000
0.0531576600,6,0x1FCD,0x0000
0.0531621100,6,0x1FCD,0x0000
0.0531665500,6,0x1FCD,0x0000
0.0531710000,6,0x1FCD,0x0000
0.0531754400,6,0x1FCD,0x0000
0.0531798900,6,0x1FCD,0x0000
0.0531843300,6,0x1FCD,0x0000
0.0531887800,6,0x1FCD,0x0000
0.0531932200,6,0x1FCD,0x0000
0.0531976600,6,0x1FCD,0x0000
0.0532021100,6,0x1FCD,0x0000
0.0532065500,6,0x1FCD,0x0000
0.0532110000,6,0x1FCD,0x0000
0.0532154400,6,0x1FCD,0x0000
0.0532198900,6,0x1FCD,0x0000
0.0532243300,6,0x1FCD,0x0000
0.0532287800,6,0x1FCD,0x0000
0.0532332200,6,0x1FCD,0x0000
0.0532376600,6,0x1FCD,0x0000
0.0532421100,6,0x1FCD,0x0000
0.0532465500,6,0x1FCD,0x0000
0.0532510000,6,0x1FCD,0x0000
0.0532554400,6,0x1FCD,0x0000
0.0532598900,6,0x1FCD,0x0000
0.0532643300,6,0x1FCD,0x0000
0.0532687800,6,0x1FCD,0x0000
0.0532732200,6,0x1FCD,0x0000
0.0532776600,6,0x1FCD,0x0000
0.0532821100,6,0x1FCD,0x0000
0.0532865500,6,0x1FCD,0x0000
0.0532910000,6,0x1FCD,0x0000
0.0532954400,6,0x1FCD,0x0000
0.0532998900,6,0x1FCD,0x0000
0.0533043300,6,0x1FCD,0x0000
0.0533087800,6,0x1FCD,0x0000
0.0533132200,6,0x1FCD,0x0000
0.0533176600,6,0x1FCD,0x0000
0.0533221100,6,0x1FCD,0x0000
0.0533265500,6,0x1FCD,0x0000
0.0533310000,6,0x1FCD,0x0000
0.0533354400,6,0x1FCD,0x0000
0.0533398900,6,0x1FCD,0x0000
0.0533443300,6,0x1FCD,0x0000
0.0533487800,6,0x1FCD,0x0000
0.0533532200,6,0x1FCD,0x0000
0.0533576600,6,0x1FCD,0x0000
0.0533621100,6,0x1FCD,0x0000
0.0533665500,6,0x1FCD,0x0000
0.0533710000,6,0x1FCD,0x0000
0.0533754400,6,0x1FCD,0x0000
0.0533798900,6,0x1FCD,0x0000
0.0533843300,6,0x1FCD,0x0000
0.0533887800,6,0x1FCD,0x0000
0.0533932200,6,0x1FCD,0x0000
0.0533976600,6,0x1FCD,0x0000
0.0534021100,6,0x1FCD,0x0000
0.0534065500,6,0x1FCD,0x0000
0.0534110000,6,0x1FCD,0x0000
0.0534154400,6,0x1FCD,0x0000
0.0534198900,6,0x1FCD,0x0000
0.0534243300,6,0x1FCD,0x0000
0.0534287800,6,0x1FCD,0x0000
0.0534332200,6,0x1FCD,0x0000
0.0534376600,6,0x1FCD,0x0000
0.0534421100,6,0x1FCD,0x0000
0.0534465500,6,0x1FCD,0x0000
0.0534510000,6,0x1FCD,0x0000
0.0534554400,6,0x1FCD,0x0000
0.0534598900,6,0x1FCD,0x0000
0.0534643300,6,0x1FCD,0x0000
0.0534687800,6,0x1FCD,0x0000
0.0534732200,6,0x1FCD,0x0000
0.0534776600,6,0x1FCD,0x0000
0.0534821100,6,0x1FCD,0x0000
0.0534865500,6,0x1FCD,0x0000
0.0534910000,6,0x1FCD,0x0000
0.0534954400,6,0x1FCD,0x0000
0.0534998900,6,0x1FCD,0x0000
0.0535043300,6,0x1FCD,0x0000
0.0535087800,6,0x1FCD,0x0000
0.0535132200,6,0x1FCD,0x0000
0.0535176700,6,0x1FCD,0x0000
0.0535221100,6,0x1FCD,0x0000
0.0535265500,6,0x1FCD,0x0000
0.0535310000,6,0x1FCD,0x0000
0.0535354400,6,0x1FCD,0x0000
0.0535398900,6,0x1FCD,0x0000
0.0535443300,6,0x1FCD,0x0000
0.0535487800,6,0x1FCD,0x0000
0.0535532200,6,0x1FCD,0x0000
0.0535576700,6,0x1FCD,0x0000
0.0535621100,6,0x1FCD,0x0000
0.0535665600,6,0x1FCD,0x0000
0.0535710000,6,0x1FCD,0x0000
0.0535754400,6,0x1FCD,0x0000
0.0535798900,6,0x1FCD,0x0000
0.0535843300,6,0x1FCD,0x0000
0.0535887800,6,0x1FCD,0x0000
0.0535932200,6,0x1FCD,0x0000
0.0535976700,6,0x1FCD,0x0000
0.0536021100,6,0x1FCD,0x0000
0.0536065500,6,0x1FCD,0x0000
0.0536110000,6,0x1FCD,0x0000
0.0536154400,6,0x1FCD,0x0000
0.0536198900,6,0x1FCD,0x0000
0.0536243300,6,0x1FCD,0x0000
0.0536287800,6,0x1FCD,0x0000
0.0536332200,6,0x1FCD,0x0000
0.0536376700,6,0x1FCD,0x0000
0.0536421100,6,0x1FCD,0x0000
0.0536465500,6,0x1FCD,0x0000
0.0536510000,6,0x1FCD,0x0000
0.0536554400,6,0x1FCD,0x0000
0.0536598900,6,0x1FCD,0x0000
0.0536643300,6,0x1FCD,0x0000
0.0536687800,6,0x1FCD,0x0000
0.0536732200,6,0x1FCD,0x0000
0.0536776700,6,0x1FCD,0x0000
0.0536821100,6,0x1FCD,0x0000
0.0536865600,6,0x1FCD,0x0000
0.0536910000,6,0x1FCD,0x0000
0.0536954400,6,0x1FCD,0x0000
0.0536998900,6,0x1FCD,0x0000
0.0537043300,6,0x1FCD,0x0000
0.0537087800,6,0x1FCD,0x0000
0.0537132200,6,0x1FCD,0x0000
0.0537176700,6,0x1FCD,0x0000
0.0537221100,6,0x1FCD,0x0000
0.0537265600,6,0x1FCD,0x0000
0.0537310000,6,0x1FCD,0x0000
0.0537354400,6,0x1FCD,0x0000
0.0537398900,6,0x1FCD,0x0000
0.0537443300,6,0x1FCD,0x0000
0.0537487800,6,0x1FCD,0x0000
0.0537532200,6,0x1FCD,0x0000
0.0537576700,6,0x1FCD,0x0000
0.0537621100,6,0x1FCD,0x0000
0.0537665600,6,0x1FCD,0x0000
0.0537710000,6,0x1FCD,0x0000
0.0537754400,6,0x1FCD,0x0000
0.0537798900,6,0x1FCD,0x0000
0.0537843300,6,0x1FCD,0x0000
0.0537887800,6,0x1FCD,0x0000
0.0537932200,6,0x1FCD,0x0000
0.0537976700,6,0x1FCD,0x0000
0.0538021100,6,0x1FCD,0x0000
0.0538065600,6,0x1FCD,0x0000
0.0538110000,6,0x1FCD,0x0000
0.0538154500,6,0x1FCD,0x0000
0.0538198900,6,0x1FCD,0x0000
0.0538243300,6,0x1FCD,0x0000
0.0538287800,6,0x1FCD,0x0000
0.0538332200,6,0x1FCD,0x0000
0.0538376700,6,0x1FCD,0x0000
0.0538421100,6,0x1FCD,0x0000
0.0538465600,6,0x1FCD,0x0000
0.0538510000,6,0x1FCD,0x0000
0.0538554500,6,0x1FCD,0x0000
0.0538598900,6,0x1FCD,0x0000
0.0538643300,6,0x1FCD,0x0000
0.0538687800,6,0x1FCD,0x0000
0.0538732200,6,0x1FCD,0x0000
0.0538776700,6,0x1FCD,0x0000
0.0538821100,6,0x1FCD,0x0000
0.0538865600,6,0x1FCD,0x0000
0.0538910000,6,0x1FCD,0x0000
0.0538954500,6,0x1FCD,0x0000
0.0538998900,6,0x1FCD,0x0000
0.0539043300,6,0x1FCD,0x0000
0.0539087800,6,0x1FCD,0x0000
0.0539132200,6,0x1FCD,0x0000
0.0539176700,6,0x1FCD,0x0000
0.0539221100,6,0x1FCD,0x0000
0.0539265600,6,0x1FCD,0x0000
0.0539310000,6,0x1FCD,0x0000
0.0539354500,6,0x1FCD,0x0000
0.0539398900,6,0x1FCD,0x0000
0.0539443300,6,0x1FCD,0x0000
0.0539487800,6,0x1FCD,0x0000
0.0539532200,6,0x1FCD,0x0000
0.0539576700,6,0x1FCD,0x0000
0.0539621100,6,0x1FCD,0x0000
0.0539665600,6,0x1FCD,0x0000
0.0539710000,6,0x1FCD,0x0000
0.0539754500,6,0x1FCD,0x0000
0.0539798900,6,0x1FCD,0x0000
0.0539843300,6,0x1FCD,0x0000
0.0539887800,6,0x1FCD,0x0000
0.0539932200,6,0x1FCD,0x0000
0.0539976700,6,0x1FCD,0x0000
0.0540021100,6,0x1FCD,0x0000
0.0540065600,6,0x1FCD,0x0000
0.0540110000,6,0x1FCD,0x0000
0.0540154500,6,0x1FCD,0x0000
0.0540198900,6,0x1FCD,0x0000
0.0540243400,6,0x1FCD,0x0000
0.0540287800,6,0x1FCD,0x0000
0.0540332200,6,0x1FCD,0x0000
0.0540376700,6,0x1FCD,0x0000
0.0540421100,6,0x1FCD,0x0000
0.0540465600,6,0x1FCD,0x0000
0.0540510000,6,0x1FCD,0x0000
0.0540554500,6,0x1FCD,0x0000
0.0540598900,6,0x1FCD,0x0000
0.0540643400,6,0x1FCD,0x0000
0.0540687800,6,0x1FCD,0x0000
0.0540732200,6,0x1FCD,0x0000
0.0540776700,6,0x1FCD,0x0000
0.0540821100,6,0x1FCD,0x0000
0.0540865600,6,0x1FCD,0x0000
0.0540910000,6,0x1FCD,0x0000
0.0540954500,6,0x1FCD,0x0000
0.0540998900,6,0x1FCD,0x0000
0.0541043400,6,0x1FCD,0x0000
0.0541087800,6,0x1FCD,0x0000
0.0541132200,6,0x1FCD,0x0000
0.0541176700,6,0x1FCD,0x0000
0.0541221100,6,0x1FCD,0x0000
0.0541265600,6,0x1FCD,0x0000
0.0541310000,6,0x0000,0x0000
0.0541354500,6,0x0000,0x0000
0.0541398900,6,0x0000,0x0000
0.0592510300,7,0x55AA,0x0000
0.0592554700,7,0x2DEC,0x0000
0.0592599200,7,0x01FF,0x0000
0.0592643600,7,0x1FCD,0x0000
0.0592688100,7,0x1FCD,0x0000
0.0592732500,7,0x1FCD,0x0000
0.0592776900,7,0x1FCD,0x0000
0.0592821400,7,0x1FCD,0x0000
0.0592865800,7,0x1FCD,0x0000
0.0592910300,7,0x1FCD,0x0000
0.0592954700,7,0x1FCD,0x0000
0.0592999200,7,0x1FCD,0x0000
0.0593043600,7,0x1FCD,0x0000
0.0593088100,7,0x1FCD,0x0000
0.0593132500,7,0x1FCD,0x0000
0.0593176900,7,0x1FCD,0x0000
0.0593221400,7,0x1FCD,0x0000
0.0593265800,7,0x1FCD,0x0000
0.0593310300,7,0x1FCD,0x0000
0.0593354700,7,0x1FCD,0x0000
0.0593399200,7,0x1FCD,0x0000
0.0593443600,7,0x1FCD,0x0000
0.0593488100,7,0x1FCD,0x0000
0.0593532500,7,0x1FCD,0x0000
0.0593576900,7,0x1FCD,0x0000
0.0593621400,7,0x1FCD,0x0000
0.0593665800,7,0x1FCD,0x0000
0.0593710300,7,0x1FCD,0x0000
0.0593754700,7,0x1FCD,0x0000
0.0593799200,7,0x1FCD,0x0000
0.0593843600,7,0x1FCD,0x0000
0.0593888100,7,0x1FCD,0x0000
0.0593932500,7,0x1FCD,0x0000
0.0593976900,7,0x1FCD,0x0000
0.0594021400,7,0x1FCD,0x0000
0.0594065800,7,0x1FCD,0x0000
0.0594110300,7,0x1FCD,0x0000
0.0594154700,7,0x1FCD,0x0000
0.0594199200,7,0x1FCD,0x0000
0.0594243600,7,0x1FCD,0x0000
0.0594288100,7,0x1FCD,0x0000
0.0594332500,7,0x1FCD,0x0000
0.0594377000,7,0x1FCD,0x0000
0.0594421400,7,0x1FCD,0x0000
0.0594465800,7,0x1FCD,0x0000
0.0594510300,7,0x1FCD,0x0000
0.0594554700,7,0x1FCD,0x0000
0.0594599200,7,0x1FCD,0x0000
0.0594643600,7,0x1FCD,0x0000
0.0594688100,7,0x1FCD,0x0000
0.0594732500,7,0x1FCD,0x0000
0.0594777000,7,0x1FCD,0x0000
0.0594821400,7,0x1FCD,0x0000
0.0594865800,7,0x1FCD,0x0000
0.0594910300,7,0x1FCD,0x0000
0.0594954700,7,0x1FCD,0x0000
0.0594999200,7,0x1FCD,0x0000
0.0595043600,7,0x1FCD,0x0000
0.0595088100,7,0x1FCD,0x0000
0.0595132500,7,0x1FCD,0x0000
0.0595177000,7,0x1FCD,0x0000
0.0595221400,7,0x1FCD,0x0000
0.0595265800,7,0x1FCD,0x0000
0.0595310300,7,0x1FCD,0x0000
0.0595354700,7,0x1FCD,0x0000
0.0595399200,7,0x1FCD,0x0000
0.0595443600,7,0x1FCD,0x0000
0.0595488100,7,0x1FCD,0x0000
0.0595532500,7,0x1FCD,0x0000
0.0595577000,7,0x1FCD,0x0000
0.0595621400,7,0x1FCD,0x0000
0.0595665800,7,0x1FCD,0x0000
0.0595710300,7,0x1FCD,0x0000
0.0595754700,7,0x1FCD,0x0000
0.0595799200,7,0x1FCD,0x0000
0.0595843600,7,0x1FCD,0x0000
0.0595888100,7,0x1FCD,0x0000
0.0595932500,7,0x1FCD,0x0000
0.0595977000,7,0x1FCD,0x0000
0.0596021400,7,0x1FCD,0x0000
0.0596065800,7,0x1FCD,0x0000
0.0596110300,7,0x1FCD,0x0000
0.0596154700,7,0x1FCD,0x0000
0.0596199200,7,0x1FCD,0x0000
0.0596243600,7,0x1FCD,0x0000
0.0596288100,7,0x1FCD,0x0000
0.0596332500,7,0x1FCD,0x0000
0.0596377000,7,0x1FCD,0x0000
0.0596421400,7,0x1FCD,0x0000
0.0596465900,7,0x1FCD,0x0000
0.0596510300,7,0x1FCD,0x0000
0.0596554700,7,0x1FCD,0x0000
0.0596599200,7,0x1FCD,0x0000
0.0596643600,7,0x1FCD,0x0000
0.0596688100,7,0x1FCD,0x0000
0.0596732500,7,0x1FCD,0x0000
0.0596777000,7,0x1FCD,0x0000
0.0596821400,7,0x1FCD,0x0000
0.0596865800,7,0x1FCD,0x0000
0.0596910300,7,0x1FCD,0x0000
0.0596954700,7,0x1FCD,0x0000
0.0596999200,7,0x1FCD,0x0000
0.0597043600,7,0x1FCD,0x0000
0.0597088100,7,0x1FCD,0x0000
0.0597132500,7,0x1FCD,0x0000
0.0597177000,7,0x1FCD,0x0000
0.0597221400,7,0x1FCD,0x0000
0.0597265900,7,0x1FCD,0x0000
0.0597310300,7,0x1FCD,0x0000
0.0597354700,7,0x1FCD,0x0000
0.0597399200,7,0x1FCD,0x0000
0.0597443600,7,0x1FCD,0x0000
0.0597488100,7,0x1FCD,0x0000
0.0597532500,7,0x1FCD,0x0000
0.0597577000,7,0x1FCD,0x0000
0.0597621400,7,0x1FCD,0x0000
0.0597665900,7,0x1FCD,0x0000
0.0597710300,7,0x1FCD,0x0000
0.0597754700,7,0x1FCD,0x0000
0.0597799200,7,0x1FCD,0x0000
0.0597843600,7,0x1FCD,0x0000
0.0597888100,7,0x1FCD,0x0000
0.0597932500,7,0x1FCD,0x0000
0.0597977000,7,0x1FCD,0x0000
0.0598021400,7,0x1FCD,0x0000
0.0598065900,7,0x1FCD,0x0000
0.0598110300,7,0x1FCD,0x0000
0.0598154700,7,0x1FCD,0x0000
0.0598199200,7,0x1FCD,0x0000
0.0598243600,7,0x1FCD,0x0000
0.0598288100,7,0x1FCD,0x0000
0.0598332500,7,0x1FCD,0x0000
0.0598377000,7,0x1FCD,0x0000
0.0598421400,7,0x1FCD,0x0000
0.0598465900,7,0x1FCD,0x0000
0.0598510300,7,0x1FCD,0x0000
0.0598554700,7,0x1FCD,0x0000
0.0598599200,7,0x1FCD,0x0000
0.0598643600,7,0x1FCD,0x0000
0.0598688100,7,0x1FCD,0x0000
0.0598732500,7,0x1FCD,0x0000
0.0598777000,7,0x1FCD,0x0000
0.0598821400,7,0x1FCD,0x0000
0.0598865900,7,0x1FCD,0x0000
0.0598910300,7,0x1FCD,0x0000
0.0598954800,7,0x1FCD,0x0000
0.0598999200,7,0x1FCD,0x0000
0.0599043600,7,0x1FCD,0x0000
0.0599088100,7,0x1FCD,0x0000
0.0599132500,7,0x1FCD,0x0000
0.0599177000,7,0x1FCD,0x0000
0.0599221400,7,0x1FCD,0x0000
0.0599265900,7,0x1FCD,0x0000
0.0599310300,7,0x1FCD,0x0000
0.0599354800,7,0x1FCD,0x0000
0.0599399200,7,0x1FCD,0x0000
0.0599443600,7,0x1FCD,0x0000
0.0599488100,7,0x1FCD,0x0000
0.0599532500,7,0x1FCD,0x0000
0.0599577000,7,0x1FCD,0x0000
0.0599621400,7,0x1FCD,0x0000
0.0599665900,7,0x1FCD,0x0000
0.0599710300,7,0x1FCD,0x0000
0.0599754800,7,0x1FCD,0x0000
0.0599799200,7,0x1FCD,0x0000
0.0599843600,7,0x1FCD,0x0000
0.0599888100,7,0x1FCD,0x0000
0.0599932500,7,0x1FCD,0x0000
0.0599977000,7,0x1FCD,0x0000
0.0600021400,7,0x1FCD,0x0000
0.0600065900,7,0x1FCD,0x0000
0.0600110300,7,0x1FCD,0x0000
0.0600154800,7,0x1FCD,0x0000
0.0600199200,7,0x1FCD,0x0000
0.0600243600,7,0x1FCD,0x0000
0.0600288100,7,0x1FCD,0x0000
0.0600332500,7,0x1FCD,0x0000
0.0600377000,7,0x1FCD,0x0000
0.0600421400,7,0x1FCD,0x0000
0.0600465900,7,0x1FCD,0x0000
0.0600510300,7,0x1FCD,0x0000
0.0600554800,7,0x1FCD,0x0000
0.0600599200,7,0x1FCD,0x0000
0.0600643600,7,0x1FCD,0x0000
0.0600688100,7,0x1FCD,0x0000
0.0600732500,7,0x1FCD,0x0000
0.0600777000,7,0x1FCD,0x0000
0.0600821400,7,0x1FCD,0x0000
0.0600865900,7,0x1FCD,0x0000
0.0600910300,7,0x1FCD,0x0000
0.0600954800,7,0x1FCD,0x0000
0.0600999200,7,0x1FCD,0x0000
0.0601043600,7,0x1FCD,0x0000
0.0601088100,7,0x1FCD,0x0000
0.0601132500,7,0x1FCD,0x0000
0.0601177000,7,0x1FCD,0x0000
0.0601221400,7,0x1FCD,0x0000
0.0601265900,7,0x1FCD,0x0000
0.0601310300,7,0x1FCD,0x0000
0.0601354800,7,0x1FCD,0x0000
0.0601399200,7,0x1FCD,0x0000
0.0601443600,7,0x1FCD,0x0000
0.0601488100,7,0x1FCD,0x0000
0.0601532500,7,0x1FCD,0x0000
0.0601577000,7,0x1FCD,0x0000
0.0601621400,7,0x1FCD,0x0000
0.0601665900,7,0x1FCD,0x0000
0.0601710300,7,0x1FCD,0x0000
0.0601754800,7,0x1FCD,0x0000
0.0601799200,7,0x1FCD,0x0000
0.0601843600,7,0x1FCD,0x0000
0.0601888100,7,0x1FCD,0x0000
0.0601932500,7,0x1FCD,0x0000
0.0601977000,7,0x1FCD,0x0000
0.0602021400,7,0x1FCD,0x0000
0.0602065900,7,0x1FCD,0x0000
0.0602110300,7,0x1FCD,0x0000
0.0602154800,7,0x1FCD,0x0000
0.0602199200,7,0x1FCD,0x0000
0.0602243700,7,0x1FCD,0x0000
0.0602288100,7,0x1FCD,0x0000
0.0602332600,7,0x1FCD,0x0000
0.0602377000,7,0x1FCD,0x0000
0.0602421400,7,0x1FCD,0x0000
0.0602465900,7,0x1FCD,0x0000
0.0602510300,7,0x1FCD,0x0000
0.0602554800,7,0x1FCD,0x0000
0.0602599200,7,0x1FCD,0x0000
0.0602643600,7,0x1FCD,0x0000
0.0602688100,7,0x1FCD,0x0000
0.0602732600,7,0x1FCD,0x0000
0.0602777000,7,0x1FCD,0x0000
0.0602821400,7,0x1FCD,0x0000
0.0602865900,7,0x1FCD,0x0000
0.0602910300,7,0x1FCD,0x0000
0.0602954800,7,0x1FCD,0x0000
0.0602999200,7,0x1FCD,0x0000
0.0603043700,7,0x1FCD,0x0000
0.0603088100,7,0x1FCD,0x0000
0.0603132500,7,0x1FCD,0x0000
0.0603177000,7,0x1FCD,0x0000
0.0603221400,7,0x1FCD,0x0000
0.0603265900,7,0x1FCD,0x0000
0.0603310300,7,0x1FCD,0x0000
0.0603354800,7,0x1FCD,0x0000
0.0603399200,7,0x1FCD,0x0000
0.0603443700,7,0x1FCD,0x0000
0.0603488100,7,0x1FCD,0x0000
0.0603532600,7,0x1FCD,0x0000
0.0603577000,7,0x1FCD,0x0000
0.0603621400,7,0x1FCD,0x0000
0.0603665900,7,0x1FCD,0x0000
0.0603710300,7,0x1FCD,0x0000
0.0603754800,7,0x1FCD,0x0000
0.0603799200,7,0x1FCD,0x0000
0.0603843700,7,0x1FCD,0x0000
0.0603888100,7,0x1FCD,0x0000
0.0603932600,7,0x1FCD,0x0000
0.0603977000,7,0x1FCD,0x0000
0.0604021400,7,0x1FCD,0x0000
0.0604065900,7,0x1FCD,0x0000
0.0604110300,7,0x1FCD,0x0000
0.0604154800,7,0x1FCD,0x0000
0.0604199200,7,0x1FCD,0x0000
0.0604243700,7,0x1FCD,0x0000
0.0604288100,7,0x1FCD,0x0000
0.0604332600,7,0x1FCD,0x0000
0.0604377000,7,0x1FCD,0x0000
0.0604421400,7,0x1FCD,0x0000
0.0604465900,7,0x1FCD,0x0000
0.0604510300,7,0x1FCD,0x0000
0.0604554800,7,0x1FCD,0x0000
0.0604599200,7,0x1FCD,0x0000
0.0604643700,7,0x1FCD,0x0000
0.0604688100,7,0x1FCD,0x0000
0.0604732600,7,0x1FCD,0x0000
0.0604777000,7,0x1FCD,0x0000
0.0604821400,7,0x1FCD,0x0000
0.0604865900,7,0x1FCD,0x0000
0.0604910300,7,0x1FCD,0x0000
0.0604954800,7,0x1FCD,0x0000
0.0604999200,7,0x1FCD,0x0000
0.0605043700,7,0x1FCD,0x0000
0.0605088100,7,0x1FCD,0x0000
0.0605132600,7,0x1FCD,0x0000
0.0605177000,7,0x1FCD,0x0000
0.0605221500,7,0x1FCD,0x0000
0.0605265900,7,0x1FCD,0x0000
0.0605310300,7,0x1FCD,0x0000
0.0605354800,7,0x1FCD,0x0000
0.0605399200,7,0x1FCD,0x0000
0.0605443700,7,0x1FCD,0x0000
0.0605488100,7,0x1FCD,0x0000
0.0605532600,7,0x1FCD,0x0000
0.0605577000,7,0x1FCD,0x0000
0.0605621500,7,0x1FCD,0x0000
0.0605665900,7,0x1FCD,0x0000
0.0605710300,7,0x1FCD,0x0000
0.0605754800,7,0x1FCD,0x0000
0.0605799200,7,0x1FCD,0x0000
0.0605843700,7,0x1FCD,0x0000
0.0605888100,7,0x1FCD,0x0000
0.0605932600,7,0x1FCD,0x0000
0.0605977000,7,0x1FCD,0x0000
0.0606021500,7,0x1FCD,0x0000
0.0606065900,7,0x1FCD,0x0000
0.0606110300,7,0x1FCD,0x0000
0.0606154800,7,0x1FCD,0x0000
0.0606199200,7,0x1FCD,0x0000
0.0606243700,7,0x1FCD,0x0000
0.0606288100,7,0x1FCD,0x0000
0.0606332600,7,0x1FCD,0x0000
0.0606377000,7,0x1FCD,0x0000
0.0606421500,7,0x1FCD,0x0000
0.0606465900,7,0x1FCD,0x0000
0.0606510300,7,0x1FCD,0x0000
0.0606554800,7,0x1FCD,0x0000
0.0606599200,7,0x1FCD,0x0000
0.0606643700,7,0x1FCD,0x0000
0.0606688100,7,0x1FCD,0x0000
0.0606732600,7,0x1FCD,0x0000
0.0606777000,7,0x1FCD,0x0000
0.0606821500,7,0x1FCD,0x0000
0.0606865900,7,0x1FCD,0x0000
0.0606910300,7,0x1FCD,0x0000
0.0606954800,7,0x1FCD,0x0000
0.0606999200,7,0x1FCD,0x0000
0.0607043700,7,0x1FCD,0x0000
0.0607088100,7,0x1FCD,0x0000
0.0607132600,7,0x1FCD,0x0000
0.0607177000,7,0x1FCD,0x0000
0.0607221500,7,0x1FCD,0x0000
0.0607265900,7,0x1FCD,0x0000
0.0607310300,7,0x1FCD,0x0000
0.0607354800,7,0x1FCD,0x0000
0.0607399200,7,0x1FCD,0x0000
0.0607443700,7,0x1FCD,0x0000
0.0607488100,7,0x1FCD,0x0000
0.0607532600,7,0x1FCD,0x0000
0.0607577000,7,0x1FCD,0x0000
0.0607621500,7,0x1FCD,0x0000
0.0607665900,7,0x1FCD,0x0000
0.0607710400,7,0x1FCD,0x0000
0.0607754800,7,0x1FCD,0x0000
0.0607799200,7,0x1FCD,0x0000
0.0607843700,7,0x1FCD,0x0000
0.0607888100,7,0x1FCD,0x0000
0.0607932600,7,0x1FCD,0x0000
0.0607977000,7,0x1FCD,0x0000
0.0608021500,7,0x1FCD,0x0000
0.0608065900,7,0x1FCD,0x0000
0.0608110400,7,0x1FCD,0x0000
0.0608154800,7,0x1FCD,0x0000
0.0608199200,7,0x1FCD,0x0000
0.0608243700,7,0x1FCD,0x0000
0.0608288100,7,0x1FCD,0x0000
0.0608332600,7,0x1FCD,0x0000
0.0608377000,7,0x1FCD,0x0000
0.0608421500,7,0x1FCD,0x0000
0.0608465900,7,0x1FCD,0x0000
0.0608510400,7,0x1FCD,0x0000
0.0608554800,7,0x1FCD,0x0000
0.0608599200,7,0x1FCD,0x0000
0.0608643700,7,0x1FCD,0x0000
0.0608688100,7,0x1FCD,0x0000
0.0608732600,7,0x1FCD,0x0000
0.0608777000,7,0x1FCD,0x0000
0.0608821500,7,0x1FCD,0x0000
0.0608865900,7,0x1FCD,0x0000
0.0608910400,7,0x1FCD,0x0000
0.0608954800,7,0x1FCD,0x0000
0.0608999200,7,0x1FCD,0x0000
0.0609043700,7,0x1FCD,0x0000
0.0609088100,7,0x1FCD,0x0000
0.0609132600,7,0x1FCD,0x0000
0.0609177000,7,0x1FCD,0x0000
0.0609221500,7,0x1FCD,0x0000
0.0609265900,7,0x1FCD,0x0000
0.0609310400,7,0x1FCD,0x0000
0.0609354800,7,0x1FCD,0x0000
0.0609399200,7,0x1FCD,0x0000
0.0609443700,7,0x1FCD,0x0000
0.0609488100,7,0x1FCD,0x0000
0.0609532600,7,0x1FCD,0x0000
0.0609577000,7,0x1FCD,0x0000
0.0609621500,7,0x1FCD,0x0000
0.0609665900,7,0x1FCD,0x0000
0.0609710400,7,0x1FCD,0x0000
0.0609754800,7,0x1FCD,0x0000
0.0609799300,7,0x1FCD,0x0000
0.0609843700,7,0x1FCD,0x0000
0.0609888100,7,0x1FCD,0x0000
0.0609932600,7,0x1FCD,0x0000
0.0609977000,7,0x1FCD,0x0000
0.0610021500,7,0x1FCD,0x0000
0.0610065900,7,0x1FCD,0x0000
0.0610110400,7,0x1FCD,0x0000
0.0610154800,7,0x1FCD,0x0000
0.0610199300,7,0x1FCD,0x0000
0.0610243700,7,0x1FCD,0x0000
0.0610288100,7,0x1FCD,0x0000
0.0610332600,7,0x1FCD,0x0000
0.0610377000,7,0x1FCD,0x0000
0.0610421500,7,0x1FCD,0x0000
0.0610465900,7,0x1FCD,0x0000
0.0610510400,7,0x1FCD,0x0000
0.0610554800,7,0x1FCD,0x0000
0.0610599300,7,0x1FCD,0x0000
0.0610643700,7,0x1FCD,0x0000
0.0610688100,7,0x1FCD,0x0000
0.0610732600,7,0x1FCD,0x0000
0.0610777000,7,0x1FCD,0x0000
0.0610821500,7,0x1FCD,0x0000
0.0610865900,7,0x1FCD,0x0000
0.0610910400,7,0x1FCD,0x0000
0.0610954800,7,0x1FCD,0x0000
0.0610999300,7,0x1FCD,0x0000
0.0611043700,7,0x1FCD,0x0000
0.0611088100,7,0x1FCD,0x0000
0.0611132600,7,0x1FCD,0x0000
0.0611177000,7,0x1FCD,0x0000
0.0611221500,7,0x1FCD,0x0000
0.0611265900,7,0x1FCD,0x0000
0.0611310400,7,0x1FCD,0x0000
0.0611354800,7,0x1FCD,0x0000
0.0611399300,7,0x1FCD,0x0000
0.0611443700,7,0x1FCD,0x0000
0.0611488100,7,0x1FCD,0x0000
0.0611532600,7,0x1FCD,0x0000
0.0611577000,7,0x1FCD,0x0000
0.0611621500,7,0x1FCD,0x0000
0.0611665900,7,0x1FCD,0x0000
0.0611710400,7,0x1FCD,0x0000
0.0611754800,7,0x1FCD,0x0000
0.0611799300,7,0x1FCD,0x0000
0.0611843700,7,0x1FCD,0x0000
0.0611888100,7,0x1FCD,0x0000
0.0611932600,7,0x1FCD,0x0000
0.0611977000,7,0x1FCD,0x0000
0.0612021500,7,0x1FCD,0x0000
0.0612065900,7,0x1FCD,0x0000
0.0612110400,7,0x1FCD,0x0000
0.0612154800,7,0x1FCD,0x0000
0.0612199300,7,0x1FCD,0x0000
0.0612243700,7,0x1FCD,0x0000
0.0612288100,7,0x1FCD,0x0000
0.0612332600,7,0x1FCD,0x0000
0.0612377000,7,0x1FCD,0x0000
0.0612421500,7,0x1FCD,0x0000
0.0612465900,7,0x1FCD,0x0000
0.0612510400,7,0x1FCD,0x0000
0.0612554800,7,0x1FCD,0x0000
0.0612599300,7,0x1FCD,0x0000
0.0612643700,7,0x1FCD,0x0000
0.0612688100,7,0x1FCD,0x0000
0.0612732600,7,0x1FCD,0x0000
0.0612777000,7,0x1FCD,0x0000
0.0612821500,7,0x1FCD,0x0000
0.0612865900,7,0x1FCD,0x0000
0.0612910400,7,0x1FCD,0x0000
0.0612954800,7,0x1FCD,0x0000
0.0612999300,7,0x1FCD,0x0000
0.0613043700,7,0x1FCD,0x0000
0.0613088100,7,0x1FCD,0x0000
0.0613132600,7,0x1FCD,0x0000
0.0613177000,7,0x1FCD,0x0000
0.0613221500,7,0x1FCD,0x0000
0.0613265900,7,0x1FCD,0x0000
0.0613310400,7,0x1FCD,0x0000
0.0613354800,7,0x1FCD,0x0000
0.0613399300,7,0x1FCD,0x0000
0.0613443700,7,0x1FCD,0x0000
0.0613488100,7,0x1FCD,0x0000
0.0613532600,7,0x1FCD,0x0000
0.0613577000,7,0x1FCD,0x0000
0.0613621500,7,0x1FCD,0x0000
0.0613665900,7,0x1FCD,0x0000
0.0613710400,7,0x1FCD,0x0000
0.0613754800,7,0x1FCD,0x0000
0.0613799300,7,0x1FCD,0x0000
0.0613843700,7,0x1FCD,0x0000
0.0613888100,7,0x1FCD,0x0000
0.0613932600,7,0x1FCD,0x0000
0.0613977000,7,0x1FCD,0x0000
0.0614021500,7,0x1FCD,0x0000
0.0614065900,7,0x1FCD,0x0000
0.0614110400,7,0x1FCD,0x0000
0.0614154800,7,0x1FCD,0x0000
0.0614199300,7,0x1FCD,0x0000
0.0614243700,7,0x1FCD,0x0000
0.0614288200,7,0x1FCD,0x0000
0.0614332600,7,0x1FCD,0x0000
0.0614377100,7,0x1FCD,0x0000
0.0614421500,7,0x1FCD,0x0000
0.0614465900,7,0x1FCD,0x0000
0.0614510400,7,0x1FCD,0x0000
0.0614554800,7,0x1FCD,0x0000
0.0614599300,7,0x1FCD,0x0000
0.0614643700,7,0x1FCD,0x0000
0.0614688200,7,0x1FCD,0x0000
0.0614732600,7,0x1FCD,0x0000
0.0614777100,7,0x1FCD,0x0000
0.0614821500,7,0x1FCD,0x0000
0.0614865900,7,0x1FCD,0x0000
0.0614910400,7,0x1FCD,0x0000
0.0614954800,7,0x1FCD,0x0000
0.0614999300,7,0x1FCD,0x0000
0.0615043700,7,0x1FCD,0x0000
0.0615088200,7,0x1FCD,0x0000
0.0615132600,7,0x1FCD,0x0000
0.0615177100,7,0x1FCD,0x0000
0.0615221500,7,0x1FCD,0x0000
0.0615265900,7,0x1FCD,0x0000
0.0615310400,7,0x1FCD,0x0000
0.0615354800,7,0x1FCD,0x0000
0.0615399300,7,0x1FCD,0x0000
0.0615443700,7,0x1FCD,0x0000
0.0615488200,7,0x1FCD,0x0000
0.0615532600,7,0x1FCD,0x0000
0.0615577100,7,0x1FCD,0x0000
0.0615621500,7,0x1FCD,0x0000
0.0615665900,7,0x1FCD,0x0000
0.0615710400,7,0x1FCD,0x0000
0.0615754800,7,0x1FCD,0x0000
0.0615799300,7,0x1FCD,0x0000
0.0615843700,7,0x1FCD,0x0000
0.0615888200,7,0x1FCD,0x0000
0.0615932600,7,0x1FCD,0x0000
0.0615977100,7,0x1FCD,0x0000
0.0616021500,7,0x1FCD,0x0000
0.0616066000,7,0x1FCD,0x0000
0.0616110400,7,0x1FCD,0x0000
0.0616154800,7,0x1FCD,0x0000
0.0616199300,7,0x1FCD,0x0000
0.0616243700,7,0x1FCD,0x0000
0.0616288200,7,0x1FCD,0x0000
0.0616332600,7,0x1FCD,0x0000
0.0616377100,7,0x1FCD,0x0000
0.0616421500,7,0x1FCD,0x0000
0.0616465900,7,0x1FCD,0x0000
0.0616510400,7,0x1FCD,0x0000
0.0616554800,7,0x1FCD,0x0000
0.0616599300,7,0x1FCD,0x0000
0.0616643700,7,0x1FCD,0x0000
0.0616688200,7,0x1FCD,0x0000
0.0616732600,7,0x1FCD,0x0000
0.0616777100,7,0x1FCD,0x0000
0.0616821500,7,0x1FCD,0x0000
0.0616866000,7,0x1FCD,0x0000
0.0616910400,7,0x1FCD,0x0000
0.0616954800,7,0x1FCD,0x0000
0.0616999300,7,0x1FCD,0x0000
0.0617043700,7,0x1FCD,0x0000
0.0617088200,7,0x1FCD,0x0000
0.0617132600,7,0x1FCD,0x0000
0.0617177100,7,0x1FCD,0x0000
0.0617221500,7,0x1FCD,0x0000
0.0617266000,7,0x1FCD,0x0000
0.0617310400,7,0x1FCD,0x0000
0.0617354800,7,0x1FCD,0x0000
0.0617399300,7,0x1FCD,0x0000
0.0617443700,7,0x1FCD,0x0000
0.0617488200,7,0x1FCD,0x0000
0.0617532600,7,0x1FCD,0x0000
0.0617577100,7,0x1FCD,0x0000
0.0617621500,7,0x1FCD,0x0000
0.0617666000,7,0x1FCD,0x0000
0.0617710400,7,0x1FCD,0x0000
0.0617754800,7,0x1FCD,0x0000
0.0617799300,7,0x1FCD,0x0000
0.0617843700,7,0x1FCD,0x0000
0.0617888200,7,0x1FCD,0x0000
0.0617932600,7,0x1FCD,0x0000
0.0617977100,7,0x1FCD,0x0000
0.0618021500,7,0x1FCD,0x0000
0.0618066000,7,0x1FCD,0x0000
0.0618110400,7,0x1FCD,0x0000
0.0618154800,7,0x1FCD,0x0000
0.0618199300,7,0x1FCD,0x0000
0.0618243700,7,0x1FCD,0x0000
0.0618288200,7,0x1FCD,0x0000
0.0618332600,7,0x1FCD,0x0000
0.0618377100,7,0x1FCD,0x0000
0.0618421500,7,0x1FCD,0x0000
0.0618466000,7,0x1FCD,0x0000
0.0618510400,7,0x1FCD,0x0000
0.0618554900,7,0x1FCD,0x0000
0.0618599300,7,0x1FCD,0x0000
0.0618643700,7,0x1FCD,0x0000
0.0618688200,7,0x1FCD,0x0000
0.0618732600,7,0x1FCD,0x0000
0.0618777100,7,0x1FCD,0x0000
0.0618821500,7,0x1FCD,0x0000
0.0618866000,7,0x1FCD,0x0000
0.0618910400,7,0x1FCD,0x0000
0.0618954800,7,0x1FCD,0x0000
0.0618999300,7,0x1FCD,0x0000
0.0619043700,7,0x1FCD,0x0000
0.0619088200,7,0x1FCD,0x0000
0.0619132600,7,0x1FCD,0x0000
0.0619177100,7,0x1FCD,0x0000
0.0619221500,7,0x1FCD,0x0000
0.0619266000,7,0x1FCD,0x0000
0.0619310400,7,0x1FCD,0x0000
0.0619354900,7,0x1FCD,0x0000
0.0619399300,7,0x1FCD,0x0000
0.0619443700,7,0x1FCD,0x0000
0.0619488200,7,0x1FCD,0x0000
0.0619532600,7,0x1FCD,0x0000
0.0619577100,7,0x1FCD,0x0000
0.0619621500,7,0x1FCD,0x0000
0.0619666000,7,0x1FCD,0x0000
0.0619710400,7,0x1FCD,0x0000
0.0619754900,7,0x1FCD,0x0000
0.0619799300,7,0x1FCD,0x0000
0.0619843700,7,0x1FCD,0x0000
0.0619888200,7,0x1FCD,0x0000
0.0619932600,7,0x1FCD,0x0000
0.0619977100,7,0x1FCD,0x0000
0.0620021500,7,0x1FCD,0x0000
0.0620066000,7,0x1FCD,0x0000
0.0620110400,7,0x1FCD,0x0000
0.0620154900,7,0x1FCD,0x0000
0.0620199300,7,0x1FCD,0x0000
0.0620243700,7,0x1FCD,0x0000
0.0620288200,7,0x1FCD,0x0000
0.0620332600,7,0x1FCD,0x0000
0.0620377100,7,0x1FCD,0x0000
0.0620421500,7,0x1FCD,0x0000
0.0620466000,7,0x1FCD,0x0000
0.0620510400,7,0x1FCD,0x0000
0.0620554900,7,0x1FCD,0x0000
0.0620599300,7,0x1FCD,0x0000
0.0620643800,7,0x1FCD,0x0000
0.0620688200,7,0x1FCD,0x0000
0.0620732600,7,0x1FCD,0x0000
0.0620777100,7,0x1FCD,0x0000
0.0620821500,7,0x1FCD,0x0000
0.0620866000,7,0x1FCD,0x0000
0.0620910400,7,0x1FCD,0x0000
0.0620954900,7,0x1FCD,0x0000
0.0620999300,7,0x1FCD,0x0000
0.0621043800,7,0x1FCD,0x0000
0.0621088200,7,0x1FCD,0x0000
0.0621132600,7,0x1FCD,0x0000
0.0621177100,7,0x1FCD,0x0000
0.0621221500,7,0x1FCD,0x0000
0.0621266000,7,0x1FCD,0x0000
0.0621310400,7,0x1FCD,0x0000
0.0621354900,7,0x1FCD,0x0000
0.0621399300,7,0x1FCD,0x0000
0.0621443800,7,0x1FCD,0x0000
0.0621488200,7,0x1FCD,0x0000
0.0621532600,7,0x1FCD,0x0000
0.0621577100,7,0x1FCD,0x0000
0.0621621500,7,0x1FCD,0x0000
0.0621666000,7,0x1FCD,0x0000
0.0621710400,7,0x1FCD,0x0000
0.0621754900,7,0x1FCD,0x0000
0.0621799300,7,0x1FCD,0x0000
0.0621843800,7,0x1FCD,0x0000
0.0621888200,7,0x1FCD,0x0000
0.0621932600,7,0x1FCD,0x0000
0.0621977100,7,0x1FCD,0x0000
0.0622021500,7,0x1FCD,0x0000
0.0622066000,7,0x1FCD,0x0000
0.0622110400,7,0x1FCD,0x0000
0.0622154900,7,0x1FCD,0x0000
0.0622199300,7,0x1FCD,0x0000
0.0622243800,7,0x1FCD,0x0000
0.0622288200,7,0x1FCD,0x0000
0.0622332600,7,0x1FCD,0x0000
0.0622377100,7,0x1FCD,0x0000
0.0622421500,7,0x1FCD,0x0000
0.0622466000,7,0x1FCD,0x0000
0.0622510400,7,0x1FCD,0x0000
0.0622554900,7,0x1FCD,0x0000
0.0622599300,7,0x1FCD,0x0000
0.0622643800,7,0x1FCD,0x0000
0.0622688200,7,0x1FCD,0x0000
0.0622732600,7,0x1FCD,0x0000
0.0622777100,7,0x1FCD,0x0000
0.0622821500,7,0x1FCD,0x0000
0.0622866000,7,0x1FCD,0x0000
0.0622910400,7,0x1FCD,0x0000
0.0622954900,7,0x1FCD,0x0000
0.0622999300,7,0x1FCD,0x0000
0.0623043800,7,0x1FCD,0x0000
0.0623088200,7,0x1FCD,0x0000
0.0623132600,7,0x1FCD,0x0000
0.0623177100,7,0x1FCD,0x0000
0.0623221500,7,0x1FCD,0x0000
0.0623266000,7,0x1FCD,0x0000
0.0623310400,7,0x1FCD,0x0000
0.0623354900,7,0x1FCD,0x0000
0.0623399300,7,0x1FCD,0x0000
0.0623443800,7,0x1FCD,0x0000
0.0623488200,7,0x1FCD,0x0000
0.0623532600,7,0x1FCD,0x0000
0.0623577100,7,0x1FCD,0x0000
0.0623621500,7,0x1FCD,0x0000
0.0623666000,7,0x1FCD,0x0000
0.0623710400,7,0x1FCD,0x0000
0.0623754900,7,0x1FCD,0x0000
0.0623799300,7,0x1FCD,0x0000
0.0623843800,7,0x1FCD,0x0000
0.0623888200,7,0x1FCD,0x0000
0.0623932600,7,0x1FCD,0x0000
0.0623977100,7,0x1FCD,0x0000
0.0624021500,7,0x1FCD,0x0000
0.0624066000,7,0x1FCD,0x0000
0.0624110400,7,0x1FCD,0x0000
0.0624154900,7,0x1FCD,0x0000
0.0624199300,7,0x1FCD,0x0000
0.0624243800,7,0x1FCD,0x0000
0.0624288200,7,0x1FCD,0x0000
0.0624332600,7,0x1FCD,0x0000
0.0624377100,7,0x1FCD,0x0000
0.0624421500,7,0x1FCD,0x0000
0.0624466000,7,0x1FCD,0x0000
0.0624510400,7,0x1FCD,0x0000
0.0624554900,7,0x1FCD,0x0000
0.0624599300,7,0x1FCD,0x0000
0.0624643800,7,0x0000,0x0000
0.0624688200,7,0x0000,0x0000
0.0624732600,7,0x0000,0x0000
0.0675844100,8,0x55AA,0x0000
0.0675888500,8,0x2DEC,0x0000
0.0675932900,8,0x01FF,0x0000
0.0675977400,8,0x1FCD,0x0000
0.0676021800,8,0x1FCD,0x0000
0.0676066200,8,0x1FCD,0x0000
0.0676110700,8,0x1FCD,0x0000
0.0676155100,8,0x1FCD,0x0000
0.0676199600,8,0x1FCD,0x0000
0.0676244000,8,0x1FCD,0x0000
0.0676288500,8,0x1FCD,0x0000
0.0676332900,8,0x1FCD,0x0000
0.0676377400,8,0x1FCD,0x0000
0.0676421800,8,0x1FCD,0x0000
0.0676466200,8,0x1FCD,0x0000
0.0676510700,8,0x1FCD,0x0000
0.0676555100,8,0x1FCD,0x0000
0.0676599600,8,0x1FCD,0x0000
0.0676644000,8,0x1FCD,0x0000
0.0676688500,8,0x1FCD,0x0000
0.0676732900,8,0x1FCD,0x0000
0.0676777400,8,0x1FCD,0x0000
0.0676821800,8,0x1FCD,0x0000
0.0676866200,8,0x1FCD,0x0000
0.0676910700,8,0x1FCD,0x0000
0.0676955100,8,0x1FCD,0x0000
0.0676999600,8,0x1FCD,0x0000
0.0677044000,8,0x1FCD,0x0000
0.0677088500,8,0x1FCD,0x0000
0.0677132900,8,0x1FCD,0x0000
0.0677177400,8,0x1FCD,0x0000
0.0677221800,8,0x1FCD,0x0000
0.0677266300,8,0x1FCD,0x0000
0.0677310700,8,0x1FCD,0x0000
0.0677355100,8,0x1FCD,0x0000
0.0677399600,8,0x1FCD,0x0000
0.0677444000,8,0x1FCD,0x0000
0.0677488500,8,0x1FCD,0x0000
0.0677532900,8,0x1FCD,0x0000
0.0677577400,8,0x1FCD,0x0000
0.0677621800,8,0x1FCD,0x0000
0.0677666200,8,0x1FCD,0x0000
0.0677710700,8,0x1FCD,0x0000
0.0677755100,8,0x1FCD,0x0000
0.0677799600,8,0x1FCD,0x0000
0.0677844000,8,0x1FCD,0x0000
0.0677888500,8,0x1FCD,0x0000
0.0677932900,8,0x1FCD,0x0000
0.0677977400,8,0x1FCD,0x0000
0.0678021800,8,0x1FCD,0x0000
0.0678066300,8,0x1FCD,0x0000
0.0678110700,8,0x1FCD,0x0000
0.0678155100,8,0x1FCD,0x0000
0.0678199600,8,0x1FCD,0x0000
0.0678244000,8,0x1FCD,0x0000
0.0678288500,8,0x1FCD,0x0000
0.0678332900,8,0x1FCD,0x0000
0.0678377400,8,0x1FCD,0x0000
0.0678421800,8,0x1FCD,0x0000
0.0678466300,8,0x1FCD,0x0000
0.0678510700,8,0x1FCD,0x0000
0.0678555100,8,0x1FCD,0x0000
0.0678599600,8,0x1FCD,0x0000
0.0678644000,8,0x1FCD,0x0000
0.0678688500,8,0x1FCD,0x0000
0.0678732900,8,0x1FCD,0x0000
0.0678777400,8,0x1FCD,0x0000
0.0678821800,8,0x1FCD,0x0000
0.0678866300,8,0x1FCD,0x0000
0.0678910700,8,0x1FCD,0x0000
0.0678955100,8,0x1FCD,0x0000
0.0678999600,8,0x1FCD,0x0000
0.0679044000,8,0x1FCD,0x0000
0.0679088500,8,0x1FCD,0x0000
0.0679132900,8,0x1FCD,0x0000
0.0679177400,8,0x1FCD,0x0000
0.0679221800,8,0x1FCD,0x0000
0.0679266300,8,0x1FCD,0x0000
0.0679310700,8,0x1FCD,0x0000
0.0679355100,8,0x1FCD,0x0000
0.0679399600,8,0x1FCD,0x0000
0.0679444000,8,0x1FCD,0x0000
0.0679488500,8,0x1FCD,0x0000
0.0679532900,8,0x1FCD,0x0000
0.0679577400,8,0x1FCD,0x0000
0.0679621800,8,0x1FCD,0x0000
0.0679666300,8,0x1FCD,0x0000
0.0679710700,8,0x1FCD,0x0000
0.0679755100,8,0x1FCD,0x0000
0.0679799600,8,0x1FCD,0x0000
0.0679844000,8,0x1FCD,0x0000
0.0679888500,8,0x1FCD,0x0000
0.0679932900,8,0x1FCD,0x0000
0.0679977400,8,0x1FCD,0x0000
0.0680021800,8,0x1FCD,0x0000
0.0680066300,8,0x1FCD,0x0000
0.0680110700,8,0x1FCD,0x0000
0.0680155100,8,0x1FCD,0x0000
0.0680199600,8,0x1FCD,0x0000
0.0680244000,8,0x1FCD,0x0000
0.0680288500,8,0x1FCD,0x0000
0.0680332900,8,0x1FCD,0x0000
0.0680377400,8,0x1FCD,0x0000
0.0680421800,8,0x1FCD,0x0000
0.0680466300,8,0x1FCD,0x0000
0.0680510700,8,0x1FCD,0x0000
0.0680555100,8,0x1FCD,0x0000
0.0680599600,8,0x1FCD,0x0000
0.0680644000,8,0x1FCD,0x0000
0.0680688500,8,0x1FCD,0x0000
0.0680732900,8,0x1FCD,0x0000
0.0680777400,8,0x1FCD,0x0000
0.0680821800,8,0x1FCD,0x0000
0.0680866300,8,0x1FCD,0x0000
0.0680910700,8,0x1FCD,0x0000
0.0680955100,8,0x1FCD,0x0000
0.0680999600,8,0x1FCD,0x0000
0.0681044000,8,0x1FCD,0x0000
0.0681088500,8,0x1FCD,0x0000
0.0681132900,8,0x1FCD,0x0000
0.0681177400,8,0x1FCD,0x0000
0.0681221800,8,0x1FCD,0x0000
0.0681266300,8,0x1FCD,0x0000
0.0681310700,8,0x1FCD,0x0000
0.0681355200,8,0x1FCD,0x0000
0.0681399600,8,0x1FCD,0x0000
0.0681444100,8,0x1FCD,0x0000
0.0681488500,8,0x1FCD,0x0000
0.0681532900,8,0x1FCD,0x0000
0.0681577400,8,0x1FCD,0x0000
0.0681621800,8,0x1FCD,0x0000
0.0681666300,8,0x1FCD,0x0000
0.0681710700,8,0x1FCD,0x0000
0.0681755200,8,0x1FCD,0x0000
0.0681799600,8,0x1FCD,0x0000
0.0681844100,8,0x1FCD,0x0000
0.0681888500,8,0x1FCD,0x0000
0.0681932900,8,0x1FCD,0x0000
0.0681977400,8,0x1FCD,0x0000
0.0682021800,8,0x1FCD,0x0000
0.0682066300,8,0x1FCD,0x0000
0.0682110700,8,0x1FCD,0x0000
0.0682155200,8,0x1FCD,0x0000
0.0682199600,8,0x1FCD,0x0000
0.0682244100,8,0x1FCD,0x0000
0.0682288500,8,0x1FCD,0x0000
0.0682332900,8,0x1FCD,0x0000
0.0682377400,8,0x1FCD,0x0000
0.0682421800,8,0x1FCD,0x0000
0.0682466300,8,0x1FCD,0x0000
0.0682510700,8,0x1FCD,0x0000
0.0682555200,8,0x1FCD,0x0000
0.0682599600,8,0x1FCD,0x0000
0.0682644100,8,0x1FCD,0x0000
0.0682688500,8,0x1FCD,0x0000
0.0682732900,8,0x1FCD,0x0000
0.0682777400,8,0x1FCD,0x0000
0.0682821800,8,0x1FCD,0x0000
0.0682866300,8,0x1FCD,0x0000
0.0682910700,8,0x1FCD,0x0000
0.0682955200,8,0x1FCD,0x0000
0.0682999600,8,0x1FCD,0x0000
0.0683044100,8,0x1FCD,0x0000
0.0683088500,8,0x1FCD,0x0000
0.0683132900,8,0x1FCD,0x0000
0.0683177400,8,0x1FCD,0x0000
0.0683221800,8,0x1FCD,0x0000
0.0683266300,8,0x1FCD,0x0000
0.0683310700,8,0x1FCD,0x0000
0.0683355200,8,0x1FCD,0x0000
0.0683399600,8,0x1FCD,0x0000
0.0683444100,8,0x1FCD,0x0000
0.0683488500,8,0x1FCD,0x0000
0.0683532900,8,0x1FCD,0x0000
0.0683577400,8,0x1FCD,0x0000
0.0683621800,8,0x1FCD,0x0000
0.0683666300,8,0x1FCD,0x0000
0.0683710700,8,0x1FCD,0x0000
0.0683755200,8,0x1FCD,0x0000
0.0683799600,8,0x1FCD,0x0000
0.0683844100,8,0x1FCD,0x0000
0.0683888500,8,0x1FCD,0x0000
0.0683933000,8,0x1FCD,0x0000
0.0683977400,8,0x1FCD,0x0000
0.0684021800,8,0x1FCD,0x0000
0.0684066300,8,0x1FCD,0x0000
0.0684110700,8,0x1FCD,0x0000
0.0684155200,8,0x1FCD,0x0000
0.0684199600,8,0x1FCD,0x0000
0.0684244100,8,0x1FCD,0x0000
0.0684288500,8,0x1FCD,0x0000
0.0684333000,8,0x1FCD,0x0000
0.0684377400,8,0x1FCD,0x0000
0.0684421800,8,0x1FCD,0x0000
0.0684466300,8,0x1FCD,0x0000
0.0684510700,8,0x1FCD,0x0000
0.0684555200,8,0x1FCD,0x0000
0.0684599600,8,0x1FCD,0x0000
0.0684644100,8,0x1FCD,0x0000
0.0684688500,8,0x1FCD,0x0000
0.0684733000,8,0x1FCD,0x0000
0.0684777400,8,0x1FCD,0x0000
0.0684821800,8,0x1FCD,0x0000
0.0684866300,8,0x1FCD,0x0000
0.0684910700,8,0x1FCD,0x0000
0.0684955200,8,0x1FCD,0x0000
0.0684999600,8,0x1FCD,0x0000
0.0685044100,8,0x1FCD,0x0000
0.0685088500,8,0x1FCD,0x0000
0.0685133000,8,0x1FCD,0x0000
0.0685177400,8,0x1FCD,0x0000
0.0685221800,8,0x1FCD,0x0000
0.0685266300,8,0x1FCD,0x0000
0.0685310700,8,0x1FCD,0x0000
0.0685355200,8,0x1FCD,0x0000
0.0685399600,8,0x1FCD,0x0000
0.0685444100,8,0x1FCD,0x0000
0.0685488500,8,0x1FCD,0x0000
0.0685533000,8,0x1FCD,0x0000
0.0685577400,8,0x1FCD,0x0000
0.0685621800,8,0x1FCD,0x0000
0.0685666300,8,0x1FCD,0x0000
0.0685710700,8,0x1FCD,0x0000
0.0685755200,8,0x1FCD,0x0000
0.0685799600,8,0x1FCD,0x0000
0.0685844100,8,0x1FCD,0x0000
0.0685888500,8,0x1FCD,0x0000
0.0685933000,8,0x1FCD,0x0000
0.0685977400,8,0x1FCD,0x0000
0.0686021900,8,0x1FCD,0x0000
0.0686066300,8,0x1FCD,0x0000
0.0686110700,8,0x1FCD,0x0000
0.0686155200,8,0x1FCD,0x0000
0.0686199600,8,0x1FCD,0x0000
0.0686244100,8,0x1FCD,0x0000
0.0686288500,8,0x1FCD,0x0000
0.0686333000,8,0x1FCD,0x0000
0.0686377400,8,0x1FCD,0x0000
0.0686421900,8,0x1FCD,0x0000
0.0686466300,8,0x1FCD,0x0000
0.0686510700,8,0x1FCD,0x0000
0.0686555200,8,0x1FCD,0x0000
0.0686599600,8,0x1FCD,0x0000
0.0686644100,8,0x1FCD,0x0000
0.0686688500,8,0x1FCD,0x0000
0.0686733000,8,0x1FCD,0x0000
0.0686777400,8,0x1FCD,0x0000
0.0686821900,8,0x1FCD,0x0000
0.0686866300,8,0x1FCD,0x0000
0.0686910700,8,0x1FCD,0x0000
0.0686955200,8,0x1FCD,0x0000
0.0686999600,8,0x1FCD,0x0000
0.0687044100,8,0x1FCD,0x0000
0.0687088500,8,0x1FCD,0x0000
0.0687133000,8,0x1FCD,0x0000
0.0687177400,8,0x1FCD,0x0000
0.0687221900,8,0x1FCD,0x0000
0.0687266300,8,0x1FCD,0x0000
0.0687310700,8,0x1FCD,0x0000
0.0687355200,8,0x1FCD,0x0000
0.0687399600,8,0x1FCD,0x0000
0.0687444100,8,0x1FCD,0x0000
0.0687488500,8,0x1FCD,0x0000
0.0687533000,8,0x1FCD,0x0000
0.0687577400,8,0x1FCD,0x0000
0.0687621900,8,0x1FCD,0x0000
0.0687666300,8,0x1FCD,0x0000
0.0687710700,8,0x1FCD,0x0000
0.0687755200,8,0x1FCD,0x0000
0.0687799600,8,0x1FCD,0x0000
0.0687844100,8,0x1FCD,0x0000
0.0687888500,8,0x1FCD,0x0000
0.0687933000,8,0x1FCD,0x0000
0.0687977400,8,0x1FCD,0x0000
0.0688021900,8,0x1FCD,0x0000
0.0688066300,8,0x1FCD,0x0000
0.0688110800,8,0x1FCD,0x0000
0.0688155200,8,0x1FCD,0x0000
0.0688199600,8,0x1FCD,0x0000
0.0688244100,8,0x1FCD,0x0000
0.0688288500,8,0x1FCD,0x0000
0.0688333000,8,0x1FCD,0x0000
0.0688377400,8,0x1FCD,0x0000
0.0688421900,8,0x1FCD,0x0000
0.0688466300,8,0x1FCD,0x0000
0.0688510800,8,0x1FCD,0x0000
0.0688555200,8,0x1FCD,0x0000
0.0688599600,8,0x1FCD,0x0000
0.0688644100,8,0x1FCD,0x0000
0.0688688500,8,0x1FCD,0x0000
0.0688733000,8,0x1FCD,0x0000
0.0688777400,8,0x1FCD,0x0000
0.0688821900,8,0x1FCD,0x0000
0.0688866300,8,0x1FCD,0x0000
0.0688910800,8,0x1FCD,0x0000
0.0688955200,8,0x1FCD,0x0000
0.0688999600,8,0x1FCD,0x0000
0.0689044100,8,0x1FCD,0x0000
0.0689088500,8,0x1FCD,0x0000
0.0689133000,8,0x1FCD,0x0000
0.0689177400,8,0x1FCD,0x0000
0.0689221900,8,0x1FCD,0x0000
0.0689266300,8,0x1FCD,0x0000
0.0689310800,8,0x1FCD,0x0000
0.0689355200,8,0x1FCD,0x0000
0.0689399600,8,0x1FCD,0x0000
0.0689444100,8,0x1FCD,0x0000
0.0689488500,8,0x1FCD,0x0000
0.0689533000,8,0x1FCD,0x0000
0.0689577400,8,0x1FCD,0x0000
0.0689621900,8,0x1FCD,0x0000
0.0689666300,8,0x1FCD,0x0000
0.0689710800,8,0x1FCD,0x0000
0.0689755200,8,0x1FCD,0x0000
0.0689799600,8,0x1FCD,0x0000
0.0689844100,8,0x1FCD,0x0000
0.0689888500,8,0x1FCD,0x0000
0.0689933000,8,0x1FCD,0x0000
0.0689977400,8,0x1FCD,0x0000
0.0690021900,8,0x1FCD,0x0000
0.0690066300,8,0x1FCD,0x0000
0.0690110800,8,0x1FCD,0x0000
0.0690155200,8,0x1FCD,0x0000
0.0690199600,8,0x1FCD,0x0000
0.0690244100,8,0x1FCD,0x0000
0.0690288500,8,0x1FCD,0x0000
0.0690333000,8,0x1FCD,0x0000
0.0690377400,8,0x1FCD,0x0000
0.0690421900,8,0x1FCD,0x0000
0.0690466300,8,0x1FCD,0x0000
0.0690510800,8,0x1FCD,0x0000
0.0690555200,8,0x1FCD,0x0000
0.0690599600,8,0x1FCD,0x0000
0.0690644100,8,0x1FCD,0x0000
0.0690688500,8,0x1FCD,0x0000
0.0690733000,8,0x1FCD,0x0000
0.0690777400,8,0x1FCD,0x0000
0.0690821900,8,0x1FCD,0x0000
0.0690866300,8,0x1FCD,0x0000
0.0690910800,8,0x1FCD,0x0000
0.0690955200,8,0x1FCD,0x0000
0.0690999600,8,0x1FCD,0x0000
0.0691044100,8,0x1FCD,0x0000
0.0691088500,8,0x1FCD,0x0000
0.0691133000,8,0x1FCD,0x0000
0.0691177400,8,0x1FCD,0x0000
0.0691221900,8,0x1FCD,0x0000
0.0691266300,8,0x1FCD,0x0000
0.0691310800,8,0x1FCD,0x0000
0.0691355200,8,0x1FCD,0x0000
0.0691399600,8,0x1FCD,0x0000
0.0691444100,8,0x1FCD,0x0000
0.0691488500,8,0x1FCD,0x0000
0.0691533000,8,0x1FCD,0x0000
0.0691577400,8,0x1FCD,0x0000
0.0691621900,8,0x1FCD,0x0000
0.0691666300,8,0x1FCD,0x0000
0.0691710800,8,0x1FCD,0x0000
0.0691755200,8,0x1FCD,0x0000
0.0691799600,8,0x1FCD,0x0000
0.0691844100,8,0x1FCD,0x0000
0.0691888500,8,0x1FCD,0x0000
0.0691933000,8,0x1FCD,0x0000
0.0691977400,8,0x1FCD,0x0000
0.0692021900,8,0x1FCD,0x0000
0.0692066300,8,0x1FCD,0x0000
0.0692110800,8,0x1FCD,0x0000
0.0692155200,8,0x1FCD,0x0000
0.0692199600,8,0x1FCD,0x0000
0.0692244100,8,0x1FCD,0x0000
0.0692288500,8,0x1FCD,0x0000
0.0692333000,8,0x1FCD,0x0000
0.0692377400,8,0x1FCD,0x0000
0.0692421900,8,0x1FCD,0x0000
0.0692466300,8,0x1FCD,0x0000
0.0692510800,8,0x1FCD,0x0000
0.0692555200,8,0x1FCD,0x0000
0.0692599700,8,0x1FCD,0x0000
0.0692644100,8,0x1FCD,0x0000
0.0692688600,8,0x1FCD,0x0000
0.0692733000,8,0x1FCD,0x0000
0.0692777400,8,0x1FCD,0x0000
0.0692821900,8,0x1FCD,0x0000
0.0692866300,8,0x1FCD,0x0000
0.0692910800,8,0x1FCD,0x0000
0.0692955200,8,0x1FCD,0x0000
0.0692999600,8,0x1FCD,0x0000
0.0693044100,8,0x1FCD,0x0000
0.0693088500,8,0x1FCD,0x0000
0.0693133000,8,0x1FCD,0x0000
0.0693177400,8,0x1FCD,0x0000
0.0693221900,8,0x1FCD,0x0000
0.0693266300,8,0x1FCD,0x0000
0.0693310800,8,0x1FCD,0x0000
0.0693355200,8,0x1FCD,0x0000
0.0693399700,8,0x1FCD,0x0000
0.0693444100,8,0x1FCD,0x0000
0.0693488600,8,0x1FCD,0x0000
0.0693533000,8,0x1FCD,0x0000
0.0693577400,8,0x1FCD,0x0000
0.0693621900,8,0x1FCD,0x0000
0.0693666300,8,0x1FCD,0x0000
0.0693710800,8,0x1FCD,0x0000
0.0693755200,8,0x1FCD,0x0000
0.0693799700,8,0x1FCD,0x0000
0.0693844100,8,0x1FCD,0x0000
0.0693888600,8,0x1FCD,0x0000
0.0693933000,8,0x1FCD,0x0000
0.0693977400,8,0x1FCD,0x0000
0.0694021900,8,0x1FCD,0x0000
0.0694066300,8,0x1FCD,0x0000
0.0694110800,8,0x1FCD,0x0000
0.0694155200,8,0x1FCD,0x0000
0.0694199700,8,0x1FCD,0x0000
0.0694244100,8,0x1FCD,0x0000
0.0694288600,8,0x1FCD,0x0000
0.0694333000,8,0x1FCD,0x0000
0.0694377400,8,0x1FCD,0x0000
0.0694421900,8,0x1FCD,0x0000
0.0694466300,8,0x1FCD,0x0000
0.0694510800,8,0x1FCD,0x0000
0.0694555200,8,0x1FCD,0x0000
0.0694599700,8,0x1FCD,0x0000
0.0694644100,8,0x1FCD,0x0000
0.0694688600,8,0x1FCD,0x0000
0.0694733000,8,0x1FCD,0x0000
0.0694777400,8,0x1FCD,0x0000
0.0694821900,8,0x1FCD,0x0000
0.0694866300,8,0x1FCD,0x0000
0.0694910800,8,0x1FCD,0x0000
0.0694955200,8,0x1FCD,0x0000
0.0694999700,8,0x1FCD,0x0000
0.0695044100,8,0x1FCD,0x0000
0.0695088600,8,0x1FCD,0x0000
0.0695133000,8,0x1FCD,0x0000
0.0695177500,8,0x1FCD,0x0000
0.0695221900,8,0x1FCD,0x0000
0.0695266300,8,0x1FCD,0x0000
0.0695310800,8,0x1FCD,0x0000
0.0695355200,8,0x1FCD,0x0000
0.0695399700,8,0x1FCD,0x0000
0.0695444100,8,0x1FCD,0x0000
0.0695488600,8,0x1FCD,0x0000
0.0695533000,8,0x1FCD,0x0000
0.0695577500,8,0x1FCD,0x0000
0.0695621900,8,0x1FCD,0x0000
0.0695666300,8,0x1FCD,0x0000
0.0695710800,8,0x1FCD,0x0000
0.0695755200,8,0x1FCD,0x0000
0.0695799700,8,0x1FCD,0x0000
0.0695844100,8,0x1FCD,0x0000
0.0695888600,8,0x1FCD,0x0000
0.0695933000,8,0x1FCD,0x0000
0.0695977500,8,0x1FCD,0x0000
0.0696021900,8,0x1FCD,0x0000
0.0696066300,8,0x1FCD,0x0000
0.0696110800,8,0x1FCD,0x0000
0.0696155200,8,0x1FCD,0x0000
0.0696199700,8,0x1FCD,0x0000
0.0696244100,8,0x1FCD,0x0000
0.0696288600,8,0x1FCD,0x0000
0.0696333000,8,0x1FCD,0x0000
0.0696377500,8,0x1FCD,0x0000
0.0696421900,8,0x1FCD,0x0000
0.0696466300,8,0x1FCD,0x0000
0.0696510800,8,0x1FCD,0x0000
0.0696555200,8,0x1FCD,0x0000
0.0696599700,8,0x1FCD,0x0000
0.0696644100,8,0x1FCD,0x0000
0.0696688600,8,0x1FCD,0x0000
0.0696733000,8,0x1FCD,0x0000
0.0696777500,8,0x1FCD,0x0000
0.0696821900,8,0x1FCD,0x0000
0.0696866400,8,0x1FCD,0x0000
0.0696910800,8,0x1FCD,0x0000
0.0696955200,8,0x1FCD,0x0000
0.0696999700,8,0x1FCD,0x0000
0.0697044100,8,0x1FCD,0x0000
0.0697088600,8,0x1FCD,0x0000
0.0697133000,8,0x1FCD,0x0000
0.0697177500,8,0x1FCD,0x0000
0.0697221900,8,0x1FCD,0x0000
0.0697266300,8,0x1FCD,0x0000
0.0697310800,8,0x1FCD,0x0000
0.0697355200,8,0x1FCD,0x0000
0.0697399700,8,0x1FCD,0x0000
0.0697444100,8,0x1FCD,0x0000
0.0697488600,8,0x1FCD,0x0000
0.0697533000,8,0x1FCD,0x0000
0.0697577500,8,0x1FCD,0x0000
0.0697621900,8,0x1FCD,0x0000
0.0697666400,8,0x1FCD,0x0000
0.0697710800,8,0x1FCD,0x0000
0.0697755200,8,0x1FCD,0x0000
0.0697799700,8,0x1FCD,0x0000
0.0697844100,8,0x1FCD,0x0000
0.0697888600,8,0x1FCD,0x0000
0.0697933000,8,0x1FCD,0x0000
0.0697977500,8,0x1FCD,0x0000
0.0698021900,8,0x1FCD,0x0000
0.0698066400,8,0x1FCD,0x0000
0.0698110800,8,0x1FCD,0x0000
0.0698155200,8,0x1FCD,0x0000
0.0698199700,8,0x1FCD,0x0000
0.0698244100,8,0x1FCD,0x0000
0.0698288600,8,0x1FCD,0x0000
0.0698333000,8,0x1FCD,0x0000
0.0698377500,8,0x1FCD,0x0000
0.0698421900,8,0x1FCD,0x0000
0.0698466400,8,0x1FCD,0x0000
0.0698510800,8,0x1FCD,0x0000
0.0698555300,8,0x1FCD,0x0000
0.0698599700,8,0x1FCD,0x0000
0.0698644100,8,0x1FCD,0x0000
0.0698688600,8,0x1FCD,0x0000
0.0698733000,8,0x1FCD,0x0000
0.0698777500,8,0x1FCD,0x0000
0.0698821900,8,0x1FCD,0x0000
0.0698866400,8,0x1FCD,0x0000
0.0698910800,8,0x1FCD,0x0000
0.0698955200,8,0x1FCD,0x0000
0.0698999700,8,0x1FCD,0x0000
0.0699044100,8,0x1FCD,0x0000
0.0699088600,8,0x1FCD,0x0000
0.0699133000,8,0x1FCD,0x0000
0.0699177500,8,0x1FCD,0x0000
0.0699221900,8,0x1FCD,0x0000
0.0699266400,8,0x1FCD,0x0000
0.0699310800,8,0x1FCD,0x0000
0.0699355300,8,0x1FCD,0x0000
0.0699399700,8,0x1FCD,0x0000
0.0699444100,8,0x1FCD,0x0000
0.0699488600,8,0x1FCD,0x0000
0.0699533000,8,0x1FCD,0x0000
0.0699577500,8,0x1FCD,0x0000
0.0699621900,8,0x1FCD,0x0000
0.0699666400,8,0x1FCD,0x0000
0.0699710800,8,0x1FCD,0x0000
0.0699755300,8,0x1FCD,0x0000
0.0699799700,8,0x1FCD,0x0000
0.0699844100,8,0x1FCD,0x0000
0.0699888600,8,0x1FCD,0x0000
0.0699933000,8,0x1FCD,0x0000
0.0699977500,8,0x1FCD,0x0000
0.0700021900,8,0x1FCD,0x0000
0.0700066400,8,0x1FCD,0x0000
0.0700110800,8,0x1FCD,0x0000
0.0700155300,8,0x1FCD,0x0000
0.0700199700,8,0x1FCD,0x0000
0.0700244100,8,0x1FCD,0x0000
0.0700288600,8,0x1FCD,0x0000
0.0700333000,8,0x1FCD,0x0000
0.0700377500,8,0x1FCD,0x0000
0.0700421900,8,0x1FCD,0x0000
0.0700466400,8,0x1FCD,0x0000
0.0700510800,8,0x1FCD,0x0000
0.0700555300,8,0x1FCD,0x0000
0.0700599700,8,0x1FCD,0x0000
0.0700644100,8,0x1FCD,0x0000
0.0700688600,8,0x1FCD,0x0000
0.0700733000,8,0x1FCD,0x0000
0.0700777500,8,0x1FCD,0x0000
0.0700821900,8,0x1FCD,0x0000
0.0700866400,8,0x1FCD,0x0000
0.0700910800,8,0x1FCD,0x0000
0.0700955300,8,0x1FCD,0x0000
0.0700999700,8,0x1FCD,0x0000
0.0701044100,8,0x1FCD,0x0000
0.0701088600,8,0x1FCD,0x0000
0.0701133000,8,0x1FCD,0x0000
0.0701177500,8,0x1FCD,0x0000
0.0701221900,8,0x1FCD,0x0000
0.0701266400,8,0x1FCD,0x0000
0.0701310800,8,0x1FCD,0x0000
0.0701355300,8,0x1FCD,0x0000
0.0701399700,8,0x1FCD,0x0000
0.0701444100,8,0x1FCD,0x0000
0.0701488600,8,0x1FCD,0x0000
0.0701533000,8,0x1FCD,0x0000
0.0701577500,8,0x1FCD,0x0000
0.0701621900,8,0x1FCD,0x0000
0.0701666400,8,0x1FCD,0x0000
0.0701710800,8,0x1FCD,0x0000
0.0701755300,8,0x1FCD,0x0000
0.0701799700,8,0x1FCD,0x0000
0.0701844100,8,0x1FCD,0x0000
0.0701888600,8,0x1FCD,0x0000
0.0701933000,8,0x1FCD,0x0000
0.0701977500,8,0x1FCD,0x0000
0.0702021900,8,0x1FCD,0x0000
0.0702066400,8,0x1FCD,0x0000
0.0702110800,8,0x1FCD,0x0000
0.0702155300,8,0x1FCD,0x0000
0.0702199700,8,0x1FCD,0x0000
0.0702244100,8,0x1FCD,0x0000
0.0702288600,8,0x1FCD,0x0000
0.0702333000,8,0x1FCD,0x0000
0.0702377500,8,0x1FCD,0x0000
0.0702421900,8,0x1FCD,0x0000
0.0702466400,8,0x1FCD,0x0000
0.0702510800,8,0x1FCD,0x0000
0.0702555300,8,0x1FCD,0x0000
0.0702599700,8,0x1FCD,0x0000
0.0702644100,8,0x1FCD,0x0000
0.0702688600,8,0x1FCD,0x0000
0.0702733000,8,0x1FCD,0x0000
0.0702777500,8,0x1FCD,0x0000
0.0702821900,8,0x1FCD,0x0000
0.0702866400,8,0x1FCD,0x0000
0.0702910800,8,0x1FCD,0x0000
0.0702955300,8,0x1FCD,0x0000
0.0702999700,8,0x1FCD,0x0000
0.0703044100,8,0x1FCD,0x0000
0.0703088600,8,0x1FCD,0x0000
0.0703133000,8,0x1FCD,0x0000
0.0703177500,8,0x1FCD,0x0000
0.0703221900,8,0x1FCD,0x0000
0.0703266400,8,0x1FCD,0x0000
0.0703310800,8,0x1FCD,0x0000
0.0703355300,8,0x1FCD,0x0000
0.0703399700,8,0x1FCD,0x0000
0.0703444100,8,0x1FCD,0x0000
0.0703488600,8,0x1FCD,0x0000
0.0703533000,8,0x1FCD,0x0000
0.0703577500,8,0x1FCD,0x0000
0.0703621900,8,0x1FCD,0x0000
0.0703666400,8,0x1FCD,0x0000
0.0703710800,8,0x1FCD,0x0000
0.0703755300,8,0x1FCD,0x0000
0.0703799700,8,0x1FCD,0x0000
0.0703844200,8,0x1FCD,0x0000
0.0703888600,8,0x1FCD,0x0000
0.0703933100,8,0x1FCD,0x0000
0.0703977500,8,0x1FCD,0x0000
0.0704021900,8,0x1FCD,0x0000
0.0704066400,8,0x1FCD,0x0000
0.0704110800,8,0x1FCD,0x0000
0.0704155300,8,0x1FCD,0x0000
0.0704199700,8,0x1FCD,0x0000
0.0704244200,8,0x1FCD,0x0000
0.0704288600,8,0x1FCD,0x0000
0.0704333100,8,0x1FCD,0x0000
0.0704377500,8,0x1FCD,0x0000
0.0704421900,8,0x1FCD,0x0000
0.0704466400,8,0x1FCD,0x0000
0.0704510800,8,0x1FCD,0x0000
0.0704555300,8,0x1FCD,0x0000
0.0704599700,8,0x1FCD,0x0000
0.0704644200,8,0x1FCD,0x0000
0.0704688600,8,0x1FCD,0x0000
0.0704733100,8,0x1FCD,0x0000
0.0704777500,8,0x1FCD,0x0000
0.0704821900,8,0x1FCD,0x0000
0.0704866400,8,0x1FCD,0x0000
0.0704910800,8,0x1FCD,0x0000
0.0704955300,8,0x1FCD,0x0000
0.0704999700,8,0x1FCD,0x0000
0.0705044200,8,0x1FCD,0x0000
0.0705088600,8,0x1FCD,0x0000
0.0705133100,8,0x1FCD,0x0000
0.0705177500,8,0x1FCD,0x0000
0.0705221900,8,0x1FCD,0x0000
0.0705266400,8,0x1FCD,0x0000
0.0705310800,8,0x1FCD,0x0000
0.0705355300,8,0x1FCD,0x0000
0.0705399700,8,0x1FCD,0x0000
0.0705444200,8,0x1FCD,0x0000
0.0705488600,8,0x1FCD,0x0000
0.0705533100,8,0x1FCD,0x0000
0.0705577500,8,0x1FCD,0x0000
0.0705621900,8,0x1FCD,0x0000
0.0705666400,8,0x1FCD,0x0000
0.0705710800,8,0x1FCD,0x0000
0.0705755300,8,0x1FCD,0x0000
0.0705799700,8,0x1FCD,0x0000
0.0705844200,8,0x1FCD,0x0000
0.0705888600,8,0x1FCD,0x0000
0.0705933100,8,0x1FCD,0x0000
0.0705977500,8,0x1FCD,0x0000
0.0706021900,8,0x1FCD,0x0000
0.0706066400,8,0x1FCD,0x0000
0.0706110800,8,0x1FCD,0x0000
0.0706155300,8,0x1FCD,0x0000
0.0706199700,8,0x1FCD,0x0000
0.0706244200,8,0x1FCD,0x0000
0.0706288600,8,0x1FCD,0x0000
0.0706333100,8,0x1FCD,0x0000
0.0706377500,8,0x1FCD,0x0000
0.0706422000,8,0x1FCD,0x0000
0.0706466400,8,0x1FCD,0x0000
0.0706510800,8,0x1FCD,0x0000
0.0706555300,8,0x1FCD,0x0000
0.0706599700,8,0x1FCD,0x0000
0.0706644200,8,0x1FCD,0x0000
0.0706688600,8,0x1FCD,0x0000
0.0706733100,8,0x1FCD,0x0000
0.0706777500,8,0x1FCD,0x0000
0.0706822000,8,0x1FCD,0x0000
0.0706866400,8,0x1FCD,0x0000
0.0706910800,8,0x1FCD,0x0000
0.0706955300,8,0x1FCD,0x0000
0.0706999700,8,0x1FCD,0x0000
0.0707044200,8,0x1FCD,0x0000
0.0707088600,8,0x1FCD,0x0000
0.0707133100,8,0x1FCD,0x0000
0.0707177500,8,0x1FCD,0x0000
0.0707222000,8,0x1FCD,0x0000
0.0707266400,8,0x1FCD,0x0000
0.0707310800,8,0x1FCD,0x0000
0.0707355300,8,0x1FCD,0x0000
0.0707399700,8,0x1FCD,0x0000
0.0707444200,8,0x1FCD,0x0000
0.0707488600,8,0x1FCD,0x0000
0.0707533100,8,0x1FCD,0x0000
0.0707577500,8,0x1FCD,0x0000
0.0707622000,8,0x1FCD,0x0000
0.0707666400,8,0x1FCD,0x0000
0.0707710800,8,0x1FCD,0x0000
0.0707755300,8,0x1FCD,0x0000
0.0707799700,8,0x1FCD,0x0000
0.0707844200,8,0x1FCD,0x0000
0.0707888600,8,0x1FCD,0x0000
0.0707933100,8,0x1FCD,0x0000
0.0707977500,8,0x0000,0x0000
0.0708022000,8,0x0000,0x0000
0.0708066400,8,0x0000,0x0000
0.0759177800,9,0x55AA,0x0000
0.0759222200,9,0x2DEC,0x0000
0.0759266600,9,0x01FF,0x0000
0.0759311100,9,0x1FCD,0x0000
0.0759355500,9,0x1FCD,0x0000
0.0759400000,9,0x1FCD,0x0000
0.0759444400,9,0x1FCD,0x0000
0.0759488900,9,0x1FCD,0x0000
0.0759533300,9,0x1FCD,0x0000
0.0759577800,9,0x1FCD,0x0000
0.0759622200,9,0x1FCD,0x0000
0.0759666600,9,0x1FCD,0x0000
0.0759711100,9,0x1FCD,0x0000
0.0759755500,9,0x1FCD,0x0000
0.0759800000,9,0x1FCD,0x0000
0.0759844400,9,0x1FCD,0x0000
0.0759888900,9,0x1FCD,0x0000
0.0759933300,9,0x1FCD,0x0000
0.0759977800,9,0x1FCD,0x0000
0.0760022200,9,0x1FCD,0x0000
0.0760066600,9,0x1FCD,0x0000
0.0760111100,9,0x1FCD,0x0000
0.0760155500,9,0x1FCD,0x0000
0.0760200000,9,0x1FCD,0x0000
0.0760244400,9,0x1FCD,0x0000
0.0760288900,9,0x1FCD,0x0000
0.0760333300,9,0x1FCD,0x0000
0.0760377800,9,0x1FCD,0x0000
0.0760422200,9,0x1FCD,0x0000
0.0760466700,9,0x1FCD,0x0000
0.0760511100,9,0x1FCD,0x0000
0.0760555600,9,0x1FCD,0x0000
0.0760600000,9,0x1FCD,0x0000
0.0760644400,9,0x1FCD,0x0000
0.0760688900,9,0x1FCD,0x0000
0.0760733300,9,0x1FCD,0x0000
0.0760777800,9,0x1FCD,0x0000
0.0760822200,9,0x1FCD,0x0000
0.0760866700,9,0x1FCD,0x0000
0.0760911100,9,0x1FCD,0x0000
0.0760955600,9,0x1FCD,0x0000
0.0761000000,9,0x1FCD,0x0000
0.0761044400,9,0x1FCD,0x0000
0.0761088900,9,0x1FCD,0x0000
0.0761133300,9,0x1FCD,0x0000
0.0761177800,9,0x1FCD,0x0000
0.0761222200,9,0x1FCD,0x0000
0.0761266700,9,0x1FCD,0x0000
0.0761311100,9,0x1FCD,0x0000
0.0761355600,9,0x1FCD,0x0000
0.0761400000,9,0x1FCD,0x0000
0.0761444400,9,0x1FCD,0x0000
0.0761488900,9,0x1FCD,0x0000
0.0761533300,9,0x1FCD,0x0000
0.0761577800,9,0x1FCD,0x0000
0.0761622200,9,0x1FCD,0x0000
0.0761666700,9,0x1FCD,0x0000
0.0761711100,9,0x1FCD,0x0000
0.0761755600,9,0x1FCD,0x0000
0.0761800000,9,0x1FCD,0x0000
0.0761844400,9,0x1FCD,0x0000
0.0761888900,9,0x1FCD,0x0000
0.0761933300,9,0x1FCD,0x0000
0.0761977800,9,0x1FCD,0x0000
0.0762022200,9,0x1FCD,0x0000
0.0762066700,9,0x1FCD,0x0000
0.0762111100,9,0x1FCD,0x0000
0.0762155600,9,0x1FCD,0x0000
0.0762200000,9,0x1FCD,0x0000
0.0762244500,9,0x1FCD,0x0000
0.0762288900,9,0x1FCD,0x0000
0.0762333300,9,0x1FCD,0x0000
0.0762377800,9,0x1FCD,0x0000
0.0762422200,9,0x1FCD,0x0000
0.0762466700,9,0x1FCD,0x0000
0.0762511100,9,0x1FCD,0x0000
0.0762555600,9,0x1FCD,0x0000
0.0762600000,9,0x1FCD,0x0000
0.0762644500,9,0x1FCD,0x0000
0.0762688900,9,0x1FCD,0x0000
0.0762733300,9,0x1FCD,0x0000
0.0762777800,9,0x1FCD,0x0000
0.0762822200,9,0x1FCD,0x0000
0.0762866700,9,0x1FCD,0x0000
0.0762911100,9,0x1FCD,0x0000
0.0762955600,9,0x1FCD,0x0000
0.0763000000,9,0x1FCD,0x0000
0.0763044500,9,0x1FCD,0x0000
0.0763088900,9,0x1FCD,0x0000
0.0763133300,9,0x1FCD,0x0000
0.0763177800,9,0x1FCD,0x0000
0.0763222200,9,0x1FCD,0x0000
0.0763266700,9,0x1FCD,0x0000
0.0763311100,9,0x1FCD,0x0000
0.0763355600,9,0x1FCD,0x0000
0.0763400000,9,0x1FCD,0x0000
0.0763444500,9,0x1FCD,0x0000
0.0763488900,9,0x1FCD,0x0000
0.0763533300,9,0x1FCD,0x0000
0.0763577800,9,0x1FCD,0x0000
0.0763622200,9,0x1FCD,0x0000
0.0763666700,9,0x1FCD,0x0000
0.0763711100,9,0x1FCD,0x0000
0.0763755600,9,0x1FCD,0x0000
0.0763800000,9,0x1FCD,0x0000
0.0763844500,9,0x1FCD,0x0000
0.0763888900,9,0x1FCD,0x0000
0.0763933400,9,0x1FCD,0x0000
0.0763977800,9,0x1FCD,0x0000
0.0764022200,9,0x1FCD,0x0000
0.0764066700,9,0x1FCD,0x0000
0.0764111100,9,0x1FCD,0x0000
0.0764155600,9,0x1FCD,0x0000
0.0764200000,9,0x1FCD,0x0000
0.0764244500,9,0x1FCD,0x0000
0.0764288900,9,0x1FCD,0x0000
0.0764333300,9,0x1FCD,0x0000
0.0764377800,9,0x1FCD,0x0000
0.0764422200,9,0x1FCD,0x0000
0.0764466700,9,0x1FCD,0x0000
0.0764511100,9,0x1FCD,0x0000
0.0764555600,9,0x1FCD,0x0000
0.0764600000,9,0x1FCD,0x0000
0.0764644500,9,0x1FCD,0x0000
0.0764688900,9,0x1FCD,0x0000
0.0764733400,9,0x1FCD,0x0000
0.0764777800,9,0x1FCD,0x0000
0.0764822200,9,0x1FCD,0x0000
0.0764866700,9,0x1FCD,0x0000
0.0764911100,9,0x1FCD,0x0000
0.0764955600,9,0x1FCD,0x0000
0.0765000000,9,0x1FCD,0x0000
0.0765044500,9,0x1FCD,0x0000
0.0765088900,9,0x1FCD,0x0000
0.0765133400,9,0x1FCD,0x0000
0.0765177800,9,0x1FCD,0x0000
0.0765222200,9,0x1FCD,0x0000
0.0765266700,9,0x1FCD,0x0000
0.0765311100,9,0x1FCD,0x0000
0.0765355600,9,0x1FCD,0x0000
0.0765400000,9,0x1FCD,0x0000
0.0765444500,9,0x1FCD,0x0000
0.0765488900,9,0x1FCD,0x0000
0.0765533400,9,0x1FCD,0x0000
0.0765577800,9,0x1FCD,0x0000
0.0765622200,9,0x1FCD,0x0000
0.0765666700,9,0x1FCD,0x0000
0.0765711100,9,0x1FCD,0x0000
0.0765755600,9,0x1FCD,0x0000
0.0765800000,9,0x1FCD,0x0000
0.0765844500,9,0x1FCD,0x0000
0.0765888900,9,0x1FCD,0x0000
0.0765933400,9,0x1FCD,0x0000
0.0765977800,9,0x1FCD,0x0000
0.0766022200,9,0x1FCD,0x0000
0.0766066700,9,0x1FCD,0x0000
0.0766111100,9,0x1FCD,0x0000
0.0766155600,9,0x1FCD,0x0000
0.0766200000,9,0x1FCD,0x0000
0.0766244500,9,0x1FCD,0x0000
0.0766288900,9,0x1FCD,0x0000
0.0766333400,9,0x1FCD,0x0000
0.0766377800,9,0x1FCD,0x0000
0.0766422200,9,0x1FCD,0x0000
0.0766466700,9,0x1FCD,0x0000
0.0766511100,9,0x1FCD,0x0000
0.0766555600,9,0x1FCD,0x0000
0.0766600000,9,0x1FCD,0x0000
0.0766644500,9,0x1FCD,0x0000
0.0766688900,9,0x1FCD,0x0000
0.0766733400,9,0x1FCD,0x0000
0.0766777800,9,0x1FCD,0x0000
0.0766822300,9,0x1FCD,0x0000
0.0766866700,9,0x1FCD,0x0000
0.0766911100,9,0x1FCD,0x0000
0.0766955600,9,0x1FCD,0x0000
0.0767000000,9,0x1FCD,0x0000
0.0767044500,9,0x1FCD,0x0000
0.0767088900,9,0x1FCD,0x0000
0.0767133400,9,0x1FCD,0x0000
0.0767177800,9,0x1FCD,0x0000
0.0767222300,9,0x1FCD,0x0000
0.0767266700,9,0x1FCD,0x0000
0.0767311100,9,0x1FCD,0x0000
0.0767355600,9,0x1FCD,0x0000
0.0767400000,9,0x1FCD,0x0000
0.0767444500,9,0x1FCD,0x0000
0.0767488900,9,0x1FCD,0x0000
0.0767533400,9,0x1FCD,0x0000
0.0767577800,9,0x1FCD,0x0000
0.0767622300,9,0x1FCD,0x0000
0.0767666700,9,0x1FCD,0x0000
0.0767711100,9,0x1FCD,0x0000
0.0767755600,9,0x1FCD,0x0000
0.0767800000,9,0x1FCD,0x0000
0.0767844500,9,0x1FCD,0x0000
0.0767888900,9,0x1FCD,0x0000
0.0767933400,9,0x1FCD,0x0000
0.0767977800,9,0x1FCD,0x0000
0.0768022300,9,0x1FCD,0x0000
0.0768066700,9,0x1FCD,0x0000
0.0768111100,9,0x1FCD,0x0000
0.0768155600,9,0x1FCD,0x0000
0.0768200000,9,0x1FCD,0x0000
0.0768244500,9,0x1FCD,0x0000
0.0768288900,9,0x1FCD,0x0000
0.0768333400,9,0x1FCD,0x0000
0.0768377800,9,0x1FCD,0x0000
0.0768422300,9,0x1FCD,0x0000
0.0768466700,9,0x1FCD,0x0000
0.0768511100,9,0x1FCD,0x0000
0.0768555600,9,0x1FCD,0x0000
0.0768600000,9,0x1FCD,0x0000
0.0768644500,9,0x1FCD,0x0000
0.0768688900,9,0x1FCD,0x0000
0.0768733400,9,0x1FCD,0x0000
0.0768777800,9,0x1FCD,0x0000
0.0768822300,9,0x1FCD,0x0000
0.0768866700,9,0x1FCD,0x0000
0.0768911100,9,0x1FCD,0x0000
0.0768955600,9,0x1FCD,0x0000
0.0769000000,9,0x1FCD,0x0000
0.0769044500,9,0x1FCD,0x0000
0.0769088900,9,0x1FCD,0x0000
0.0769133400,9,0x1FCD,0x0000
0.0769177800,9,0x1FCD,0x0000
0.0769222300,9,0x1FCD,0x0000
0.0769266700,9,0x1FCD,0x0000
0.0769311100,9,0x1FCD,0x0000
0.0769355600,9,0x1FCD,0x0000
0.0769400000,9,0x1FCD,0x0000
0.0769444500,9,0x1FCD,0x0000
0.0769488900,9,0x1FCD,0x0000
0.0769533400,9,0x1FCD,0x0000
0.0769577800,9,0x1FCD,0x0000
0.0769622300,9,0x1FCD,0x0000
0.0769666700,9,0x1FCD,0x0000
0.0769711100,9,0x1FCD,0x0000
0.0769755600,9,0x1FCD,0x0000
0.0769800000,9,0x1FCD,0x0000
0.0769844500,9,0x1FCD,0x0000
0.0769888900,9,0x1FCD,0x0000
0.0769933400,9,0x1FCD,0x0000
0.0769977800,9,0x1FCD,0x0000
0.0770022300,9,0x1FCD,0x0000
0.0770066700,9,0x1FCD,0x0000
0.0770111100,9,0x1FCD,0x0000
0.0770155600,9,0x1FCD,0x0000
0.0770200000,9,0x1FCD,0x0000
0.0770244500,9,0x1FCD,0x0000
0.0770288900,9,0x1FCD,0x0000
0.0770333400,9,0x1FCD,0x0000
0.0770377800,9,0x1FCD,0x0000
0.0770422300,9,0x1FCD,0x0000
0.0770466700,9,0x1FCD,0x0000
0.0770511100,9,0x1FCD,0x0000
0.0770555600,9,0x1FCD,0x0000
0.0770600000,9,0x1FCD,0x0000
0.0770644500,9,0x1FCD,0x0000
0.0770688900,9,0x1FCD,0x0000
0.0770733400,9,0x1FCD,0x0000
0.0770777800,9,0x1FCD,0x0000
0.0770822300,9,0x1FCD,0x0000
0.0770866700,9,0x1FCD,0x0000
0.0770911200,9,0x1FCD,0x0000
0.0770955600,9,0x1FCD,0x0000
0.0771000100,9,0x1FCD,0x0000
0.0771044500,9,0x1FCD,0x0000
0.0771088900,9,0x1FCD,0x0000
0.0771133400,9,0x1FCD,0x0000
0.0771177800,9,0x1FCD,0x0000
0.0771222300,9,0x1FCD,0x0000
0.0771266700,9,0x1FCD,0x0000
0.0771311200,9,0x1FCD,0x0000
0.0771355600,9,0x1FCD,0x0000
0.0771400100,9,0x1FCD,0x0000
0.0771444500,9,0x1FCD,0x0000
0.0771488900,9,0x1FCD,0x0000
0.0771533400,9,0x1FCD,0x0000
0.0771577800,9,0x1FCD,0x0000
0.0771622300,9,0x1FCD,0x0000
0.0771666700,9,0x1FCD,0x0000
0.0771711200,9,0x1FCD,0x0000
0.0771755600,9,0x1FCD,0x0000
0.0771800100,9,0x1FCD,0x0000
0.0771844500,9,0x1FCD,0x0000
0.0771888900,9,0x1FCD,0x0000
0.0771933400,9,0x1FCD,0x0000
0.0771977800,9,0x1FCD,0x0000
0.0772022300,9,0x1FCD,0x0000
0.0772066700,9,0x1FCD,0x0000
0.0772111200,9,0x1FCD,0x0000
0.0772155600,9,0x1FCD,0x0000
0.0772200000,9,0x1FCD,0x0000
0.0772244500,9,0x1FCD,0x0000
0.0772288900,9,0x1FCD,0x0000
0.0772333400,9,0x1FCD,0x0000
0.0772377800,9,0x1FCD,0x0000
0.0772422300,9,0x1FCD,0x0000
0.0772466700,9,0x1FCD,0x0000
0.0772511200,9,0x1FCD,0x0000
0.0772555600,9,0x1FCD,0x0000
0.0772600100,9,0x1FCD,0x0000
0.0772644500,9,0x1FCD,0x0000
0.0772688900,9,0x1FCD,0x0000
0.0772733400,9,0x1FCD,0x0000
0.0772777800,9,0x1FCD,0x0000
0.0772822300,9,0x1FCD,0x0000
0.0772866700,9,0x1FCD,0x0000
0.0772911200,9,0x1FCD,0x0000
0.0772955600,9,0x1FCD,0x0000
0.0773000100,9,0x1FCD,0x0000
0.0773044500,9,0x1FCD,0x0000
0.0773088900,9,0x1FCD,0x0000
0.0773133400,9,0x1FCD,0x0000
0.0773177800,9,0x1FCD,0x0000
0.0773222300,9,0x1FCD,0x0000
0.0773266700,9,0x1FCD,0x0000
0.0773311200,9,0x1FCD,0x0000
0.0773355600,9,0x1FCD,0x0000
0.0773400100,9,0x1FCD,0x0000
0.0773444500,9,0x1FCD,0x0000
0.0773489000,9,0x1FCD,0x0000
0.0773533400,9,0x1FCD,0x0000
0.0773577800,9,0x1FCD,0x0000
0.0773622300,9,0x1FCD,0x0000
0.0773666700,9,0x1FCD,0x0000
0.0773711200,9,0x1FCD,0x0000
0.0773755600,9,0x1FCD,0x0000
0.0773800100,9,0x1FCD,0x0000
0.0773844500,9,0x1FCD,0x0000
0.0773888900,9,0x1FCD,0x0000
0.0773933400,9,0x1FCD,0x0000
0.0773977800,9,0x1FCD,0x0000
0.0774022300,9,0x1FCD,0x0000
0.0774066700,9,0x1FCD,0x0000
0.0774111200,9,0x1FCD,0x0000
0.0774155600,9,0x1FCD,0x0000
0.0774200100,9,0x1FCD,0x0000
0.0774244500,9,0x1FCD,0x0000
0.0774289000,9,0x1FCD,0x0000
0.0774333400,9,0x1FCD,0x0000
0.0774377800,9,0x1FCD,0x0000
0.0774422300,9,0x1FCD,0x0000
0.0774466700,9,0x1FCD,0x0000
0.0774511200,9,0x1FCD,0x0000
0.0774555600,9,0x1FCD,0x0000
0.0774600100,9,0x1FCD,0x0000
0.0774644500,9,0x1FCD,0x0000
0.0774689000,9,0x1FCD,0x0000
0.0774733400,9,0x1FCD,0x0000
0.0774777800,9,0x1FCD,0x0000
0.0774822300,9,0x1FCD,0x0000
0.0774866700,9,0x1FCD,0x0000
0.0774911200,9,0x1FCD,0x0000
0.0774955600,9,0x1FCD,0x0000
0.0775000100,9,0x1FCD,0x0000
0.0775044500,9,0x1FCD,0x0000
0.0775089000,9,0x1FCD,0x0000
0.0775133400,9,0x1FCD,0x0000
0.0775177800,9,0x1FCD,0x0000
0.0775222300,9,0x1FCD,0x0000
0.0775266700,9,0x1FCD,0x0000
0.0775311200,9,0x1FCD,0x0000
0.0775355600,9,0x1FCD,0x0000
0.0775400100,9,0x1FCD,0x0000
0.0775444500,9,0x1FCD,0x0000
0.0775489000,9,0x1FCD,0x0000
0.0775533400,9,0x1FCD,0x0000
0.0775577800,9,0x1FCD,0x0000
0.0775622300,9,0x1FCD,0x0000
0.0775666700,9,0x1FCD,0x0000
0.0775711200,9,0x1FCD,0x0000
0.0775755600,9,0x1FCD,0x0000
0.0775800100,9,0x1FCD,0x0000
0.0775844500,9,0x1FCD,0x0000
0.0775889000,9,0x1FCD,0x0000
0.0775933400,9,0x1FCD,0x0000
0.0775977900,9,0x1FCD,0x0000
0.0776022300,9,0x1FCD,0x0000
0.0776066700,9,0x1FCD,0x0000
0.0776111200,9,0x1FCD,0x0000
0.0776155600,9,0x1FCD,0x0000
0.0776200100,9,0x1FCD,0x0000
0.0776244500,9,0x1FCD,0x0000
0.0776289000,9,0x1FCD,0x0000
0.0776333400,9,0x1FCD,0x0000
0.0776377900,9,0x1FCD,0x0000
0.0776422300,9,0x1FCD,0x0000
0.0776466700,9,0x1FCD,0x0000
0.0776511200,9,0x1FCD,0x0000
0.0776555600,9,0x1FCD,0x0000
0.0776600100,9,0x1FCD,0x0000
0.0776644500,9,0x1FCD,0x0000
0.0776689000,9,0x1FCD,0x0000
0.0776733400,9,0x1FCD,0x0000
0.0776777900,9,0x1FCD,0x0000
0.0776822300,9,0x1FCD,0x0000
0.0776866700,9,0x1FCD,0x0000
0.0776911200,9,0x1FCD,0x0000
0.0776955600,9,0x1FCD,0x0000
0.0777000100,9,0x1FCD,0x0000
0.0777044500,9,0x1FCD,0x0000
0.0777089000,9,0x1FCD,0x0000
0.0777133400,9,0x1FCD,0x0000
0.0777177900,9,0x1FCD,0x0000
0.0777222300,9,0x1FCD,0x0000
0.0777266700,9,0x1FCD,0x0000
0.0777311200,9,0x1FCD,0x0000
0.0777355600,9,0x1FCD,0x0000
0.0777400100,9,0x1FCD,0x0000
0.0777444500,9,0x1FCD,0x0000
0.0777489000,9,0x1FCD,0x0000
0.0777533400,9,0x1FCD,0x0000
0.0777577900,9,0x1FCD,0x0000
0.0777622300,9,0x1FCD,0x0000
0.0777666800,9,0x1FCD,0x0000
0.0777711200,9,0x1FCD,0x0000
0.0777755600,9,0x1FCD,0x0000
0.0777800100,9,0x1FCD,0x0000
0.0777844500,9,0x1FCD,0x0000
0.0777889000,9,0x1FCD,0x0000
0.0777933400,9,0x1FCD,0x0000
0.0777977900,9,0x1FCD,0x0000
0.0778022300,9,0x1FCD,0x0000
0.0778066800,9,0x1FCD,0x0000
0.0778111200,9,0x1FCD,0x0000
0.0778155600,9,0x1FCD,0x0000
0.0778200100,9,0x1FCD,0x0000
0.0778244500,9,0x1FCD,0x0000
0.0778289000,9,0x1FCD,0x0000
0.0778333400,9,0x1FCD,0x0000
0.0778377900,9,0x1FCD,0x0000
0.0778422300,9,0x1FCD,0x0000
0.0778466800,9,0x1FCD,0x0000
0.0778511200,9,0x1FCD,0x0000
0.0778555600,9,0x1FCD,0x0000
0.0778600100,9,0x1FCD,0x0000
0.0778644500,9,0x1FCD,0x0000
0.0778689000,9,0x1FCD,0x0000
0.0778733400,9,0x1FCD,0x0000
0.0778777900,9,0x1FCD,0x0000
0.0778822300,9,0x1FCD,0x0000
0.0778866800,9,0x1FCD,0x0000
0.0778911200,9,0x1FCD,0x0000
0.0778955600,9,0x1FCD,0x0000
0.0779000100,9,0x1FCD,0x0000
0.0779044500,9,0x1FCD,0x0000
0.0779089000,9,0x1FCD,0x0000
0.0779133400,9,0x1FCD,0x0000
0.0779177900,9,0x1FCD,0x0000
0.0779222300,9,0x1FCD,0x0000
0.0779266800,9,0x1FCD,0x0000
0.0779311200,9,0x1FCD,0x0000
0.0779355600,9,0x1FCD,0x0000
0.0779400100,9,0x1FCD,0x0000
0.0779444500,9,0x1FCD,0x0000
0.0779489000,9,0x1FCD,0x0000
0.0779533400,9,0x1FCD,0x0000
0.0779577900,9,0x1FCD,0x0000
0.0779622300,9,0x1FCD,0x0000
0.0779666800,9,0x1FCD,0x0000
0.0779711200,9,0x1FCD,0x0000
0.0779755600,9,0x1FCD,0x0000
0.0779800100,9,0x1FCD,0x0000
0.0779844500,9,0x1FCD,0x0000
0.0779889000,9,0x1FCD,0x0000
0.0779933400,9,0x1FCD,0x0000
0.0779977900,9,0x1FCD,0x0000
0.0780022300,9,0x1FCD,0x0000
0.0780066800,9,0x1FCD,0x0000
0.0780111200,9,0x1FCD,0x0000
0.0780155600,9,0x1FCD,0x0000
0.0780200100,9,0x1FCD,0x0000
0.0780244500,9,0x1FCD,0x0000
0.0780289000,9,0x1FCD,0x0000
0.0780333400,9,0x1FCD,0x0000
0.0780377900,9,0x1FCD,0x0000
0.0780422300,9,0x1FCD,0x0000
0.0780466800,9,0x1FCD,0x0000
0.0780511200,9,0x1FCD,0x0000
0.0780555600,9,0x1FCD,0x0000
0.0780600100,9,0x1FCD,0x0000
0.0780644500,9,0x1FCD,0x0000
0.0780689000,9,0x1FCD,0x0000
0.0780733400,9,0x1FCD,0x0000
0.0780777900,9,0x1FCD,0x0000
0.0780822300,9,0x1FCD,0x0000
0.0780866800,9,0x1FCD,0x0000
0.0780911200,9,0x1FCD,0x0000
0.0780955600,9,0x1FCD,0x0000
0.0781000100,9,0x1FCD,0x0000
0.0781044500,9,0x1FCD,0x0000
0.0781089000,9,0x1FCD,0x0000
0.0781133400,9,0x1FCD,0x0000
0.0781177900,9,0x1FCD,0x0000
0.0781222300,9,0x1FCD,0x0000
0.0781266800,9,0x1FCD,0x0000
0.0781311200,9,0x1FCD,0x0000
0.0781355600,9,0x1FCD,0x0000
0.0781400100,9,0x1FCD,0x0000
0.0781444500,9,0x1FCD,0x0000
0.0781489000,9,0x1FCD,0x0000
0.0781533400,9,0x1FCD,0x0000
0.0781577900,9,0x1FCD,0x0000
0.0781622300,9,0x1FCD,0x0000
0.0781666800,9,0x1FCD,0x0000
0.0781711200,9,0x1FCD,0x0000
0.0781755600,9,0x1FCD,0x0000
0.0781800100,9,0x1FCD,0x0000
0.0781844500,9,0x1FCD,0x0000
0.0781889000,9,0x1FCD,0x0000
0.0781933400,9,0x1FCD,0x0000
0.0781977900,9,0x1FCD,0x0000
0.0782022300,9,0x1FCD,0x0000
0.0782066800,9,0x1FCD,0x0000
0.0782111200,9,0x1FCD,0x0000
0.0782155600,9,0x1FCD,0x0000
0.0782200100,9,0x1FCD,0x0000
0.0782244500,9,0x1FCD,0x0000
0.0782289000,9,0x1FCD,0x0000
0.0782333400,9,0x1FCD,0x0000
0.0782377900,9,0x1FCD,0x0000
0.0782422300,9,0x1FCD,0x0000
0.0782466800,9,0x1FCD,0x0000
0.0782511200,9,0x1FCD,0x0000
0.0782555600,9,0x1FCD,0x0000
0.0782600100,9,0x1FCD,0x0000
0.0782644600,9,0x1FCD,0x0000
0.0782689000,9,0x1FCD,0x0000
0.0782733400,9,0x1FCD,0x0000
0.0782777900,9,0x1FCD,0x0000
0.0782822300,9,0x1FCD,0x0000
0.0782866800,9,0x1FCD,0x0000
0.0782911200,9,0x1FCD,0x0000
0.0782955700,9,0x1FCD,0x0000
0.0783000100,9,0x1FCD,0x0000
0.0783044600,9,0x1FCD,0x0000
0.0783089000,9,0x1FCD,0x0000
0.0783133400,9,0x1FCD,0x0000
0.0783177900,9,0x1FCD,0x0000
0.0783222300,9,0x1FCD,0x0000
0.0783266800,9,0x1FCD,0x0000
0.0783311200,9,0x1FCD,0x0000
0.0783355700,9,0x1FCD,0x0000
0.0783400100,9,0x1FCD,0x0000
0.0783444600,9,0x1FCD,0x0000
0.0783489000,9,0x1FCD,0x0000
0.0783533400,9,0x1FCD,0x0000
0.0783577900,9,0x1FCD,0x0000
0.0783622300,9,0x1FCD,0x0000
0.0783666800,9,0x1FCD,0x0000
0.0783711200,9,0x1FCD,0x0000
0.0783755700,9,0x1FCD,0x0000
0.0783800100,9,0x1FCD,0x0000
0.0783844600,9,0x1FCD,0x0000
0.0783889000,9,0x1FCD,0x0000
0.0783933400,9,0x1FCD,0x0000
0.0783977900,9,0x1FCD,0x0000
0.0784022300,9,0x1FCD,0x0000
0.0784066800,9,0x1FCD,0x0000
0.0784111200,9,0x1FCD,0x0000
0.0784155700,9,0x1FCD,0x0000
0.0784200100,9,0x1FCD,0x0000
0.0784244600,9,0x1FCD,0x0000
0.0784289000,9,0x1FCD,0x0000
0.0784333500,9,0x1FCD,0x0000
0.0784377900,9,0x1FCD,0x0000
0.0784422300,9,0x1FCD,0x0000
0.0784466800,9,0x1FCD,0x0000
0.0784511200,9,0x1FCD,0x0000
0.0784555700,9,0x1FCD,0x0000
0.0784600100,9,0x1FCD,0x0000
0.0784644600,9,0x1FCD,0x0000
0.0784689000,9,0x1FCD,0x0000
0.0784733500,9,0x1FCD,0x0000
0.0784777900,9,0x1FCD,0x0000
0.0784822300,9,0x1FCD,0x0000
0.0784866800,9,0x1FCD,0x0000
0.0784911200,9,0x1FCD,0x0000
0.0784955700,9,0x1FCD,0x0000
0.0785000100,9,0x1FCD,0x0000
0.0785044600,9,0x1FCD,0x0000
0.0785089000,9,0x1FCD,0x0000
0.0785133500,9,0x1FCD,0x0000
0.0785177900,9,0x1FCD,0x0000
0.0785222300,9,0x1FCD,0x0000
0.0785266800,9,0x1FCD,0x0000
0.0785311200,9,0x1FCD,0x0000
0.0785355700,9,0x1FCD,0x0000
0.0785400100,9,0x1FCD,0x0000
0.0785444600,9,0x1FCD,0x0000
0.0785489000,9,0x1FCD,0x0000
0.0785533500,9,0x1FCD,0x0000
0.0785577900,9,0x1FCD,0x0000
0.0785622300,9,0x1FCD,0x0000
0.0785666800,9,0x1FCD,0x0000
0.0785711200,9,0x1FCD,0x0000
0.0785755700,9,0x1FCD,0x0000
0.0785800100,9,0x1FCD,0x0000
0.0785844600,9,0x1FCD,0x0000
0.0785889000,9,0x1FCD,0x0000
0.0785933500,9,0x1FCD,0x0000
0.0785977900,9,0x1FCD,0x0000
0.0786022300,9,0x1FCD,0x0000
0.0786066800,9,0x1FCD,0x0000
0.0786111200,9,0x1FCD,0x0000
0.0786155700,9,0x1FCD,0x0000
0.0786200100,9,0x1FCD,0x0000
0.0786244600,9,0x1FCD,0x0000
0.0786289000,9,0x1FCD,0x0000
0.0786333500,9,0x1FCD,0x0000
0.0786377900,9,0x1FCD,0x0000
0.0786422300,9,0x1FCD,0x0000
0.0786466800,9,0x1FCD,0x0000
0.0786511200,9,0x1FCD,0x0000
0.0786555700,9,0x1FCD,0x0000
0.0786600100,9,0x1FCD,0x0000
0.0786644600,9,0x1FCD,0x0000
0.0786689000,9,0x1FCD,0x0000
0.0786733500,9,0x1FCD,0x0000
0.0786777900,9,0x1FCD,0x0000
0.0786822400,9,0x1FCD,0x0000
0.0786866800,9,0x1FCD,0x0000
0.0786911200,9,0x1FCD,0x0000
0.0786955700,9,0x1FCD,0x0000
0.0787000100,9,0x1FCD,0x0000
0.0787044600,9,0x1FCD,0x0000
0.0787089000,9,0x1FCD,0x0000
0.0787133500,9,0x1FCD,0x0000
0.0787177900,9,0x1FCD,0x0000
0.0787222400,9,0x1FCD,0x0000
0.0787266800,9,0x1FCD,0x0000
0.0787311200,9,0x1FCD,0x0000
0.0787355700,9,0x1FCD,0x0000
0.0787400100,9,0x1FCD,0x0000
0.0787444600,9,0x1FCD,0x0000
0.0787489000,9,0x1FCD,0x0000
0.0787533500,9,0x1FCD,0x0000
0.0787577900,9,0x1FCD,0x0000
0.0787622300,9,0x1FCD,0x0000
0.0787666800,9,0x1FCD,0x0000
0.0787711200,9,0x1FCD,0x0000
0.0787755700,9,0x1FCD,0x0000
0.0787800100,9,0x1FCD,0x0000
0.0787844600,9,0x1FCD,0x0000
0.0787889000,9,0x1FCD,0x0000
0.0787933500,9,0x1FCD,0x0000
0.0787977900,9,0x1FCD,0x0000
0.0788022400,9,0x1FCD,0x0000
0.0788066800,9,0x1FCD,0x0000
0.0788111200,9,0x1FCD,0x0000
0.0788155700,9,0x1FCD,0x0000
0.0788200100,9,0x1FCD,0x0000
0.0788244600,9,0x1FCD,0x0000
0.0788289000,9,0x1FCD,0x0000
0.0788333500,9,0x1FCD,0x0000
0.0788377900,9,0x1FCD,0x0000
0.0788422400,9,0x1FCD,0x0000
0.0788466800,9,0x1FCD,0x0000
0.0788511200,9,0x1FCD,0x0000
0.0788555700,9,0x1FCD,0x0000
0.0788600100,9,0x1FCD,0x0000
0.0788644600,9,0x1FCD,0x0000
0.0788689000,9,0x1FCD,0x0000
0.0788733500,9,0x1FCD,0x0000
0.0788777900,9,0x1FCD,0x0000
0.0788822400,9,0x1FCD,0x0000
0.0788866800,9,0x1FCD,0x0000
0.0788911200,9,0x1FCD,0x0000
0.0788955700,9,0x1FCD,0x0000
0.0789000100,9,0x1FCD,0x0000
0.0789044600,9,0x1FCD,0x0000
0.0789089000,9,0x1FCD,0x0000
0.0789133500,9,0x1FCD,0x0000
0.0789177900,9,0x1FCD,0x0000
0.0789222400,9,0x1FCD,0x0000
0.0789266800,9,0x1FCD,0x0000
0.0789311200,9,0x1FCD,0x0000
0.0789355700,9,0x1FCD,0x0000
0.0789400100,9,0x1FCD,0x0000
0.0789444600,9,0x1FCD,0x0000
0.0789489000,9,0x1FCD,0x0000
0.0789533500,9,0x1FCD,0x0000
0.0789577900,9,0x1FCD,0x0000
0.0789622400,9,0x1FCD,0x0000
0.0789666800,9,0x1FCD,0x0000
0.0789711300,9,0x1FCD,0x0000
0.0789755700,9,0x1FCD,0x0000
0.0789800100,9,0x1FCD,0x0000
0.0789844600,9,0x1FCD,0x0000
0.0789889000,9,0x1FCD,0x0000
0.0789933500,9,0x1FCD,0x0000
0.0789977900,9,0x1FCD,0x0000
0.0790022400,9,0x1FCD,0x0000
0.0790066800,9,0x1FCD,0x0000
0.0790111300,9,0x1FCD,0x0000
0.0790155700,9,0x1FCD,0x0000
0.0790200100,9,0x1FCD,0x0000
0.0790244600,9,0x1FCD,0x0000
0.0790289000,9,0x1FCD,0x0000
0.0790333500,9,0x1FCD,0x0000
0.0790377900,9,0x1FCD,0x0000
0.0790422400,9,0x1FCD,0x0000
0.0790466800,9,0x1FCD,0x0000
0.0790511300,9,0x1FCD,0x0000
0.0790555700,9,0x1FCD,0x0000
0.0790600100,9,0x1FCD,0x0000
0.0790644600,9,0x1FCD,0x0000
0.0790689000,9,0x1FCD,0x0000
0.0790733500,9,0x1FCD,0x0000
0.0790777900,9,0x1FCD,0x0000
0.0790822400,9,0x1FCD,0x0000
0.0790866800,9,0x1FCD,0x0000
0.0790911300,9,0x1FCD,0x0000
0.0790955700,9,0x1FCD,0x0000
0.0791000100,9,0x1FCD,0x0000
0.0791044600,9,0x1FCD,0x0000
0.0791089000,9,0x1FCD,0x0000
0.0791133500,9,0x1FCD,0x0000
0.0791177900,9,0x1FCD,0x0000
0.0791222400,9,0x1FCD,0x0000
0.0791266800,9,0x1FCD,0x0000
0.0791311300,9,0x0000,0x0000
0.0791355700,9,0x0000,0x0000
0.0791400100,9,0x0000,0x0000
0.0842511600,10,0x55AA,0x0000
0.0842556000,10,0x2DEC,0x0000
0.0842600400,10,0x01FF,0x0000
0.0842644800,10,0x1FCD,0x0000
0.0842689300,10,0x1FCD,0x0000
0.0842733700,10,0x1FCD,0x0000
0.0842778200,10,0x1FCD,0x0000
0.0842822600,10,0x1FCD,0x0000
0.0842867100,10,0x1FCD,0x0000
0.0842911500,10,0x1FCD,0x0000
0.0842956000,10,0x1FCD,0x0000
0.0843000400,10,0x1FCD,0x0000
0.0843044900,10,0x1FCD,0x0000
0.0843089300,10,0x1FCD,0x0000
0.0843133700,10,0x1FCD,0x0000
0.0843178200,10,0x1FCD,0x0000
0.0843222600,10,0x1FCD,0x0000
0.0843267100,10,0x1FCD,0x0000
0.0843311500,10,0x1FCD,0x0000
0.0843356000,10,0x1FCD,0x0000
0.0843400400,10,0x1FCD,0x0000
0.0843444800,10,0x1FCD,0x0000
0.0843489300,10,0x1FCD,0x0000
0.0843533700,10,0x1FCD,0x0000
0.0843578200,10,0x1FCD,0x0000
0.0843622600,10,0x1FCD,0x0000
0.0843667100,10,0x1FCD,0x0000
0.0843711500,10,0x1FCD,0x0000
0.0843756000,10,0x1FCD,0x0000
0.0843800400,10,0x1FCD,0x0000
0.0843844900,10,0x1FCD,0x0000
0.0843889300,10,0x1FCD,0x0000
0.0843933700,10,0x1FCD,0x0000
0.0843978200,10,0x1FCD,0x0000
0.0844022600,10,0x1FCD,0x0000
0.0844067100,10,0x1FCD,0x0000
0.0844111500,10,0x1FCD,0x0000
0.0844156000,10,0x1FCD,0x0000
0.0844200400,10,0x1FCD,0x0000
0.0844244900,10,0x1FCD,0x0000
0.0844289300,10,0x1FCD,0x0000
0.0844333700,10,0x1FCD,0x0000
0.0844378200,10,0x1FCD,0x0000
0.0844422600,10,0x1FCD,0x0000
0.0844467100,10,0x1FCD,0x0000
0.0844511500,10,0x1FCD,0x0000
0.0844556000,10,0x1FCD,0x0000
0.0844600400,10,0x1FCD,0x0000
0.0844644900,10,0x1FCD,0x0000
0.0844689300,10,0x1FCD,0x0000
0.0844733800,10,0x1FCD,0x0000
0.0844778200,10,0x1FCD,0x0000
0.0844822600,10,0x1FCD,0x0000
0.0844867100,10,0x1FCD,0x0000
0.0844911500,10,0x1FCD,0x0000
0.0844956000,10,0x1FCD,0x0000
0.0845000400,10,0x1FCD,0x0000
0.0845044900,10,0x1FCD,0x0000
0.0845089300,10,0x1FCD,0x0000
0.0845133700,10,0x1FCD,0x0000
0.0845178200,10,0x1FCD,0x0000
0.0845222600,10,0x1FCD,0x0000
0.0845267100,10,0x1FCD,0x0000
0.0845311500,10,0x1FCD,0x0000
0.0845356000,10,0x1FCD,0x0000
0.0845400400,10,0x1FCD,0x0000
0.0845444900,10,0x1FCD,0x0000
0.0845489300,10,0x1FCD,0x0000
0.0845533800,10,0x1FCD,0x0000
0.0845578200,10,0x1FCD,0x0000
0.0845622600,10,0x1FCD,0x0000
0.0845667100,10,0x1FCD,0x0000
0.0845711500,10,0x1FCD,0x0000
0.0845756000,10,0x1FCD,0x0000
0.0845800400,10,0x1FCD,0x0000
0.0845844900,10,0x1FCD,0x0000
0.0845889300,10,0x1FCD,0x0000
0.0845933800,10,0x1FCD,0x0000
0.0845978200,10,0x1FCD,0x0000
0.0846022600,10,0x1FCD,0x0000
0.0846067100,10,0x1FCD,0x0000
0.0846111500,10,0x1FCD,0x0000
0.0846156000,10,0x1FCD,0x0000
0.0846200400,10,0x1FCD,0x0000
0.0846244900,10,0x1FCD,0x0000
0.0846289300,10,0x1FCD,0x0000
0.0846333800,10,0x1FCD,0x0000
0.0846378200,10,0x1FCD,0x0000
0.0846422600,10,0x1FCD,0x0000
0.0846467100,10,0x1FCD,0x0000
0.0846511500,10,0x1FCD,0x0000
0.0846556000,10,0x1FCD,0x0000
0.0846600400,10,0x1FCD,0x0000
0.0846644900,10,0x1FCD,0x0000
0.0846689300,10,0x1FCD,0x0000
0.0846733800,10,0x1FCD,0x0000
0.0846778200,10,0x1FCD,0x0000
0.0846822600,10,0x1FCD,0x0000
0.0846867100,10,0x1FCD,0x0000
0.0846911500,10,0x1FCD,0x0000
0.0846956000,10,0x1FCD,0x0000
0.0847000400,10,0x1FCD,0x0000
0.0847044900,10,0x1FCD,0x0000
0.0847089300,10,0x1FCD,0x0000
0.0847133800,10,0x1FCD,0x0000
0.0847178200,10,0x1FCD,0x0000
0.0847222600,10,0x1FCD,0x0000
0.0847267100,10,0x1FCD,0x0000
0.0847311500,10,0x1FCD,0x0000
0.0847356000,10,0x1FCD,0x0000
0.0847400400,10,0x1FCD,0x0000
0.0847444900,10,0x1FCD,0x0000
0.0847489300,10,0x1FCD,0x0000
0.0847533800,10,0x1FCD,0x0000
0.0847578200,10,0x1FCD,0x0000
0.0847622600,10,0x1FCD,0x0000
0.0847667100,10,0x1FCD,0x0000
0.0847711500,10,0x1FCD,0x0000
0.0847756000,10,0x1FCD,0x0000
0.0847800400,10,0x1FCD,0x0000
0.0847844900,10,0x1FCD,0x0000
0.0847889300,10,0x1FCD,0x0000
0.0847933800,10,0x1FCD,0x0000
0.0847978200,10,0x1FCD,0x0000
0.0848022600,10,0x1FCD,0x0000
0.0848067100,10,0x1FCD,0x0000
0.0848111500,10,0x1FCD,0x0000
0.0848156000,10,0x1FCD,0x0000
0.0848200400,10,0x1FCD,0x0000
0.0848244900,10,0x1FCD,0x0000
0.0848289300,10,0x1FCD,0x0000
0.0848333800,10,0x1FCD,0x0000
0.0848378200,10,0x1FCD,0x0000
0.0848422600,10,0x1FCD,0x0000
0.0848467100,10,0x1FCD,0x0000
0.0848511500,10,0x1FCD,0x0000
0.0848556000,10,0x1FCD,0x0000
0.0848600400,10,0x1FCD,0x0000
0.0848644900,10,0x1FCD,0x0000
0.0848689300,10,0x1FCD,0x0000
0.0848733800,10,0x1FCD,0x0000
0.0848778200,10,0x1FCD,0x0000
0.0848822600,10,0x1FCD,0x0000
0.0848867100,10,0x1FCD,0x0000
0.0848911500,10,0x1FCD,0x0000
0.0848956000,10,0x1FCD,0x0000
0.0849000400,10,0x1FCD,0x0000
0.0849044900,10,0x1FCD,0x0000
0.0849089300,10,0x1FCD,0x0000
0.0849133800,10,0x1FCD,0x0000
0.0849178200,10,0x1FCD,0x0000
0.0849222600,10,0x1FCD,0x0000
0.0849267100,10,0x1FCD,0x0000
0.0849311500,10,0x1FCD,0x0000
0.0849356000,10,0x1FCD,0x0000
0.0849400400,10,0x1FCD,0x0000
0.0849444900,10,0x1FCD,0x0000
0.0849489300,10,0x1FCD,0x0000
0.0849533800,10,0x1FCD,0x0000
0.0849578200,10,0x1FCD,0x0000
0.0849622600,10,0x1FCD,0x0000
0.0849667100,10,0x1FCD,0x0000
0.0849711600,10,0x1FCD,0x0000
0.0849756000,10,0x1FCD,0x0000
0.0849800400,10,0x1FCD,0x0000
0.0849844900,10,0x1FCD,0x0000
0.0849889300,10,0x1FCD,0x0000
0.0849933800,10,0x1FCD,0x0000
0.0849978200,10,0x1FCD,0x0000
0.0850022700,10,0x1FCD,0x0000
0.0850067100,10,0x1FCD,0x0000
0.0850111600,10,0x1FCD,0x0000
0.0850156000,10,0x1FCD,0x0000
0.0850200400,10,0x1FCD,0x0000
0.0850244900,10,0x1FCD,0x0000
0.0850289300,10,0x1FCD,0x0000
0.0850333800,10,0x1FCD,0x0000
0.0850378200,10,0x1FCD,0x0000
0.0850422700,10,0x1FCD,0x0000
0.0850467100,10,0x1FCD,0x0000
0.0850511600,10,0x1FCD,0x0000
0.0850556000,10,0x1FCD,0x0000
0.0850600400,10,0x1FCD,0x0000
0.0850644900,10,0x1FCD,0x0000
0.0850689300,10,0x1FCD,0x0000
0.0850733800,10,0x1FCD,0x0000
0.0850778200,10,0x1FCD,0x0000
0.0850822700,10,0x1FCD,0x0000
0.0850867100,10,0x1FCD,0x0000
0.0850911600,10,0x1FCD,0x0000
0.0850956000,10,0x1FCD,0x0000
0.0851000400,10,0x1FCD,0x0000
0.0851044900,10,0x1FCD,0x0000
0.0851089300,10,0x1FCD,0x0000
0.0851133800,10,0x1FCD,0x0000
0.0851178200,10,0x1FCD,0x0000
0.0851222700,10,0x1FCD,0x0000
0.0851267100,10,0x1FCD,0x0000
0.0851311600,10,0x1FCD,0x0000
0.0851356000,10,0x1FCD,0x0000
0.0851400400,10,0x1FCD,0x0000
0.0851444900,10,0x1FCD,0x0000
0.0851489300,10,0x1FCD,0x0000
0.0851533800,10,0x1FCD,0x0000
0.0851578200,10,0x1FCD,0x0000
0.0851622700,10,0x1FCD,0x0000
0.0851667100,10,0x1FCD,0x0000
0.0851711600,10,0x1FCD,0x0000
0.0851756000,10,0x1FCD,0x0000
0.0851800400,10,0x1FCD,0x0000
0.0851844900,10,0x1FCD,0x0000
0.0851889300,10,0x1FCD,0x0000
0.0851933800,10,0x1FCD,0x0000
0.0851978200,10,0x1FCD,0x0000
0.0852022700,10,0x1FCD,0x0000
0.0852067100,10,0x1FCD,0x0000
0.0852111600,10,0x1FCD,0x0000
0.0852156000,10,0x1FCD,0x0000
0.0852200500,10,0x1FCD,0x0000
0.0852244900,10,0x1FCD,0x0000
0.0852289300,10,0x1FCD,0x0000
0.0852333800,10,0x1FCD,0x0000
0.0852378200,10,0x1FCD,0x0000
0.0852422700,10,0x1FCD,0x0000
0.0852467100,10,0x1FCD,0x0000
0.0852511600,10,0x1FCD,0x0000
0.0852556000,10,0x1FCD,0x0000
0.0852600500,10,0x1FCD,0x0000
0.0852644900,10,0x1FCD,0x0000
0.0852689300,10,0x1FCD,0x0000
0.0852733800,10,0x1FCD,0x0000
0.0852778200,10,0x1FCD,0x0000
0.0852822700,10,0x1FCD,0x0000
0.0852867100,10,0x1FCD,0x0000
0.0852911600,10,0x1FCD,0x0000
0.0852956000,10,0x1FCD,0x0000
0.0853000400,10,0x1FCD,0x0000
0.0853044900,10,0x1FCD,0x0000
0.0853089300,10,0x1FCD,0x0000
0.0853133800,10,0x1FCD,0x0000
0.0853178200,10,0x1FCD,0x0000
0.0853222700,10,0x1FCD,0x0000
0.0853267100,10,0x1FCD,0x0000
0.0853311600,10,0x1FCD,0x0000
0.0853356000,10,0x1FCD,0x0000
0.0853400500,10,0x1FCD,0x0000
0.0853444900,10,0x1FCD,0x0000
0.0853489300,10,0x1FCD,0x0000
0.0853533800,10,0x1FCD,0x0000
0.0853578200,10,0x1FCD,0x0000
0.0853622700,10,0x1FCD,0x0000
0.0853667100,10,0x1FCD,0x0000
0.0853711600,10,0x1FCD,0x0000
0.0853756000,10,0x1FCD,0x0000
0.0853800500,10,0x1FCD,0x0000
0.0853844900,10,0x1FCD,0x0000
0.0853889300,10,0x1FCD,0x0000
0.0853933800,10,0x1FCD,0x0000
0.0853978200,10,0x1FCD,0x0000
0.0854022700,10,0x1FCD,0x0000
0.0854067100,10,0x1FCD,0x0000
0.0854111600,10,0x1FCD,0x0000
0.0854156000,10,0x1FCD,0x0000
0.0854200500,10,0x1FCD,0x0000
0.0854244900,10,0x1FCD,0x0000
0.0854289300,10,0x1FCD,0x0000
0.0854333800,10,0x1FCD,0x0000
0.0854378200,10,0x1FCD,0x0000
0.0854422700,10,0x1FCD,0x0000
0.0854467100,10,0x1FCD,0x0000
0.0854511600,10,0x1FCD,0x0000
0.0854556000,10,0x1FCD,0x0000
0.0854600500,10,0x1FCD,0x0000
0.0854644900,10,0x1FCD,0x0000
0.0854689300,10,0x1FCD,0x0000
0.0854733800,10,0x1FCD,0x0000
0.0854778200,10,0x1FCD,0x0000
0.0854822700,10,0x1FCD,0x0000
0.0854867100,10,0x1FCD,0x0000
0.0854911600,10,0x1FCD,0x0000
0.0854956000,10,0x1FCD,0x0000
0.0855000500,10,0x1FCD,0x0000
0.0855044900,10,0x1FCD,0x0000
0.0855089400,10,0x1FCD,0x0000
0.0855133800,10,0x1FCD,0x0000
0.0855178200,10,0x1FCD,0x0000
0.0855222700,10,0x1FCD,0x0000
0.0855267100,10,0x1FCD,0x0000
0.0855311600,10,0x1FCD,0x0000
0.0855356000,10,0x1FCD,0x0000
0.0855400500,10,0x1FCD,0x0000
0.0855444900,10,0x1FCD,0x0000
0.0855489400,10,0x1FCD,0x0000
0.0855533800,10,0x1FCD,0x0000
0.0855578200,10,0x1FCD,0x0000
0.0855622700,10,0x1FCD,0x0000
0.0855667100,10,0x1FCD,0x0000
0.0855711600,10,0x1FCD,0x0000
0.0855756000,10,0x1FCD,0x0000
0.0855800500,10,0x1FCD,0x0000
0.0855844900,10,0x1FCD,0x0000
0.0855889400,10,0x1FCD,0x0000
0.0855933800,10,0x1FCD,0x0000
0.0855978200,10,0x1FCD,0x0000
0.0856022700,10,0x1FCD,0x0000
0.0856067100,10,0x1FCD,0x0000
0.0856111600,10,0x1FCD,0x0000
0.0856156000,10,0x1FCD,0x0000
0.0856200500,10,0x1FCD,0x0000
0.0856244900,10,0x1FCD,0x0000
0.0856289400,10,0x1FCD,0x0000
0.0856333800,10,0x1FCD,0x0000
0.0856378200,10,0x1FCD,0x0000
0.0856422700,10,0x1FCD,0x0000
0.0856467100,10,0x1FCD,0x0000
0.0856511600,10,0x1FCD,0x0000
0.0856556000,10,0x1FCD,0x0000
0.0856600500,10,0x1FCD,0x0000
0.0856644900,10,0x1FCD,0x0000
0.0856689400,10,0x1FCD,0x0000
0.0856733800,10,0x1FCD,0x0000
0.0856778300,10,0x1FCD,0x0000
0.0856822700,10,0x1FCD,0x0000
0.0856867100,10,0x1FCD,0x0000
0.0856911600,10,0x1FCD,0x0000
0.0856956000,10,0x1FCD,0x0000
0.0857000500,10,0x1FCD,0x0000
0.0857044900,10,0x1FCD,0x0000
0.0857089400,10,0x1FCD,0x0000
0.0857133800,10,0x1FCD,0x0000
0.0857178300,10,0x1FCD,0x0000
0.0857222700,10,0x1FCD,0x0000
0.0857267100,10,0x1FCD,0x0000
0.0857311600,10,0x1FCD,0x0000
0.0857356000,10,0x1FCD,0x0000
0.0857400500,10,0x1FCD,0x0000
0.0857444900,10,0x1FCD,0x0000
0.0857489400,10,0x1FCD,0x0000
0.0857533800,10,0x1FCD,0x0000
0.0857578300,10,0x1FCD,0x0000
0.0857622700,10,0x1FCD,0x0000
0.0857667100,10,0x1FCD,0x0000
0.0857711600,10,0x1FCD,0x0000
0.0857756000,10,0x1FCD,0x0000
0.0857800500,10,0x1FCD,0x0000
0.0857844900,10,0x1FCD,0x0000
0.0857889400,10,0x1FCD,0x0000
0.0857933800,10,0x1FCD,0x0000
0.0857978300,10,0x1FCD,0x0000
0.0858022700,10,0x1FCD,0x0000
0.0858067100,10,0x1FCD,0x0000
0.0858111600,10,0x1FCD,0x0000
0.0858156000,10,0x1FCD,0x0000
0.0858200500,10,0x1FCD,0x0000
0.0858244900,10,0x1FCD,0x0000
0.0858289400,10,0x1FCD,0x0000
0.0858333800,10,0x1FCD,0x0000
0.0858378300,10,0x1FCD,0x0000
0.0858422700,10,0x1FCD,0x0000
0.0858467100,10,0x1FCD,0x0000
0.0858511600,10,0x1FCD,0x0000
0.0858556000,10,0x1FCD,0x0000
0.0858600500,10,0x1FCD,0x0000
0.0858644900,10,0x1FCD,0x0000
0.0858689400,10,0x1FCD,0x0000
0.0858733800,10,0x1FCD,0x0000
0.0858778300,10,0x1FCD,0x0000
0.0858822700,10,0x1FCD,0x0000
0.0858867100,10,0x1FCD,0x0000
0.0858911600,10,0x1FCD,0x0000
0.0858956000,10,0x1FCD,0x0000
0.0859000500,10,0x1FCD,0x0000
0.0859044900,10,0x1FCD,0x0000
0.0859089400,10,0x1FCD,0x0000
0.0859133800,10,0x1FCD,0x0000
0.0859178300,10,0x1FCD,0x0000
0.0859222700,10,0x1FCD,0x0000
0.0859267100,10,0x1FCD,0x0000
0.0859311600,10,0x1FCD,0x0000
0.0859356000,10,0x1FCD,0x0000
0.0859400500,10,0x1FCD,0x0000
0.0859444900,10,0x1FCD,0x0000
0.0859489400,10,0x1FCD,0x0000
0.0859533800,10,0x1FCD,0x0000
0.0859578300,10,0x1FCD,0x0000
0.0859622700,10,0x1FCD,0x0000
0.0859667100,10,0x1FCD,0x0000
0.0859711600,10,0x1FCD,0x0000
0.0859756000,10,0x1FCD,0x0000
0.0859800500,10,0x1FCD,0x0000
0.0859844900,10,0x1FCD,0x0000
0.0859889400,10,0x1FCD,0x0000
0.0859933800,10,0x1FCD,0x0000
0.0859978300,10,0x1FCD,0x0000
0.0860022700,10,0x1FCD,0x0000
0.0860067100,10,0x1FCD,0x0000
0.0860111600,10,0x1FCD,0x0000
0.0860156000,10,0x1FCD,0x0000
0.0860200500,10,0x1FCD,0x0000
0.0860244900,10,0x1FCD,0x0000
0.0860289400,10,0x1FCD,0x0000
0.0860333800,10,0x1FCD,0x0000
0.0860378300,10,0x1FCD,0x0000
0.0860422700,10,0x1FCD,0x0000
0.0860467100,10,0x1FCD,0x0000
0.0860511600,10,0x1FCD,0x0000
0.0860556000,10,0x1FCD,0x0000
0.0860600500,10,0x1FCD,0x0000
0.0860644900,10,0x1FCD,0x0000
0.0860689400,10,0x1FCD,0x0000
0.0860733800,10,0x1FCD,0x0000
0.0860778300,10,0x1FCD,0x0000
0.0860822700,10,0x1FCD,0x0000
0.0860867100,10,0x1FCD,0x0000
0.0860911600,10,0x1FCD,0x0000
0.0860956000,10,0x1FCD,0x0000
0.0861000500,10,0x1FCD,0x0000
0.0861044900,10,0x1FCD,0x0000
0.0861089400,10,0x1FCD,0x0000
0.0861133800,10,0x1FCD,0x0000
0.0861178300,10,0x1FCD,0x0000
0.0861222700,10,0x1FCD,0x0000
0.0861267200,10,0x1FCD,0x0000
0.0861311600,10,0x1FCD,0x0000
0.0861356100,10,0x1FCD,0x0000
0.0861400500,10,0x1FCD,0x0000
0.0861444900,10,0x1FCD,0x0000
0.0861489400,10,0x1FCD,0x0000
0.0861533800,10,0x1FCD,0x0000
0.0861578300,10,0x1FCD,0x0000
0.0861622700,10,0x1FCD,0x0000
0.0861667200,10,0x1FCD,0x0000
0.0861711600,10,0x1FCD,0x0000
0.0861756100,10,0x1FCD,0x0000
0.0861800500,10,0x1FCD,0x0000
0.0861844900,10,0x1FCD,0x0000
0.0861889400,10,0x1FCD,0x0000
0.0861933800,10,0x1FCD,0x0000
0.0861978300,10,0x1FCD,0x0000
0.0862022700,10,0x1FCD,0x0000
0.0862067200,10,0x1FCD,0x0000
0.0862111600,10,0x1FCD,0x0000
0.0862156100,10,0x1FCD,0x0000
0.0862200500,10,0x1FCD,0x0000
0.0862244900,10,0x1FCD,0x0000
0.0862289400,10,0x1FCD,0x0000
0.0862333800,10,0x1FCD,0x0000
0.0862378300,10,0x1FCD,0x0000
0.0862422700,10,0x1FCD,0x0000
0.0862467200,10,0x1FCD,0x0000
0.0862511600,10,0x1FCD,0x0000
0.0862556100,10,0x1FCD,0x0000
0.0862600500,10,0x1FCD,0x0000
0.0862644900,10,0x1FCD,0x0000
0.0862689400,10,0x1FCD,0x0000
0.0862733800,10,0x1FCD,0x0000
0.0862778300,10,0x1FCD,0x0000
0.0862822700,10,0x1FCD,0x0000
0.0862867200,10,0x1FCD,0x0000
0.0862911600,10,0x1FCD,0x0000
0.0862956100,10,0x1FCD,0x0000
0.0863000500,10,0x1FCD,0x0000
0.0863044900,10,0x1FCD,0x0000
0.0863089400,10,0x1FCD,0x0000
0.0863133800,10,0x1FCD,0x0000
0.0863178300,10,0x1FCD,0x0000
0.0863222700,10,0x1FCD,0x0000
0.0863267200,10,0x1FCD,0x0000
0.0863311600,10,0x1FCD,0x0000
0.0863356100,10,0x1FCD,0x0000
0.0863400500,10,0x1FCD,0x0000
0.0863445000,10,0x1FCD,0x0000
0.0863489400,10,0x1FCD,0x0000
0.0863533800,10,0x1FCD,0x0000
0.0863578300,10,0x1FCD,0x0000
0.0863622700,10,0x1FCD,0x0000
0.0863667200,10,0x1FCD,0x0000
0.0863711600,10,0x1FCD,0x0000
0.0863756100,10,0x1FCD,0x0000
0.0863800500,10,0x1FCD,0x0000
0.0863845000,10,0x1FCD,0x0000
0.0863889400,10,0x1FCD,0x0000
0.0863933800,10,0x1FCD,0x0000
0.0863978300,10,0x1FCD,0x0000
0.0864022700,10,0x1FCD,0x0000
0.0864067200,10,0x1FCD,0x0000
0.0864111600,10,0x1FCD,0x0000
0.0864156100,10,0x1FCD,0x0000
0.0864200500,10,0x1FCD,0x0000
0.0864245000,10,0x1FCD,0x0000
0.0864289400,10,0x1FCD,0x0000
0.0864333800,10,0x1FCD,0x0000
0.0864378300,10,0x1FCD,0x0000
0.0864422700,10,0x1FCD,0x0000
0.0864467200,10,0x1FCD,0x0000
0.0864511600,10,0x1FCD,0x0000
0.0864556100,10,0x1FCD,0x0000
0.0864600500,10,0x1FCD,0x0000
0.0864645000,10,0x1FCD,0x0000
0.0864689400,10,0x1FCD,0x0000
0.0864733800,10,0x1FCD,0x0000
0.0864778300,10,0x1FCD,0x0000
0.0864822700,10,0x1FCD,0x0000
0.0864867200,10,0x1FCD,0x0000
0.0864911600,10,0x1FCD,0x0000
0.0864956100,10,0x1FCD,0x0000
0.0865000500,10,0x1FCD,0x0000
0.0865045000,10,0x1FCD,0x0000
0.0865089400,10,0x1FCD,0x0000
0.0865133800,10,0x1FCD,0x0000
0.0865178300,10,0x1FCD,0x0000
0.0865222700,10,0x1FCD,0x0000
0.0865267200,10,0x1FCD,0x0000
0.0865311600,10,0x1FCD,0x0000
0.0865356100,10,0x1FCD,0x0000
0.0865400500,10,0x1FCD,0x0000
0.0865445000,10,0x1FCD,0x0000
0.0865489400,10,0x1FCD,0x0000
0.0865533800,10,0x1FCD,0x0000
0.0865578300,10,0x1FCD,0x0000
0.0865622700,10,0x1FCD,0x0000
0.0865667200,10,0x1FCD,0x0000
0.0865711600,10,0x1FCD,0x0000
0.0865756100,10,0x1FCD,0x0000
0.0865800500,10,0x1FCD,0x0000
0.0865845000,10,0x1FCD,0x0000
0.0865889400,10,0x1FCD,0x0000
0.0865933900,10,0x1FCD,0x0000
0.0865978300,10,0x1FCD,0x0000
0.0866022700,10,0x1FCD,0x0000
0.0866067200,10,0x1FCD,0x0000
0.0866111600,10,0x1FCD,0x0000
0.0866156100,10,0x1FCD,0x0000
0.0866200500,10,0x1FCD,0x0000
0.0866245000,10,0x1FCD,0x0000
0.0866289400,10,0x1FCD,0x0000
0.0866333900,10,0x1FCD,0x0000
0.0866378300,10,0x1FCD,0x0000
0.0866422700,10,0x1FCD,0x0000
0.0866467200,10,0x1FCD,0x0000
0.0866511600,10,0x1FCD,0x0000
0.0866556100,10,0x1FCD,0x0000
0.0866600500,10,0x1FCD,0x0000
0.0866645000,10,0x1FCD,0x0000
0.0866689400,10,0x1FCD,0x0000
0.0866733900,10,0x1FCD,0x0000
0.0866778300,10,0x1FCD,0x0000
0.0866822700,10,0x1FCD,0x0000
0.0866867200,10,0x1FCD,0x0000
0.0866911600,10,0x1FCD,0x0000
0.0866956100,10,0x1FCD,0x0000
0.0867000500,10,0x1FCD,0x0000
0.0867045000,10,0x1FCD,0x0000
0.0867089400,10,0x1FCD,0x0000
0.0867133900,10,0x1FCD,0x0000
0.0867178300,10,0x1FCD,0x0000
0.0867222700,10,0x1FCD,0x0000
0.0867267200,10,0x1FCD,0x0000
0.0867311600,10,0x1FCD,0x0000
0.0867356100,10,0x1FCD,0x0000
0.0867400500,10,0x1FCD,0x0000
0.0867445000,10,0x1FCD,0x0000
0.0867489400,10,0x1FCD,0x0000
0.0867533900,10,0x1FCD,0x0000
0.0867578300,10,0x1FCD,0x0000
0.0867622700,10,0x1FCD,0x0000
0.0867667200,10,0x1FCD,0x0000
0.0867711600,10,0x1FCD,0x0000
0.0867756100,10,0x1FCD,0x0000
0.0867800500,10,0x1FCD,0x0000
0.0867845000,10,0x1FCD,0x0000
0.0867889400,10,0x1FCD,0x0000
0.0867933900,10,0x1FCD,0x0000
0.0867978300,10,0x1FCD,0x0000
0.0868022800,10,0x1FCD,0x0000
0.0868067200,10,0x1FCD,0x0000
0.0868111600,10,0x1FCD,0x0000
0.0868156100,10,0x1FCD,0x0000
0.0868200500,10,0x1FCD,0x0000
0.0868245000,10,0x1FCD,0x0000
0.0868289400,10,0x1FCD,0x0000
0.0868333900,10,0x1FCD,0x0000
0.0868378300,10,0x1FCD,0x0000
0.0868422700,10,0x1FCD,0x0000
0.0868467200,10,0x1FCD,0x0000
0.0868511600,10,0x1FCD,0x0000
0.0868556100,10,0x1FCD,0x0000
0.0868600500,10,0x1FCD,0x0000
0.0868645000,10,0x1FCD,0x0000
0.0868689400,10,0x1FCD,0x0000
0.0868733900,10,0x1FCD,0x0000
0.0868778300,10,0x1FCD,0x0000
0.0868822800,10,0x1FCD,0x0000
0.0868867200,10,0x1FCD,0x0000
0.0868911600,10,0x1FCD,0x0000
0.0868956100,10,0x1FCD,0x0000
0.0869000500,10,0x1FCD,0x0000
0.0869045000,10,0x1FCD,0x0000
0.0869089400,10,0x1FCD,0x0000
0.0869133900,10,0x1FCD,0x0000
0.0869178300,10,0x1FCD,0x0000
0.0869222800,10,0x1FCD,0x0000
0.0869267200,10,0x1FCD,0x0000
0.0869311600,10,0x1FCD,0x0000
0.0869356100,10,0x1FCD,0x0000
0.0869400500,10,0x1FCD,0x0000
0.0869445000,10,0x1FCD,0x0000
0.0869489400,10,0x1FCD,0x0000
0.0869533900,10,0x1FCD,0x0000
0.0869578300,10,0x1FCD,0x0000
0.0869622800,10,0x1FCD,0x0000
0.0869667200,10,0x1FCD,0x0000
0.0869711600,10,0x1FCD,0x0000
0.0869756100,10,0x1FCD,0x0000
0.0869800500,10,0x1FCD,0x0000
0.0869845000,10,0x1FCD,0x0000
0.0869889400,10,0x1FCD,0x0000
0.0869933900,10,0x1FCD,0x0000
0.0869978300,10,0x1FCD,0x0000
0.0870022800,10,0x1FCD,0x0000
0.0870067200,10,0x1FCD,0x0000
0.0870111600,10,0x1FCD,0x0000
0.0870156100,10,0x1FCD,0x0000
0.0870200500,10,0x1FCD,0x0000
0.0870245000,10,0x1FCD,0x0000
0.0870289400,10,0x1FCD,0x0000
0.0870333900,10,0x1FCD,0x0000
0.0870378300,10,0x1FCD,0x0000
0.0870422800,10,0x1FCD,0x0000
0.0870467200,10,0x1FCD,0x0000
0.0870511600,10,0x1FCD,0x0000
0.0870556100,10,0x1FCD,0x0000
0.0870600500,10,0x1FCD,0x0000
0.0870645000,10,0x1FCD,0x0000
0.0870689400,10,0x1FCD,0x0000
0.0870733900,10,0x1FCD,0x0000
0.0870778300,10,0x1FCD,0x0000
0.0870822800,10,0x1FCD,0x0000
0.0870867200,10,0x1FCD,0x0000
0.0870911600,10,0x1FCD,0x0000
0.0870956100,10,0x1FCD,0x0000
0.0871000500,10,0x1FCD,0x0000
0.0871045000,10,0x1FCD,0x0000
0.0871089400,10,0x1FCD,0x0000
0.0871133900,10,0x1FCD,0x0000
0.0871178300,10,0x1FCD,0x0000
0.0871222800,10,0x1FCD,0x0000
0.0871267200,10,0x1FCD,0x0000
0.0871311600,10,0x1FCD,0x0000
0.0871356100,10,0x1FCD,0x0000
0.0871400500,10,0x1FCD,0x0000
0.0871445000,10,0x1FCD,0x0000
0.0871489400,10,0x1FCD,0x0000
0.0871533900,10,0x1FCD,0x0000
0.0871578300,10,0x1FCD,0x0000
0.0871622800,10,0x1FCD,0x0000
0.0871667200,10,0x1FCD,0x0000
0.0871711600,10,0x1FCD,0x0000
0.0871756100,10,0x1FCD,0x0000
0.0871800500,10,0x1FCD,0x0000
0.0871845000,10,0x1FCD,0x0000
0.0871889400,10,0x1FCD,0x0000
0.0871933900,10,0x1FCD,0x0000
0.0871978300,10,0x1FCD,0x0000
0.0872022800,10,0x1FCD,0x0000
0.0872067200,10,0x1FCD,0x0000
0.0872111700,10,0x1FCD,0x0000
0.0872156100,10,0x1FCD,0x0000
0.0872200600,10,0x1FCD,0x0000
0.0872245000,10,0x1FCD,0x0000
0.0872289400,10,0x1FCD,0x0000
0.0872333900,10,0x1FCD,0x0000
0.0872378300,10,0x1FCD,0x0000
0.0872422800,10,0x1FCD,0x0000
0.0872467200,10,0x1FCD,0x0000
0.0872511600,10,0x1FCD,0x0000
0.0872556100,10,0x1FCD,0x0000
0.0872600600,10,0x1FCD,0x0000
0.0872645000,10,0x1FCD,0x0000
0.0872689400,10,0x1FCD,0x0000
0.0872733900,10,0x1FCD,0x0000
0.0872778300,10,0x1FCD,0x0000
0.0872822800,10,0x1FCD,0x0000
0.0872867200,10,0x1FCD,0x0000
0.0872911700,10,0x1FCD,0x0000
0.0872956100,10,0x1FCD,0x0000
0.0873000600,10,0x1FCD,0x0000
0.0873045000,10,0x1FCD,0x0000
0.0873089400,10,0x1FCD,0x0000
0.0873133900,10,0x1FCD,0x0000
0.0873178300,10,0x1FCD,0x0000
0.0873222800,10,0x1FCD,0x0000
0.0873267200,10,0x1FCD,0x0000
0.0873311700,10,0x1FCD,0x0000
0.0873356100,10,0x1FCD,0x0000
0.0873400600,10,0x1FCD,0x0000
0.0873445000,10,0x1FCD,0x0000
0.0873489400,10,0x1FCD,0x0000
0.0873533900,10,0x1FCD,0x0000
0.0873578300,10,0x1FCD,0x0000
0.0873622800,10,0x1FCD,0x0000
0.0873667200,10,0x1FCD,0x0000
0.0873711700,10,0x1FCD,0x0000
0.0873756100,10,0x1FCD,0x0000
0.0873800600,10,0x1FCD,0x0000
0.0873845000,10,0x1FCD,0x0000
0.0873889400,10,0x1FCD,0x0000
0.0873933900,10,0x1FCD,0x0000
0.0873978300,10,0x1FCD,0x0000
0.0874022800,10,0x1FCD,0x0000
0.0874067200,10,0x1FCD,0x0000
0.0874111700,10,0x1FCD,0x0000
0.0874156100,10,0x1FCD,0x0000
0.0874200600,10,0x1FCD,0x0000
0.0874245000,10,0x1FCD,0x0000
0.0874289400,10,0x1FCD,0x0000
0.0874333900,10,0x1FCD,0x0000
0.0874378300,10,0x1FCD,0x0000
0.0874422800,10,0x1FCD,0x0000
0.0874467200,10,0x1FCD,0x0000
0.0874511700,10,0x1FCD,0x0000
0.0874556100,10,0x1FCD,0x0000
0.0874600600,10,0x1FCD,0x0000
0.0874645000,10,0x0000,0x0000
0.0874689400,10,0x0000,0x0000
0.0874733900,10,0x0000,0x0000
0.0925845300,11,0x55AA,0x0000
0.0925889700,11,0x2DEC,0x0000
0.0925934100,11,0x01FF,0x0000
0.0925978600,11,0x1FCD,0x0000
0.0926023000,11,0x1FCD,0x0000
0.0926067500,11,0x1FCD,0x0000
0.0926111900,11,0x1FCD,0x0000
0.0926156400,11,0x1FCD,0x0000
0.0926200800,11,0x1FCD,0x0000
0.0926245300,11,0x1FCD,0x0000
0.0926289700,11,0x1FCD,0x0000
0.0926334100,11,0x1FCD,0x0000
0.0926378600,11,0x1FCD,0x0000
0.0926423000,11,0x1FCD,0x0000
0.0926467500,11,0x1FCD,0x0000
0.0926511900,11,0x1FCD,0x0000
0.0926556400,11,0x1FCD,0x0000
0.0926600800,11,0x1FCD,0x0000
0.0926645300,11,0x1FCD,0x0000
0.0926689700,11,0x1FCD,0x0000
0.0926734100,11,0x1FCD,0x0000
0.0926778600,11,0x1FCD,0x0000
0.0926823000,11,0x1FCD,0x0000
0.0926867500,11,0x1FCD,0x0000
0.0926911900,11,0x1FCD,0x0000
0.0926956400,11,0x1FCD,0x0000
0.0927000800,11,0x1FCD,0x0000
0.0927045300,11,0x1FCD,0x0000
0.0927089700,11,0x1FCD,0x0000
0.0927134100,11,0x1FCD,0x0000
0.0927178600,11,0x1FCD,0x0000
0.0927223000,11,0x1FCD,0x0000
0.0927267500,11,0x1FCD,0x0000
0.0927311900,11,0x1FCD,0x0000
0.0927356400,11,0x1FCD,0x0000
0.0927400800,11,0x1FCD,0x0000
0.0927445300,11,0x1FCD,0x0000
0.0927489700,11,0x1FCD,0x0000
0.0927534100,11,0x1FCD,0x0000
0.0927578600,11,0x1FCD,0x0000
0.0927623000,11,0x1FCD,0x0000
0.0927667500,11,0x1FCD,0x0000
0.0927711900,11,0x1FCD,0x0000
0.0927756400,11,0x1FCD,0x0000
0.0927800800,11,0x1FCD,0x0000
0.0927845300,11,0x1FCD,0x0000
0.0927889700,11,0x1FCD,0x0000
0.0927934100,11,0x1FCD,0x0000
0.0927978600,11,0x1FCD,0x0000
0.0928023000,11,0x1FCD,0x0000
0.0928067500,11,0x1FCD,0x0000
0.0928111900,11,0x1FCD,0x0000
0.0928156400,11,0x1FCD,0x0000
0.0928200800,11,0x1FCD,0x0000
0.0928245300,11,0x1FCD,0x0000
0.0928289700,11,0x1FCD,0x0000
0.0928334200,11,0x1FCD,0x0000
0.0928378600,11,0x1FCD,0x0000
0.0928423000,11,0x1FCD,0x0000
0.0928467500,11,0x1FCD,0x0000
0.0928511900,11,0x1FCD,0x0000
0.0928556400,11,0x1FCD,0x0000
0.0928600800,11,0x1FCD,0x0000
0.0928645300,11,0x1FCD,0x0000
0.0928689700,11,0x1FCD,0x0000
0.0928734100,11,0x1FCD,0x0000
0.0928778600,11,0x1FCD,0x0000
0.0928823100,11,0x1FCD,0x0000
0.0928867500,11,0x1FCD,0x0000
0.0928911900,11,0x1FCD,0x0000
0.0928956400,11,0x1FCD,0x0000
0.0929000800,11,0x1FCD,0x0000
0.0929045300,11,0x1FCD,0x0000
0.0929089700,11,0x1FCD,0x0000
0.0929134200,11,0x1FCD,0x0000
0.0929178600,11,0x1FCD,0x0000
0.0929223100,11,0x1FCD,0x0000
0.0929267500,11,0x1FCD,0x0000
0.0929311900,11,0x1FCD,0x0000
0.0929356400,11,0x1FCD,0x0000
0.0929400800,11,0x1FCD,0x0000
0.0929445300,11,0x1FCD,0x0000
0.0929489700,11,0x1FCD,0x0000
0.0929534200,11,0x1FCD,0x0000
0.0929578600,11,0x1FCD,0x0000
0.0929623100,11,0x1FCD,0x0000
0.0929667500,11,0x1FCD,0x0000
0.0929711900,11,0x1FCD,0x0000
0.0929756400,11,0x1FCD,0x0000
0.0929800800,11,0x1FCD,0x0000
0.0929845300,11,0x1FCD,0x0000
0.0929889700,11,0x1FCD,0x0000
0.0929934200,11,0x1FCD,0x0000
0.0929978600,11,0x1FCD,0x0000
0.0930023100,11,0x1FCD,0x0000
0.0930067500,11,0x1FCD,0x0000
0.0930111900,11,0x1FCD,0x0000
0.0930156400,11,0x1FCD,0x0000
0.0930200800,11,0x1FCD,0x0000
0.0930245300,11,0x1FCD,0x0000
0.0930289700,11,0x1FCD,0x0000
0.0930334200,11,0x1FCD,0x0000
0.0930378600,11,0x1FCD,0x0000
0.0930423100,11,0x1FCD,0x0000
0.0930467500,11,0x1FCD,0x0000
0.0930511900,11,0x1FCD,0x0000
0.0930556400,11,0x1FCD,0x0000
0.0930600800,11,0x1FCD,0x0000
0.0930645300,11,0x1FCD,0x0000
0.0930689700,11,0x1FCD,0x0000
0.0930734200,11,0x1FCD,0x0000
0.0930778600,11,0x1FCD,0x0000
0.0930823100,11,0x1FCD,0x0000
0.0930867500,11,0x1FCD,0x0000
0.0930912000,11,0x1FCD,0x0000
0.0930956400,11,0x1FCD,0x0000
0.0931000800,11,0x1FCD,0x0000
0.0931045300,11,0x1FCD,0x0000
0.0931089700,11,0x1FCD,0x0000
0.0931134200,11,0x1FCD,0x0000
0.0931178600,11,0x1FCD,0x0000
0.0931223100,11,0x1FCD,0x0000
0.0931267500,11,0x1FCD,0x0000
0.0931312000,11,0x1FCD,0x0000
0.0931356400,11,0x1FCD,0x0000
0.0931400800,11,0x1FCD,0x0000
0.0931445300,11,0x1FCD,0x0000
0.0931489700,11,0x1FCD,0x0000
0.0931534200,11,0x1FCD,0x0000
0.0931578600,11,0x1FCD,0x0000
0.0931623100,11,0x1FCD,0x0000
0.0931667500,11,0x1FCD,0x0000
0.0931712000,11,0x1FCD,0x0000
0.0931756400,11,0x1FCD,0x0000
0.0931800800,11,0x1FCD,0x0000
0.0931845300,11,0x1FCD,0x0000
0.0931889700,11,0x1FCD,0x0000
0.0931934200,11,0x1FCD,0x0000
0.0931978600,11,0x1FCD,0x0000
0.0932023100,11,0x1FCD,0x0000
0.0932067500,11,0x1FCD,0x0000
0.0932112000,11,0x1FCD,0x0000
0.0932156400,11,0x1FCD,0x0000
0.0932200800,11,0x1FCD,0x0000
0.0932245300,11,0x1FCD,0x0000
0.0932289700,11,0x1FCD,0x0000
0.0932334200,11,0x1FCD,0x0000
0.0932378600,11,0x1FCD,0x0000
0.0932423100,11,0x1FCD,0x0000
0.0932467500,11,0x1FCD,0x0000
0.0932512000,11,0x1FCD,0x0000
0.0932556400,11,0x1FCD,0x0000
0.0932600900,11,0x1FCD,0x0000
0.0932645300,11,0x1FCD,0x0000
0.0932689700,11,0x1FCD,0x0000
0.0932734200,11,0x1FCD,0x0000
0.0932778600,11,0x1FCD,0x0000
0.0932823100,11,0x1FCD,0x0000
0.0932867500,11,0x1FCD,0x0000
0.0932912000,11,0x1FCD,0x0000
0.0932956400,11,0x1FCD,0x0000
0.0933000800,11,0x1FCD,0x0000
0.0933045300,11,0x1FCD,0x0000
0.0933089700,11,0x1FCD,0x0000
0.0933134200,11,0x1FCD,0x0000
0.0933178600,11,0x1FCD,0x0000
0.0933223100,11,0x1FCD,0x0000
0.0933267500,11,0x1FCD,0x0000
0.0933312000,11,0x1FCD,0x0000
0.0933356400,11,0x1FCD,0x0000
0.0933400900,11,0x1FCD,0x0000
0.0933445300,11,0x1FCD,0x0000
0.0933489700,11,0x1FCD,0x0000
0.0933534200,11,0x1FCD,0x0000
0.0933578600,11,0x1FCD,0x0000
0.0933623100,11,0x1FCD,0x0000
0.0933667500,11,0x1FCD,0x0000
0.0933712000,11,0x1FCD,0x0000
0.0933756400,11,0x1FCD,0x0000
0.0933800800,11,0x1FCD,0x0000
0.0933845300,11,0x1FCD,0x0000
0.0933889700,11,0x1FCD,0x0000
0.0933934200,11,0x1FCD,0x0000
0.0933978600,11,0x1FCD,0x0000
0.0934023100,11,0x1FCD,0x0000
0.0934067500,11,0x1FCD,0x0000
0.0934112000,11,0x1FCD,0x0000
0.0934156400,11,0x1FCD,0x0000
0.0934200900,11,0x1FCD,0x0000
0.0934245300,11,0x1FCD,0x0000
0.0934289700,11,0x1FCD,0x0000
0.0934334200,11,0x1FCD,0x0000
0.0934378600,11,0x1FCD,0x0000
0.0934423100,11,0x1FCD,0x0000
0.0934467500,11,0x1FCD,0x0000
0.0934512000,11,0x1FCD,0x0000
0.0934556400,11,0x1FCD,0x0000
0.0934600900,11,0x1FCD,0x0000
0.0934645300,11,0x1FCD,0x0000
0.0934689800,11,0x1FCD,0x0000
0.0934734200,11,0x1FCD,0x0000
0.0934778600,11,0x1FCD,0x0000
0.0934823100,11,0x1FCD,0x0000
0.0934867500,11,0x1FCD,0x0000
0.0934912000,11,0x1FCD,0x0000
0.0934956400,11,0x1FCD,0x0000
0.0935000900,11,0x1FCD,0x0000
0.0935045300,11,0x1FCD,0x0000
0.0935089700,11,0x1FCD,0x0000
0.0935134200,11,0x1FCD,0x0000
0.0935178600,11,0x1FCD,0x0000
0.0935223100,11,0x1FCD,0x0000
0.0935267500,11,0x1FCD,0x0000
0.0935312000,11,0x1FCD,0x0000
0.0935356400,11,0x1FCD,0x0000
0.0935400900,11,0x1FCD,0x0000
0.0935445300,11,0x1FCD,0x0000
0.0935489800,11,0x1FCD,0x0000
0.0935534200,11,0x1FCD,0x0000
0.0935578600,11,0x1FCD,0x0000
0.0935623100,11,0x1FCD,0x0000
0.0935667500,11,0x1FCD,0x0000
0.0935712000,11,0x1FCD,0x0000
0.0935756400,11,0x1FCD,0x0000
0.0935800900,11,0x1FCD,0x0000
0.0935845300,11,0x1FCD,0x0000
0.0935889800,11,0x1FCD,0x0000
0.0935934200,11,0x1FCD,0x0000
0.0935978600,11,0x1FCD,0x0000
0.0936023100,11,0x1FCD,0x0000
0.0936067500,11,0x1FCD,0x0000
0.0936112000,11,0x1FCD,0x0000
0.0936156400,11,0x1FCD,0x0000
0.0936200900,11,0x1FCD,0x0000
0.0936245300,11,0x1FCD,0x0000
0.0936289800,11,0x1FCD,0x0000
0.0936334200,11,0x1FCD,0x0000
0.0936378600,11,0x1FCD,0x0000
0.0936423100,11,0x1FCD,0x0000
0.0936467500,11,0x1FCD,0x0000
0.0936512000,11,0x1FCD,0x0000
0.0936556400,11,0x1FCD,0x0000
0.0936600900,11,0x1FCD,0x0000
0.0936645300,11,0x1FCD,0x0000
0.0936689800,11,0x1FCD,0x0000
0.0936734200,11,0x1FCD,0x0000
0.0936778600,11,0x1FCD,0x0000
0.0936823100,11,0x1FCD,0x0000
0.0936867500,11,0x1FCD,0x0000
0.0936912000,11,0x1FCD,0x0000
0.0936956400,11,0x1FCD,0x0000
0.0937000900,11,0x1FCD,0x0000
0.0937045300,11,0x1FCD,0x0000
0.0937089800,11,0x1FCD,0x0000
0.0937134200,11,0x1FCD,0x0000
0.0937178600,11,0x1FCD,0x0000
0.0937223100,11,0x1FCD,0x0000
0.0937267500,11,0x1FCD,0x0000
0.0937312000,11,0x1FCD,0x0000
0.0937356400,11,0x1FCD,0x0000
0.0937400900,11,0x1FCD,0x0000
0.0937445300,11,0x1FCD,0x0000
0.0937489800,11,0x1FCD,0x0000
0.0937534200,11,0x1FCD,0x0000
0.0937578600,11,0x1FCD,0x0000
0.0937623100,11,0x1FCD,0x0000
0.0937667500,11,0x1FCD,0x0000
0.0937712000,11,0x1FCD,0x0000
0.0937756400,11,0x1FCD,0x0000
0.0937800900,11,0x1FCD,0x0000
0.0937845300,11,0x1FCD,0x0000
0.0937889800,11,0x1FCD,0x0000
0.0937934200,11,0x1FCD,0x0000
0.0937978600,11,0x1FCD,0x0000
0.0938023100,11,0x1FCD,0x0000
0.0938067500,11,0x1FCD,0x0000
0.0938112000,11,0x1FCD,0x0000
0.0938156400,11,0x1FCD,0x0000
0.0938200900,11,0x1FCD,0x0000
0.0938245300,11,0x1FCD,0x0000
0.0938289800,11,0x1FCD,0x0000
0.0938334200,11,0x1FCD,0x0000
0.0938378600,11,0x1FCD,0x0000
0.0938423100,11,0x1FCD,0x0000
0.0938467500,11,0x1FCD,0x0000
0.0938512000,11,0x1FCD,0x0000
0.0938556400,11,0x1FCD,0x0000
0.0938600900,11,0x1FCD,0x0000
0.0938645300,11,0x1FCD,0x0000
0.0938689800,11,0x1FCD,0x0000
0.0938734200,11,0x1FCD,0x0000
0.0938778600,11,0x1FCD,0x0000
0.0938823100,11,0x1FCD,0x0000
0.0938867500,11,0x1FCD,0x0000
0.0938912000,11,0x1FCD,0x0000
0.0938956400,11,0x1FCD,0x0000
0.0939000900,11,0x1FCD,0x0000
0.0939045300,11,0x1FCD,0x0000
0.0939089800,11,0x1FCD,0x0000
0.0939134200,11,0x1FCD,0x0000
0.0939178700,11,0x1FCD,0x0000
0.0939223100,11,0x1FCD,0x0000
0.0939267600,11,0x1FCD,0x0000
0.0939312000,11,0x1FCD,0x0000
0.0939356400,11,0x1FCD,0x0000
0.0939400900,11,0x1FCD,0x0000
0.0939445300,11,0x1FCD,0x0000
0.0939489800,11,0x1FCD,0x0000
0.0939534200,11,0x1FCD,0x0000
0.0939578700,11,0x1FCD,0x0000
0.0939623100,11,0x1FCD,0x0000
0.0939667600,11,0x1FCD,0x0000
0.0939712000,11,0x1FCD,0x0000
0.0939756400,11,0x1FCD,0x0000
0.0939800900,11,0x1FCD,0x0000
0.0939845300,11,0x1FCD,0x0000
0.0939889800,11,0x1FCD,0x0000
0.0939934200,11,0x1FCD,0x0000
0.0939978700,11,0x1FCD,0x0000
0.0940023100,11,0x1FCD,0x0000
0.0940067600,11,0x1FCD,0x0000
0.0940112000,11,0x1FCD,0x0000
0.0940156400,11,0x1FCD,0x0000
0.0940200900,11,0x1FCD,0x0000
0.0940245300,11,0x1FCD,0x0000
0.0940289800,11,0x1FCD,0x0000
0.0940334200,11,0x1FCD,0x0000
0.0940378700,11,0x1FCD,0x0000
0.0940423100,11,0x1FCD,0x0000
0.0940467600,11,0x1FCD,0x0000
0.0940512000,11,0x1FCD,0x0000
0.0940556400,11,0x1FCD,0x0000
0.0940600900,11,0x1FCD,0x0000
0.0940645300,11,0x1FCD,0x0000
0.0940689800,11,0x1FCD,0x0000
0.0940734200,11,0x1FCD,0x0000
0.0940778700,11,0x1FCD,0x0000
0.0940823100,11,0x1FCD,0x0000
0.0940867600,11,0x1FCD,0x0000
0.0940912000,11,0x1FCD,0x0000
0.0940956400,11,0x1FCD,0x0000
0.0941000900,11,0x1FCD,0x0000
0.0941045300,11,0x1FCD,0x0000
0.0941089800,11,0x1FCD,0x0000
0.0941134200,11,0x1FCD,0x0000
0.0941178700,11,0x1FCD,0x0000
0.0941223100,11,0x1FCD,0x0000
0.0941267600,11,0x1FCD,0x0000
0.0941312000,11,0x1FCD,0x0000
0.0941356500,11,0x1FCD,0x0000
0.0941400900,11,0x1FCD,0x0000
0.0941445300,11,0x1FCD,0x0000
0.0941489800,11,0x1FCD,0x0000
0.0941534200,11,0x1FCD,0x0000
0.0941578700,11,0x1FCD,0x0000
0.0941623100,11,0x1FCD,0x0000
0.0941667600,11,0x1FCD,0x0000
0.0941712000,11,0x1FCD,0x0000
0.0941756400,11,0x1FCD,0x0000
0.0941800900,11,0x1FCD,0x0000
0.0941845300,11,0x1FCD,0x0000
0.0941889800,11,0x1FCD,0x0000
0.0941934200,11,0x1FCD,0x0000
0.0941978700,11,0x1FCD,0x0000
0.0942023100,11,0x1FCD,0x0000
0.0942067600,11,0x1FCD,0x0000
0.0942112000,11,0x1FCD,0x0000
0.0942156400,11,0x1FCD,0x0000
0.0942200900,11,0x1FCD,0x0000
0.0942245300,11,0x1FCD,0x0000
0.0942289800,11,0x1FCD,0x0000
0.0942334200,11,0x1FCD,0x0000
0.0942378700,11,0x1FCD,0x0000
0.0942423100,11,0x1FCD,0x0000
0.0942467600,11,0x1FCD,0x0000
0.0942512000,11,0x1FCD,0x0000
0.0942556500,11,0x1FCD,0x0000
0.0942600900,11,0x1FCD,0x0000
0.0942645300,11,0x1FCD,0x0000
0.0942689800,11,0x1FCD,0x0000
0.0942734200,11,0x1FCD,0x0000
0.0942778700,11,0x1FCD,0x0000
0.0942823100,11,0x1FCD,0x0000
0.0942867600,11,0x1FCD,0x0000
0.0942912000,11,0x1FCD,0x0000
0.0942956500,11,0x1FCD,0x0000
0.0943000900,11,0x1FCD,0x0000
0.0943045300,11,0x1FCD,0x0000
0.0943089800,11,0x1FCD,0x0000
0.0943134200,11,0x1FCD,0x0000
0.0943178700,11,0x1FCD,0x0000
0.0943223100,11,0x1FCD,0x0000
0.0943267600,11,0x1FCD,0x0000
0.0943312000,11,0x1FCD,0x0000
0.0943356500,11,0x1FCD,0x0000
0.0943400900,11,0x1FCD,0x0000
0.0943445300,11,0x1FCD,0x0000
0.0943489800,11,0x1FCD,0x0000
0.0943534200,11,0x1FCD,0x0000
0.0943578700,11,0x1FCD,0x0000
0.0943623100,11,0x1FCD,0x0000
0.0943667600,11,0x1FCD,0x0000
0.0943712000,11,0x1FCD,0x0000
0.0943756500,11,0x1FCD,0x0000
0.0943800900,11,0x1FCD,0x0000
0.0943845300,11,0x1FCD,0x0000
0.0943889800,11,0x1FCD,0x0000
0.0943934200,11,0x1FCD,0x0000
0.0943978700,11,0x1FCD,0x0000
0.0944023100,11,0x1FCD,0x0000
0.0944067600,11,0x1FCD,0x0000
0.0944112000,11,0x1FCD,0x0000
0.0944156500,11,0x1FCD,0x0000
0.0944200900,11,0x1FCD,0x0000
0.0944245300,11,0x1FCD,0x0000
0.0944289800,11,0x1FCD,0x0000
0.0944334200,11,0x1FCD,0x0000
0.0944378700,11,0x1FCD,0x0000
0.0944423100,11,0x1FCD,0x0000
0.0944467600,11,0x1FCD,0x0000
0.0944512000,11,0x1FCD,0x0000
0.0944556500,11,0x1FCD,0x0000
0.0944600900,11,0x1FCD,0x0000
0.0944645400,11,0x1FCD,0x0000
0.0944689800,11,0x1FCD,0x0000
0.0944734200,11,0x1FCD,0x0000
0.0944778700,11,0x1FCD,0x0000
0.0944823100,11,0x1FCD,0x0000
0.0944867600,11,0x1FCD,0x0000
0.0944912000,11,0x1FCD,0x0000
0.0944956500,11,0x1FCD,0x0000
0.0945000900,11,0x1FCD,0x0000
0.0945045400,11,0x1FCD,0x0000
0.0945089800,11,0x1FCD,0x0000
0.0945134200,11,0x1FCD,0x0000
0.0945178700,11,0x1FCD,0x0000
0.0945223100,11,0x1FCD,0x0000
0.0945267600,11,0x1FCD,0x0000
0.0945312000,11,0x1FCD,0x0000
0.0945356500,11,0x1FCD,0x0000
0.0945400900,11,0x1FCD,0x0000
0.0945445400,11,0x1FCD,0x0000
0.0945489800,11,0x1FCD,0x0000
0.0945534200,11,0x1FCD,0x0000
0.0945578700,11,0x1FCD,0x0000
0.0945623100,11,0x1FCD,0x0000
0.0945667600,11,0x1FCD,0x0000
0.0945712000,11,0x1FCD,0x0000
0.0945756500,11,0x1FCD,0x0000
0.0945800900,11,0x1FCD,0x0000
0.0945845400,11,0x1FCD,0x0000
0.0945889800,11,0x1FCD,0x0000
0.0945934200,11,0x1FCD,0x0000
0.0945978700,11,0x1FCD,0x0000
0.0946023100,11,0x1FCD,0x0000
0.0946067600,11,0x1FCD,0x0000
0.0946112000,11,0x1FCD,0x0000
0.0946156500,11,0x1FCD,0x0000
0.0946200900,11,0x1FCD,0x0000
0.0946245400,11,0x1FCD,0x0000
0.0946289800,11,0x1FCD,0x0000
0.0946334300,11,0x1FCD,0x0000
0.0946378700,11,0x1FCD,0x0000
0.0946423100,11,0x1FCD,0x0000
0.0946467600,11,0x1FCD,0x0000
0.0946512000,11,0x1FCD,0x0000
0.0946556500,11,0x1FCD,0x0000
0.0946600900,11,0x1FCD,0x0000
0.0946645400,11,0x1FCD,0x0000
0.0946689800,11,0x1FCD,0x0000
0.0946734300,11,0x1FCD,0x0000
0.0946778700,11,0x1FCD,0x0000
0.0946823100,11,0x1FCD,0x0000
0.0946867600,11,0x1FCD,0x0000
0.0946912000,11,0x1FCD,0x0000
0.0946956500,11,0x1FCD,0x0000
0.0947000900,11,0x1FCD,0x0000
0.0947045400,11,0x1FCD,0x0000
0.0947089800,11,0x1FCD,0x0000
0.0947134300,11,0x1FCD,0x0000
0.0947178700,11,0x1FCD,0x0000
0.0947223100,11,0x1FCD,0x0000
0.0947267600,11,0x1FCD,0x0000
0.0947312000,11,0x1FCD,0x0000
0.0947356500,11,0x1FCD,0x0000
0.0947400900,11,0x1FCD,0x0000
0.0947445400,11,0x1FCD,0x0000
0.0947489800,11,0x1FCD,0x0000
0.0947534300,11,0x1FCD,0x0000
0.0947578700,11,0x1FCD,0x0000
0.0947623100,11,0x1FCD,0x0000
0.0947667600,11,0x1FCD,0x0000
0.0947712000,11,0x1FCD,0x0000
0.0947756500,11,0x1FCD,0x0000
0.0947800900,11,0x1FCD,0x0000
0.0947845400,11,0x1FCD,0x0000
0.0947889800,11,0x1FCD,0x0000
0.0947934300,11,0x1FCD,0x0000
0.0947978700,11,0x1FCD,0x0000
0.0948023100,11,0x1FCD,0x0000
0.0948067600,11,0x1FCD,0x0000
0.0948112000,11,0x1FCD,0x0000
0.0948156500,11,0x1FCD,0x0000
0.0948200900,11,0x1FCD,0x0000
0.0948245400,11,0x1FCD,0x0000
0.0948289800,11,0x1FCD,0x0000
0.0948334300,11,0x1FCD,0x0000
0.0948378700,11,0x1FCD,0x0000
0.0948423100,11,0x1FCD,0x0000
0.0948467600,11,0x1FCD,0x0000
0.0948512000,11,0x1FCD,0x0000
0.0948556500,11,0x1FCD,0x0000
0.0948600900,11,0x1FCD,0x0000
0.0948645400,11,0x1FCD,0x0000
0.0948689800,11,0x1FCD,0x0000
0.0948734300,11,0x1FCD,0x0000
0.0948778700,11,0x1FCD,0x0000
0.0948823100,11,0x1FCD,0x0000
0.0948867600,11,0x1FCD,0x0000
0.0948912000,11,0x1FCD,0x0000
0.0948956500,11,0x1FCD,0x0000
0.0949000900,11,0x1FCD,0x0000
0.0949045400,11,0x1FCD,0x0000
0.0949089800,11,0x1FCD,0x0000
0.0949134300,11,0x1FCD,0x0000
0.0949178700,11,0x1FCD,0x0000
0.0949223100,11,0x1FCD,0x0000
0.0949267600,11,0x1FCD,0x0000
0.0949312000,11,0x1FCD,0x0000
0.0949356500,11,0x1FCD,0x0000
0.0949400900,11,0x1FCD,0x0000
0.0949445400,11,0x1FCD,0x0000
0.0949489800,11,0x1FCD,0x0000
0.0949534300,11,0x1FCD,0x0000
0.0949578700,11,0x1FCD,0x0000
0.0949623100,11,0x1FCD,0x0000
0.0949667600,11,0x1FCD,0x0000
0.0949712000,11,0x1FCD,0x0000
0.0949756500,11,0x1FCD,0x0000
0.0949800900,11,0x1FCD,0x0000
0.0949845400,11,0x1FCD,0x0000
0.0949889800,11,0x1FCD,0x0000
0.0949934300,11,0x1FCD,0x0000
0.0949978700,11,0x1FCD,0x0000
0.0950023100,11,0x1FCD,0x0000
0.0950067600,11,0x1FCD,0x0000
0.0950112000,11,0x1FCD,0x0000
0.0950156500,11,0x1FCD,0x0000
0.0950200900,11,0x1FCD,0x0000
0.0950245400,11,0x1FCD,0x0000
0.0950289800,11,0x1FCD,0x0000
0.0950334300,11,0x1FCD,0x0000
0.0950378700,11,0x1FCD,0x0000
0.0950423200,11,0x1FCD,0x0000
0.0950467600,11,0x1FCD,0x0000
0.0950512000,11,0x1FCD,0x0000
0.0950556500,11,0x1FCD,0x0000
0.0950600900,11,0x1FCD,0x0000
0.0950645400,11,0x1FCD,0x0000
0.0950689800,11,0x1FCD,0x0000
0.0950734300,11,0x1FCD,0x0000
0.0950778700,11,0x1FCD,0x0000
0.0950823200,11,0x1FCD,0x0000
0.0950867600,11,0x1FCD,0x0000
0.0950912000,11,0x1FCD,0x0000
0.0950956500,11,0x1FCD,0x0000
0.0951000900,11,0x1FCD,0x0000
0.0951045400,11,0x1FCD,0x0000
0.0951089800,11,0x1FCD,0x0000
0.0951134300,11,0x1FCD,0x0000
0.0951178700,11,0x1FCD,0x0000
0.0951223200,11,0x1FCD,0x0000
0.0951267600,11,0x1FCD,0x0000
0.0951312100,11,0x1FCD,0x0000
0.0951356500,11,0x1FCD,0x0000
0.0951400900,11,0x1FCD,0x0000
0.0951445400,11,0x1FCD,0x0000
0.0951489800,11,0x1FCD,0x0000
0.0951534300,11,0x1FCD,0x0000
0.0951578700,11,0x1FCD,0x0000
0.0951623200,11,0x1FCD,0x0000
0.0951667600,11,0x1FCD,0x0000
0.0951712100,11,0x1FCD,0x0000
0.0951756500,11,0x1FCD,0x0000
0.0951800900,11,0x1FCD,0x0000
0.0951845400,11,0x1FCD,0x0000
0.0951889800,11,0x1FCD,0x0000
0.0951934300,11,0x1FCD,0x0000
0.0951978700,11,0x1FCD,0x0000
0.0952023200,11,0x1FCD,0x0000
0.0952067600,11,0x1FCD,0x0000
0.0952112100,11,0x1FCD,0x0000
0.0952156500,11,0x1FCD,0x0000
0.0952200900,11,0x1FCD,0x0000
0.0952245400,11,0x1FCD,0x0000
0.0952289800,11,0x1FCD,0x0000
0.0952334300,11,0x1FCD,0x0000
0.0952378700,11,0x1FCD,0x0000
0.0952423200,11,0x1FCD,0x0000
0.0952467600,11,0x1FCD,0x0000
0.0952512100,11,0x1FCD,0x0000
0.0952556500,11,0x1FCD,0x0000
0.0952600900,11,0x1FCD,0x0000
0.0952645400,11,0x1FCD,0x0000
0.0952689800,11,0x1FCD,0x0000
0.0952734300,11,0x1FCD,0x0000
0.0952778700,11,0x1FCD,0x0000
0.0952823200,11,0x1FCD,0x0000
0.0952867600,11,0x1FCD,0x0000
0.0952912100,11,0x1FCD,0x0000
0.0952956500,11,0x1FCD,0x0000
0.0953001000,11,0x1FCD,0x0000
0.0953045400,11,0x1FCD,0x0000
0.0953089800,11,0x1FCD,0x0000
0.0953134300,11,0x1FCD,0x0000
0.0953178700,11,0x1FCD,0x0000
0.0953223200,11,0x1FCD,0x0000
0.0953267600,11,0x1FCD,0x0000
0.0953312100,11,0x1FCD,0x0000
0.0953356500,11,0x1FCD,0x0000
0.0953401000,11,0x1FCD,0x0000
0.0953445400,11,0x1FCD,0x0000
0.0953489800,11,0x1FCD,0x0000
0.0953534300,11,0x1FCD,0x0000
0.0953578700,11,0x1FCD,0x0000
0.0953623200,11,0x1FCD,0x0000
0.0953667600,11,0x1FCD,0x0000
0.0953712100,11,0x1FCD,0x0000
0.0953756500,11,0x1FCD,0x0000
0.0953801000,11,0x1FCD,0x0000
0.0953845400,11,0x1FCD,0x0000
0.0953889800,11,0x1FCD,0x0000
0.0953934300,11,0x1FCD,0x0000
0.0953978700,11,0x1FCD,0x0000
0.0954023200,11,0x1FCD,0x0000
0.0954067600,11,0x1FCD,0x0000
0.0954112100,11,0x1FCD,0x0000
0.0954156500,11,0x1FCD,0x0000
0.0954201000,11,0x1FCD,0x0000
0.0954245400,11,0x1FCD,0x0000
0.0954289800,11,0x1FCD,0x0000
0.0954334300,11,0x1FCD,0x0000
0.0954378700,11,0x1FCD,0x0000
0.0954423200,11,0x1FCD,0x0000
0.0954467600,11,0x1FCD,0x0000
0.0954512100,11,0x1FCD,0x0000
0.0954556500,11,0x1FCD,0x0000
0.0954601000,11,0x1FCD,0x0000
0.0954645400,11,0x1FCD,0x0000
0.0954689900,11,0x1FCD,0x0000
0.0954734300,11,0x1FCD,0x0000
0.0954778700,11,0x1FCD,0x0000
0.0954823200,11,0x1FCD,0x0000
0.0954867600,11,0x1FCD,0x0000
0.0954912100,11,0x1FCD,0x0000
0.0954956500,11,0x1FCD,0x0000
0.0955001000,11,0x1FCD,0x0000
0.0955045400,11,0x1FCD,0x0000
0.0955089800,11,0x1FCD,0x0000
0.0955134300,11,0x1FCD,0x0000
0.0955178700,11,0x1FCD,0x0000
0.0955223200,11,0x1FCD,0x0000
0.0955267600,11,0x1FCD,0x0000
0.0955312100,11,0x1FCD,0x0000
0.0955356500,11,0x1FCD,0x0000
0.0955401000,11,0x1FCD,0x0000
0.0955445400,11,0x1FCD,0x0000
0.0955489900,11,0x1FCD,0x0000
0.0955534300,11,0x1FCD,0x0000
0.0955578700,11,0x1FCD,0x0000
0.0955623200,11,0x1FCD,0x0000
0.0955667600,11,0x1FCD,0x0000
0.0955712100,11,0x1FCD,0x0000
0.0955756500,11,0x1FCD,0x0000
0.0955801000,11,0x1FCD,0x0000
0.0955845400,11,0x1FCD,0x0000
0.0955889900,11,0x1FCD,0x0000
0.0955934300,11,0x1FCD,0x0000
0.0955978700,11,0x1FCD,0x0000
0.0956023200,11,0x1FCD,0x0000
0.0956067600,11,0x1FCD,0x0000
0.0956112100,11,0x1FCD,0x0000
0.0956156500,11,0x1FCD,0x0000
0.0956201000,11,0x1FCD,0x0000
0.0956245400,11,0x1FCD,0x0000
0.0956289900,11,0x1FCD,0x0000
0.0956334300,11,0x1FCD,0x0000
0.0956378700,11,0x1FCD,0x0000
0.0956423200,11,0x1FCD,0x0000
0.0956467600,11,0x1FCD,0x0000
0.0956512100,11,0x1FCD,0x0000
0.0956556500,11,0x1FCD,0x0000
0.0956601000,11,0x1FCD,0x0000
0.0956645400,11,0x1FCD,0x0000
0.0956689900,11,0x1FCD,0x0000
0.0956734300,11,0x1FCD,0x0000
0.0956778700,11,0x1FCD,0x0000
0.0956823200,11,0x1FCD,0x0000
0.0956867600,11,0x1FCD,0x0000
0.0956912100,11,0x1FCD,0x0000
0.0956956500,11,0x1FCD,0x0000
0.0957001000,11,0x1FCD,0x0000
0.0957045400,11,0x1FCD,0x0000
0.0957089900,11,0x1FCD,0x0000
0.0957134300,11,0x1FCD,0x0000
0.0957178700,11,0x1FCD,0x0000
0.0957223200,11,0x1FCD,0x0000
0.0957267600,11,0x1FCD,0x0000
0.0957312100,11,0x1FCD,0x0000
0.0957356500,11,0x1FCD,0x0000
0.0957401000,11,0x1FCD,0x0000
0.0957445400,11,0x1FCD,0x0000
0.0957489900,11,0x1FCD,0x0000
0.0957534300,11,0x1FCD,0x0000
0.0957578700,11,0x1FCD,0x0000
0.0957623200,11,0x1FCD,0x0000
0.0957667600,11,0x1FCD,0x0000
0.0957712100,11,0x1FCD,0x0000
0.0957756500,11,0x1FCD,0x0000
0.0957801000,11,0x1FCD,0x0000
0.0957845400,11,0x1FCD,0x0000
0.0957889900,11,0x1FCD,0x0000
0.0957934300,11,0x1FCD,0x0000
0.0957978800,11,0x0000,0x0000
0.0958023200,11,0x0000,0x0000
0.0958067600,11,0x0000,0x0000
