Time [s],Packet ID,MOSI,MISO
0.0000000300,0,0x07D5,0x0000
0.0000044800,0,0x07D5,0x0000
0.0000089200,0,0x07C4,0x0000
0.0000133700,0,0x3800,0x0000
0.0000178100,0,0x3800,0x0000
0.0000222600,0,0x3800,0x0000
0.0000267000,0,0x3800,0x0000
0.0000311400,0,0x3800,0x0000
0.0000355900,0,0x3800,0x0000
0.0000400300,0,0x3800,0x0000
0.0000444800,0,0x3800,0x0000
0.0000489200,0,0x3800,0x0000
0.0000533700,0,0x3800,0x0000
0.0000578100,0,0x3800,0x0000
0.0000622600,0,0x3800,0x0000
0.0000667000,0,0x3800,0x0000
0.0000711400,0,0x3800,0x0000
0.0000755900,0,0x3800,0x0000
0.0000800300,0,0x3800,0x0000
0.0000844800,0,0x3800,0x0000
0.0000889200,0,0x3800,0x0000
0.0000933700,0,0x3800,0x0000
0.0000978100,0,0x3800,0x0000
0.0001022600,0,0x3800,0x0000
0.0001067000,0,0x3800,0x0000
0.0001111400,0,0x3800,0x0000
0.0001155900,0,0x3801,0x0000
0.0001200300,0,0x07C5,0x0000
0.0001244800,0,0x07D5,0x0000
0.0001289200,0,0x07D5,0x0000
0.0001333700,0,0x07D5,0x0000
0.0001378100,0,0x07D5,0x0000
0.0001422600,0,0x07D5,0x0000
0.0001467000,0,0x07D5,0x0000
0.0001511500,0,0x07D5,0x0000
0.0001555900,0,0x07D5,0x0000
0.0001600300,0,0x07D5,0x0000
0.0001644800,0,0x07D5,0x0000
0.0001689200,0,0x07C4,0x0000
0.0001733700,0,0x3800,0x0000
0.0001778100,0,0x3800,0x0000
0.0001822600,0,0x3800,0x0000
0.0001867000,0,0x3800,0x0000
0.0001911400,0,0x3800,0x0000
0.0001955900,0,0x3800,0x0000
0.0002000300,0,0x3800,0x0000
0.0002044800,0,0x3800,0x0000
0.0002089200,0,0x3800,0x0000
0.0002133700,0,0x3800,0x0000
0.0002178100,0,0x3800,0x0000
0.0002222600,0,0x3800,0x0000
0.0002267000,0,0x3800,0x0000
0.0002311500,0,0x3800,0x0000
0.0002355900,0,0x3800,0x0000
0.0002400300,0,0x3800,0x0000
0.0002444800,0,0x3800,0x0000
0.0002489200,0,0x3800,0x0000
0.0002533700,0,0x3800,0x0000
0.0002578100,0,0x3800,0x0000
0.0002622600,0,0x3800,0x0000
0.0002667000,0,0x3800,0x0000
0.0002711500,0,0x3800,0x0000
0.0002755900,0,0x3801,0x0000
0.0002800300,0,0x07C5,0x0000
0.0002844800,0,0x07D5,0x0000
0.0002889200,0,0x07D5,0x0000
0.0002933700,0,0x07D5,0x0000
0.0002978100,0,0x07D5,0x0000
0.0003022600,0,0x07D5,0x0000
0.0003067000,0,0x07D5,0x0000
0.0003111500,0,0x07D5,0x0000
0.0003155900,0,0x07D5,0x0000
0.0003200300,0,0x07D5,0x0000
0.0003244800,0,0x07D5,0x0000
0.0003289200,0,0x07C4,0x0000
0.0003333700,0,0x3800,0x0000
0.0003378100,0,0x3800,0x0000
0.0003422600,0,0x3800,0x0000
0.0003467000,0,0x3800,0x0000
0.0003511500,0,0x3800,0x0000
0.0003555900,0,0x3800,0x0000
0.0003600300,0,0x3800,0x0000
0.0003644800,0,0x3800,0x0000
0.0003689200,0,0x3800,0x0000
0.0003733700,0,0x3800,0x0000
0.0003778100,0,0x3800,0x0000
0.0003822600,0,0x3800,0x0000
0.0003867000,0,0x3800,0x0000
0.0003911500,0,0x3800,0x0000
0.0003955900,0,0x3800,0x0000
0.0004000300,0,0x3800,0x0000
0.0004044800,0,0x3800,0x0000
0.0004089200,0,0x3800,0x0000
0.0004133700,0,0x3800,0x0000
0.0004178100,0,0x3800,0x0000
0.0004222600,0,0x3800,0x0000
0.0004267000,0,0x3800,0x0000
0.0004311500,0,0x3800,0x0000
0.0004355900,0,0x3801,0x0000
0.0004400300,0,0x07C5,0x0000
0.0004444800,0,0x07D5,0x0000
0.0004489200,0,0x07D5,0x0000
0.0004533700,0,0x07D5,0x0000
0.0004578100,0,0x07D5,0x0000
0.0004622600,0,0x07D5,0x0000
0.0004667000,0,0x07D5,0x0000
0.0004711500,0,0x07D5,0x0000
0.0004755900,0,0x07D5,0x0000
0.0004800400,0,0x07D5,0x0000
0.0004844800,0,0x07D5,0x0000
0.0004889200,0,0x07C4,0x0000
0.0004933700,0,0x3800,0x0000
0.0004978100,0,0x3800,0x0000
0.0005022600,0,0x3800,0x0000
0.0005067000,0,0x3800,0x0000
0.0005111500,0,0x3800,0x0000
0.0005155900,0,0x3800,0x0000
0.0005200300,0,0x3800,0x0000
0.0005244800,0,0x3800,0x0000
0.0005289200,0,0x3800,0x0000
0.0005333700,0,0x3800,0x0000
0.0005378100,0,0x3800,0x0000
0.0005422600,0,0x3800,0x0000
0.0005467000,0,0x3800,0x0000
0.0005511500,0,0x3800,0x0000
0.0005555900,0,0x3800,0x0000
0.0005600400,0,0x3800,0x0000
0.0005644800,0,0x3800,0x0000
0.0005689200,0,0x3800,0x0000
0.0005733700,0,0x3800,0x0000
0.0005778100,0,0x3800,0x0000
0.0005822600,0,0x3800,0x0000
0.0005867000,0,0x3800,0x0000
0.0005911500,0,0x3800,0x0000
0.0005955900,0,0x3801,0x0000
0.0006000400,0,0x07C5,0x0000
0.0006044800,0,0x07D5,0x0000
0.0006089300,0,0x07D5,0x0000
0.0006133700,0,0x07D5,0x0000
0.0006178100,0,0x07D5,0x0000
0.0006222600,0,0x07D5,0x0000
0.0006267000,0,0x07D5,0x0000
0.0006311500,0,0x07D5,0x0000
0.0006355900,0,0x07D5,0x0000
0.0006400400,0,0x07D5,0x0000
0.0006444800,0,0x07D5,0x0000
0.0006489300,0,0x07C4,0x0000
0.0006533700,0,0x3800,0x0000
0.0006578100,0,0x3800,0x0000
0.0006622600,0,0x3800,0x0000
0.0006667000,0,0x3800,0x0000
0.0006711500,0,0x3800,0x0000
0.0006755900,0,0x3800,0x0000
0.0006800400,0,0x3800,0x0000
0.0006844800,0,0x3800,0x0000
0.0006889300,0,0x3800,0x0000
0.0006933700,0,0x3800,0x0000
0.0006978100,0,0x3800,0x0000
0.0007022600,0,0x3800,0x0000
0.0007067000,0,0x3800,0x0000
0.0007111500,0,0x3800,0x0000
0.0007155900,0,0x3800,0x0000
0.0007200400,0,0x3800,0x0000
0.0007244800,0,0x3800,0x0000
0.0007289300,0,0x3800,0x0000
0.0007333700,0,0x3800,0x0000
0.0007378100,0,0x3800,0x0000
0.0007422600,0,0x3800,0x0000
0.0007467000,0,0x3800,0x0000
0.0007511500,0,0x3800,0x0000
0.0007555900,0,0x3800,0x0000
0.0007600400,0,0xB7A2,0x0000
0.0007644800,0,0xB7C6,0x0000
0.0007689300,0,0xB7C6,0x0000
0.0007733700,0,0xB7C6,0x0000
0.0007778100,0,0xB7C6,0x0000
0.0007822600,0,0xB7C6,0x0000
0.0007867000,0,0xB7C6,0x0000
0.0007911500,0,0xB7C6,0x0000
0.0007955900,0,0xB7C6,0x0000
0.0008000400,0,0xB7C6,0x0000
0.0008044800,0,0xB7C6,0x0000
0.0008089300,0,0xB7A2,0x0000
0.0008133700,0,0x3800,0x0000
0.0008178100,0,0x3800,0x0000
0.0008222600,0,0x3800,0x0000
0.0008267000,0,0x3800,0x0000
0.0008311500,0,0x3800,0x0000
0.0008355900,0,0x3800,0x0000
0.0008400400,0,0x3800,0x0000
0.0008444800,0,0x3800,0x0000
0.0008489300,0,0x3800,0x0000
0.0008533700,0,0x3800,0x0000
0.0008578100,0,0x3800,0x0000
0.0008622600,0,0x3800,0x0000
0.0008667000,0,0x3800,0x0000
0.0008711500,0,0x3800,0x0000
0.0008755900,0,0x3800,0x0000
0.0008800400,0,0x3800,0x0000
0.0008844800,0,0x3800,0x0000
0.0008889300,0,0x3800,0x0000
0.0008933700,0,0x3800,0x0000
0.0008978100,0,0x3800,0x0000
0.0009022600,0,0x3800,0x0000
0.0009067000,0,0x3800,0x0000
0.0009111500,0,0x3800,0x0000
0.0009155900,0,0x3800,0x0000
0.0009200400,0,0x3800,0x0000
0.0009244800,0,0x3800,0x0000
0.0009289300,0,0x3800,0x0000
0.0009333700,0,0x3800,0x0000
0.0009378100,0,0x3800,0x0000
0.0009422600,0,0x3800,0x0000
0.0009467000,0,0x3800,0x0000
0.0009511500,0,0x3800,0x0000
0.0009555900,0,0x3800,0x0000
0.0009600400,0,0x3800,0x0000
0.0009644800,0,0x3800,0x0000
0.0009689300,0,0x3800,0x0000
0.0009733700,0,0x3800,0x0000
0.0009778100,0,0x3800,0x0000
0.0009822600,0,0x3800,0x0000
0.0009867000,0,0x3800,0x0000
0.0009911500,0,0x3800,0x0000
0.0009955900,0,0x3800,0x0000
0.0010000400,0,0x3800,0x0000
0.0010044800,0,0x3800,0x0000
0.0010089300,0,0x3800,0x0000
0.0010133700,0,0x3800,0x0000
0.0010178100,0,0x3800,0x0000
0.0010222600,0,0x3800,0x0000
0.0010267000,0,0x3800,0x0000
0.0010311500,0,0x3800,0x0000
0.0010355900,0,0x3800,0x0000
0.0010400400,0,0x3800,0x0000
0.0010444800,0,0x3800,0x0000
0.0010489300,0,0x3800,0x0000
0.0010533700,0,0x3800,0x0000
0.0010578100,0,0x3800,0x0000
0.0010622600,0,0x3800,0x0000
0.0010667100,0,0x3800,0x0000
0.0010711500,0,0x3800,0x0000
0.0010755900,0,0x3800,0x0000
0.0010800400,0,0x3800,0x0000
0.0010844800,0,0x3800,0x0000
0.0010889300,0,0x3800,0x0000
0.0010933700,0,0x3800,0x0000
0.0010978200,0,0x3800,0x0000
0.0011022600,0,0x3800,0x0000
0.0011067100,0,0x3800,0x0000
0.0011111500,0,0x3800,0x0000
0.0011155900,0,0x3800,0x0000
0.0011200400,0,0x3800,0x0000
0.0011244800,0,0x3800,0x0000
0.0011289300,0,0x3800,0x0000
0.0011333700,0,0x3800,0x0000
0.0011378200,0,0x3800,0x0000
0.0011422600,0,0x3800,0x0000
0.0011467000,0,0x3800,0x0000
0.0011511500,0,0x3800,0x0000
0.0011555900,0,0x3800,0x0000
0.0011600400,0,0x3800,0x0000
0.0011644800,0,0x3800,0x0000
0.0011689300,0,0x3800,0x0000
0.0011733700,0,0x3800,0x0000
0.0011778200,0,0x3800,0x0000
0.0011822600,0,0x3800,0x0000
0.0011867100,0,0x3800,0x0000
0.0011911500,0,0x3800,0x0000
0.0011955900,0,0x3800,0x0000
0.0012000400,0,0x3800,0x0000
0.0012044800,0,0x3800,0x0000
0.0012089300,0,0x3800,0x0000
0.0012133700,0,0x3800,0x0000
0.0012178200,0,0x3800,0x0000
0.0012222600,0,0x3800,0x0000
0.0012267100,0,0x3800,0x0000
0.0012311500,0,0x3800,0x0000
0.0012355900,0,0x3800,0x0000
0.0012400400,0,0x3800,0x0000
0.0012444800,0,0x3800,0x0000
0.0012489300,0,0x3800,0x0000
0.0012533700,0,0x3800,0x0000
0.0012578200,0,0x3800,0x0000
0.0012622600,0,0x3800,0x0000
0.0012667100,0,0x3800,0x0000
0.0012711500,0,0x3800,0x0000
0.0012755900,0,0x3800,0x0000
0.0012800400,0,0x3800,0x0000
0.0012844800,0,0x3800,0x0000
0.0012889300,0,0x3800,0x0000
0.0012933700,0,0x3800,0x0000
0.0012978200,0,0x3800,0x0000
0.0013022600,0,0x3800,0x0000
0.0013067100,0,0x3800,0x0000
0.0013111500,0,0x3800,0x0000
0.0013155900,0,0x3800,0x0000
0.0013200400,0,0x3800,0x0000
0.0013244800,0,0x3800,0x0000
0.0013289300,0,0x3800,0x0000
0.0013333700,0,0x3800,0x0000
0.0013378200,0,0x3800,0x0000
0.0013422600,0,0x3800,0x0000
0.0013467100,0,0x3800,0x0000
0.0013511500,0,0x3800,0x0000
0.0013556000,0,0x3800,0x0000
0.0013600400,0,0x3800,0x0000
0.0013644800,0,0x3800,0x0000
0.0013689300,0,0x3800,0x0000
0.0013733700,0,0x3800,0x0000
0.0013778200,0,0x3800,0x0000
0.0013822600,0,0x3800,0x0000
0.0013867100,0,0x3800,0x0000
0.0013911500,0,0x3800,0x0000
0.0013956000,0,0x3800,0x0000
0.0014000400,0,0x3800,0x0000
0.0014044800,0,0x3800,0x0000
0.0014089300,0,0x3800,0x0000
0.0014133700,0,0x3800,0x0000
0.0014178200,0,0x3800,0x0000
0.0014222600,0,0x3800,0x0000
0.0014267100,0,0x3800,0x0000
0.0014311500,0,0x3800,0x0000
0.0014356000,0,0x3800,0x0000
0.0014400400,0,0x3800,0x0000
0.0014444800,0,0x3800,0x0000
0.0014489300,0,0x3800,0x0000
0.0014533700,0,0x3800,0x0000
0.0014578200,0,0x3800,0x0000
0.0014622600,0,0x3800,0x0000
0.0014667100,0,0x3800,0x0000
0.0014711500,0,0x3800,0x0000
0.0014756000,0,0x3800,0x0000
0.0014800400,0,0x3800,0x0000
0.0014844800,0,0x3800,0x0000
0.0014889300,0,0x3800,0x0000
0.0014933700,0,0x3800,0x0000
0.0014978200,0,0x3800,0x0000
0.0015022600,0,0x3800,0x0000
0.0015067100,0,0x3800,0x0000
0.0015111500,0,0x3800,0x0000
0.0015156000,0,0x3800,0x0000
0.0015200400,0,0x3800,0x0000
0.0015244800,0,0x3800,0x0000
0.0015289300,0,0x3800,0x0000
0.0015333700,0,0x3800,0x0000
0.0015378200,0,0x3800,0x0000
0.0015422600,0,0x3800,0x0000
0.0015467100,0,0x3800,0x0000
0.0015511500,0,0x3800,0x0000
0.0015556000,0,0x3800,0x0000
0.0015600400,0,0x3800,0x0000
0.0015644800,0,0x3800,0x0000
0.0015689300,0,0x3800,0x0000
0.0015733700,0,0x3800,0x0000
0.0015778200,0,0x3800,0x0000
0.0015822600,0,0x3800,0x0000
0.0015867100,0,0x3800,0x0000
0.0015911500,0,0x3800,0x0000
0.0015956000,0,0x3800,0x0000
0.0016000400,0,0x3800,0x0000
0.0016044900,0,0x3800,0x0000
0.0016089300,0,0x3800,0x0000
0.0016133700,0,0x3800,0x0000
0.0016178200,0,0x3800,0x0000
0.0016222600,0,0x3800,0x0000
0.0016267100,0,0x3800,0x0000
0.0016311500,0,0x3800,0x0000
0.0016356000,0,0x3800,0x0000
0.0016400400,0,0x3800,0x0000
0.0016444900,0,0x3800,0x0000
0.0016489300,0,0x3800,0x0000
0.0016533700,0,0x3800,0x0000
0.0016578200,0,0x3800,0x0000
0.0016622600,0,0x3800,0x0000
0.0016667100,0,0x3800,0x0000
0.0016711500,0,0x3800,0x0000
0.0016756000,0,0x3800,0x0000
0.0016800400,0,0x3800,0x0000
0.0016844900,0,0x3800,0x0000
0.0016889300,0,0x3800,0x0000
0.0016933700,0,0x3800,0x0000
0.0016978200,0,0x3800,0x0000
0.0017022600,0,0x3800,0x0000
0.0017067100,0,0x3800,0x0000
0.0017111500,0,0x3800,0x0000
0.0017156000,0,0x3800,0x0000
0.0017200400,0,0x3800,0x0000
0.0017244900,0,0x3800,0x0000
0.0017289300,0,0x3800,0x0000
0.0017333700,0,0x3800,0x0000
0.0017378200,0,0x3800,0x0000
0.0017422600,0,0x3800,0x0000
0.0017467100,0,0x3800,0x0000
0.0017511500,0,0x3800,0x0000
0.0017556000,0,0x3800,0x0000
0.0017600400,0,0x3800,0x0000
0.0017644900,0,0x3800,0x0000
0.0017689300,0,0x3800,0x0000
0.0017733800,0,0x3800,0x0000
0.0017778200,0,0x3800,0x0000
0.0017822600,0,0x3800,0x0000
0.0017867100,0,0x3800,0x0000
0.0017911500,0,0x3800,0x0000
0.0017956000,0,0x3800,0x0000
0.0018000400,0,0x3800,0x0000
0.0018044900,0,0x3800,0x0000
0.0018089300,0,0x3800,0x0000
0.0018133800,0,0x3800,0x0000
0.0018178200,0,0x3800,0x0000
0.0018222600,0,0x3800,0x0000
0.0018267100,0,0x0000,0x0000
0.0018311500,0,0x0000,0x0000
0.0069461800,1,0x55AA,0x0000
0.0069506200,1,0x2DEC,0x0000
0.0069550700,1,0x01FF,0x0000
0.0069595100,1,0x1C00,0x0000
0.0069639600,1,0x1C00,0x0000
0.0069684000,1,0x1C00,0x0000
0.0069728500,1,0x1C00,0x0000
0.0069772900,1,0x1C00,0x0000
0.0069817300,1,0x1C00,0x0000
0.0069861800,1,0x1C00,0x0000
0.0069906200,1,0x1C00,0x0000
0.0069950700,1,0x1C00,0x0000
0.0069995100,1,0x1C00,0x0000
0.0070039600,1,0x1C00,0x0000
0.0070084000,1,0x1C00,0x0000
0.0070128500,1,0x1C00,0x0000
0.0070172900,1,0x1C00,0x0000
0.0070217300,1,0x1C00,0x0000
0.0070261800,1,0x1C00,0x0000
0.0070306200,1,0x1C00,0x0000
0.0070350700,1,0x1C00,0x0000
0.0070395100,1,0x1C00,0x0000
0.0070439600,1,0x1C00,0x0000
0.0070484000,1,0x1C00,0x0000
0.0070528500,1,0x1C00,0x0000
0.0070572900,1,0x1C00,0x0000
0.0070617300,1,0x1C00,0x0000
0.0070661800,1,0x1C00,0x0000
0.0070706200,1,0x1C00,0x0000
0.0070750700,1,0x1C00,0x0000
0.0070795100,1,0x1C00,0x0000
0.0070839600,1,0x1C00,0x0000
0.0070884000,1,0x1C00,0x0000
0.0070928500,1,0x1C00,0x0000
0.0070972900,1,0x1C00,0x0000
0.0071017300,1,0x1C00,0x0000
0.0071061800,1,0x1C00,0x0000
0.0071106200,1,0x1C00,0x0000
0.0071150700,1,0x1C00,0x0000
0.0071195100,1,0x1C00,0x0000
0.0071239600,1,0x1C00,0x0000
0.0071284000,1,0x1C00,0x0000
0.0071328500,1,0x1C00,0x0000
0.0071372900,1,0x1C00,0x0000
0.0071417300,1,0x1C00,0x0000
0.0071461800,1,0x1C00,0x0000
0.0071506200,1,0x1C00,0x0000
0.0071550700,1,0x1C00,0x0000
0.0071595100,1,0x1C00,0x0000
0.0071639600,1,0x1C00,0x0000
0.0071684000,1,0x1C00,0x0000
0.0071728500,1,0x1C00,0x0000
0.0071772900,1,0x1C00,0x0000
0.0071817400,1,0x1C00,0x0000
0.0071861800,1,0x1C00,0x0000
0.0071906200,1,0x1C00,0x0000
0.0071950700,1,0x1C00,0x0000
0.0071995100,1,0x1C00,0x0000
0.0072039600,1,0x1C00,0x0000
0.0072084000,1,0x1C00,0x0000
0.0072128500,1,0x1C00,0x0000
0.0072172900,1,0x1C00,0x0000
0.0072217400,1,0x1C00,0x0000
0.0072261800,1,0x1C00,0x0000
0.0072306200,1,0x1C00,0x0000
0.0072350700,1,0x1C00,0x0000
0.0072395100,1,0x1C00,0x0000
0.0072439600,1,0x1C00,0x0000
0.0072484000,1,0x1C00,0x0000
0.0072528500,1,0x1C00,0x0000
0.0072572900,1,0x1C00,0x0000
0.0072617400,1,0x1C00,0x0000
0.0072661800,1,0x1C00,0x0000
0.0072706200,1,0x1C00,0x0000
0.0072750700,1,0x1C00,0x0000
0.0072795100,1,0x1C00,0x0000
0.0072839600,1,0x1C00,0x0000
0.0072884000,1,0x1C00,0x0000
0.0072928500,1,0x1C00,0x0000
0.0072972900,1,0x1C00,0x0000
0.0073017400,1,0x1C00,0x0000
0.0073061800,1,0x1C00,0x0000
0.0073106200,1,0x1C00,0x0000
0.0073150700,1,0x1C00,0x0000
0.0073195100,1,0x1C00,0x0000
0.0073239600,1,0x1C00,0x0000
0.0073284000,1,0x1C00,0x0000
0.0073328500,1,0x1C00,0x0000
0.0073372900,1,0x1C00,0x0000
0.0073417400,1,0x1C00,0x0000
0.0073461800,1,0x1C00,0x0000
0.0073506300,1,0x1C00,0x0000
0.0073550700,1,0x1C00,0x0000
0.0073595100,1,0x1C00,0x0000
0.0073639600,1,0x1C00,0x0000
0.0073684000,1,0x1C00,0x0000
0.0073728500,1,0x1C00,0x0000
0.0073772900,1,0x1C00,0x0000
0.0073817400,1,0x1C00,0x0000
0.0073861800,1,0x1C00,0x0000
0.0073906300,1,0x1C00,0x0000
0.0073950700,1,0x1C00,0x0000
0.0073995100,1,0x1C00,0x0000
0.0074039600,1,0x1C00,0x0000
0.0074084000,1,0x1C00,0x0000
0.0074128500,1,0x1C00,0x0000
0.0074172900,1,0x1C00,0x0000
0.0074217400,1,0x1C00,0x0000
0.0074261800,1,0x1C00,0x0000
0.0074306200,1,0x1C00,0x0000
0.0074350700,1,0x1C00,0x0000
0.0074395100,1,0x1C00,0x0000
0.0074439600,1,0x1C00,0x0000
0.0074484000,1,0x1C00,0x0000
0.0074528500,1,0x1C00,0x0000
0.0074572900,1,0x1C00,0x0000
0.0074617400,1,0x1C00,0x0000
0.0074661800,1,0x1C00,0x0000
0.0074706300,1,0x1C00,0x0000
0.0074750700,1,0x1C00,0x0000
0.0074795100,1,0x1C00,0x0000
0.0074839600,1,0x1C00,0x0000
0.0074884000,1,0x1C00,0x0000
0.0074928500,1,0x1C00,0x0000
0.0074972900,1,0x1C00,0x0000
0.0075017400,1,0x1C00,0x0000
0.0075061800,1,0x1C00,0x0000
0.0075106300,1,0x1C00,0x0000
0.0075150700,1,0x1C00,0x0000
0.0075195100,1,0x1C00,0x0000
0.0075239600,1,0x1C00,0x0000
0.0075284000,1,0x1C00,0x0000
0.0075328500,1,0x1C00,0x0000
0.0075372900,1,0x1C00,0x0000
0.0075417400,1,0x1C00,0x0000
0.0075461800,1,0x1C00,0x0000
0.0075506300,1,0x1C00,0x0000
0.0075550700,1,0x1C00,0x0000
0.0075595100,1,0x1C00,0x0000
0.0075639600,1,0x1C00,0x0000
0.0075684000,1,0x1C00,0x0000
0.0075728500,1,0x1C00,0x0000
0.0075772900,1,0x1C00,0x0000
0.0075817400,1,0x1C00,0x0000
0.0075861800,1,0x1C00,0x0000
0.0075906300,1,0x1C00,0x0000
0.0075950700,1,0x1C00,0x0000
0.0075995100,1,0x1C00,0x0000
0.0076039600,1,0x1C00,0x0000
0.0076084000,1,0x1C00,0x0000
0.0076128500,1,0x1C00,0x0000
0.0076172900,1,0x1C00,0x0000
0.0076217400,1,0x1C00,0x0000
0.0076261800,1,0x1C00,0x0000
0.0076306300,1,0x1C00,0x0000
0.0076350700,1,0x1C00,0x0000
0.0076395100,1,0x1C00,0x0000
0.0076439600,1,0x1C00,0x0000
0.0076484000,1,0x1C00,0x0000
0.0076528500,1,0x1C00,0x0000
0.0076572900,1,0x1C00,0x0000
0.0076617400,1,0x1C00,0x0000
0.0076661800,1,0x1C00,0x0000
0.0076706300,1,0x1C00,0x0000
0.0076750700,1,0x1C00,0x0000
0.0076795100,1,0x1C00,0x0000
0.0076839600,1,0x1C00,0x0000
0.0076884000,1,0x1C00,0x0000
0.0076928500,1,0x1C00,0x0000
0.0076972900,1,0x1C00,0x0000
0.0077017400,1,0x1C00,0x0000
0.0077061800,1,0x1C00,0x0000
0.0077106300,1,0x1C00,0x0000
0.0077150700,1,0x1C00,0x0000
0.0077195100,1,0x1C00,0x0000
0.0077239600,1,0x1C00,0x0000
0.0077284000,1,0x1C00,0x0000
0.0077328500,1,0x1C00,0x0000
0.0077372900,1,0x1C00,0x0000
0.0077417400,1,0x1C00,0x0000
0.0077461800,1,0x1C00,0x0000
0.0077506300,1,0x1C00,0x0000
0.0077550700,1,0x1C00,0x0000
0.0077595100,1,0x1C00,0x0000
0.0077639600,1,0x1C00,0x0000
0.0077684000,1,0x1C00,0x0000
0.0077728500,1,0x1C00,0x0000
0.0077772900,1,0x1C00,0x0000
0.0077817400,1,0x1C00,0x0000
0.0077861800,1,0x1C00,0x0000
0.0077906300,1,0x1C00,0x0000
0.0077950700,1,0x1C00,0x0000
0.0077995200,1,0x1C00,0x0000
0.0078039600,1,0x1C00,0x0000
0.0078084100,1,0x1C00,0x0000
0.0078128500,1,0x1C00,0x0000
0.0078172900,1,0x1C00,0x0000
0.0078217400,1,0x1C00,0x0000
0.0078261800,1,0x1C00,0x0000
0.0078306300,1,0x1C00,0x0000
0.0078350700,1,0x1C00,0x0000
0.0078395200,1,0x1C00,0x0000
0.0078439600,1,0x1C00,0x0000
0.0078484100,1,0x1C00,0x0000
0.0078528500,1,0x1C00,0x0000
0.0078572900,1,0x1C00,0x0000
0.0078617400,1,0x1C00,0x0000
0.0078661800,1,0x1C00,0x0000
0.0078706300,1,0x1C00,0x0000
0.0078750700,1,0x1C00,0x0000
0.0078795200,1,0x1C00,0x0000
0.0078839600,1,0x1C00,0x0000
0.0078884100,1,0x1C00,0x0000
0.0078928500,1,0x1C00,0x0000
0.0078972900,1,0x1C00,0x0000
0.0079017400,1,0x1C00,0x0000
0.0079061800,1,0x1C00,0x0000
0.0079106300,1,0x1C00,0x0000
0.0079150700,1,0x1C00,0x0000
0.0079195200,1,0x1C00,0x0000
0.0079239600,1,0x1C00,0x0000
0.0079284100,1,0x1C00,0x0000
0.0079328500,1,0x1C00,0x0000
0.0079372900,1,0x1C00,0x0000
0.0079417400,1,0x1C00,0x0000
0.0079461800,1,0x1C00,0x0000
0.0079506300,1,0x1C00,0x0000
0.0079550700,1,0x1C00,0x0000
0.0079595200,1,0x1C00,0x0000
0.0079639600,1,0x1C00,0x0000
0.0079684100,1,0x1C00,0x0000
0.0079728500,1,0x5BDD,0x0000
0.0079773000,1,0x5BE8,0x0000
0.0079817400,1,0x5BE8,0x0000
0.0079861800,1,0x5BE8,0x0000
0.0079906300,1,0x5BE8,0x0000
0.0079950700,1,0x5BE8,0x0000
0.0079995200,1,0x5BE8,0x0000
0.0080039600,1,0x5BE8,0x0000
0.0080084100,1,0x5BE8,0x0000
0.0080128500,1,0x5BE8,0x0000
0.0080173000,1,0x5BE8,0x0000
0.0080217400,1,0x5BD7,0x0000
0.0080261800,1,0x1C00,0x0000
0.0080306300,1,0x1C00,0x0000
0.0080350700,1,0x1C00,0x0000
0.0080395200,1,0x1C00,0x0000
0.0080439600,1,0x1C00,0x0000
0.0080484100,1,0x1C00,0x0000
0.0080528500,1,0x1C00,0x0000
0.0080572900,1,0x1C00,0x0000
0.0080617400,1,0x1C00,0x0000
0.0080661800,1,0x1C00,0x0000
0.0080706300,1,0x1C00,0x0000
0.0080750700,1,0x1C00,0x0000
0.0080795200,1,0x1C00,0x0000
0.0080839600,1,0x1C00,0x0000
0.0080884100,1,0x1C00,0x0000
0.0080928500,1,0x1C00,0x0000
0.0080973000,1,0x1C00,0x0000
0.0081017400,1,0x1C00,0x0000
0.0081061800,1,0x1C00,0x0000
0.0081106300,1,0x1C00,0x0000
0.0081150700,1,0x1C00,0x0000
0.0081195200,1,0x1C00,0x0000
0.0081239600,1,0x1C00,0x0000
0.0081284100,1,0x1C00,0x0000
0.0081328500,1,0x83E2,0x0000
0.0081372900,1,0x83EA,0x0000
0.0081417400,1,0x83EA,0x0000
0.0081461800,1,0x83EA,0x0000
0.0081506300,1,0x83EA,0x0000
0.0081550700,1,0x83EA,0x0000
0.0081595200,1,0x83EA,0x0000
0.0081639600,1,0x83EA,0x0000
0.0081684100,1,0x83EA,0x0000
0.0081728500,1,0x83EA,0x0000
0.0081773000,1,0x83EA,0x0000
0.0081817400,1,0x83E2,0x0000
0.0081861800,1,0x1C00,0x0000
0.0081906300,1,0x1C00,0x0000
0.0081950700,1,0x1C00,0x0000
0.0081995200,1,0x1C00,0x0000
0.0082039600,1,0x1C00,0x0000
0.0082084100,1,0x1C00,0x0000
0.0082128500,1,0x1C00,0x0000
0.0082173000,1,0x1C00,0x0000
0.0082217400,1,0x1C00,0x0000
0.0082261800,1,0x1C00,0x0000
0.0082306300,1,0x1C00,0x0000
0.0082350700,1,0x1C00,0x0000
0.0082395200,1,0x1C00,0x0000
0.0082439600,1,0x1C00,0x0000
0.0082484100,1,0x1C00,0x0000
0.0082528500,1,0x1C00,0x0000
0.0082573000,1,0x1C00,0x0000
0.0082617400,1,0x1C00,0x0000
0.0082661800,1,0x1C00,0x0000
0.0082706300,1,0x1C00,0x0000
0.0082750700,1,0x1C00,0x0000
0.0082795200,1,0x1C00,0x0000
0.0082839600,1,0x1C00,0x0000
0.0082884100,1,0x1C00,0x0000
0.0082928500,1,0x83E2,0x0000
0.0082973000,1,0x83EA,0x0000
0.0083017400,1,0x83EA,0x0000
0.0083061800,1,0x83EA,0x0000
0.0083106300,1,0x83EA,0x0000
0.0083150700,1,0x83EA,0x0000
0.0083195200,1,0x83EA,0x0000
0.0083239600,1,0x83EA,0x0000
0.0083284100,1,0x83EA,0x0000
0.0083328500,1,0x83EA,0x0000
0.0083373000,1,0x83EA,0x0000
0.0083417400,1,0x83E2,0x0000
0.0083461900,1,0x1C00,0x0000
0.0083506300,1,0x1C00,0x0000
0.0083550700,1,0x1C00,0x0000
0.0083595200,1,0x1C00,0x0000
0.0083639600,1,0x1C00,0x0000
0.0083684100,1,0x1C00,0x0000
0.0083728500,1,0x1C00,0x0000
0.0083773000,1,0x1C00,0x0000
0.0083817400,1,0x1C00,0x0000
0.0083861900,1,0x1C00,0x0000
0.0083906300,1,0x1C00,0x0000
0.0083950700,1,0x1C00,0x0000
0.0083995200,1,0x1C00,0x0000
0.0084039600,1,0x1C00,0x0000
0.0084084100,1,0x1C00,0x0000
0.0084128500,1,0x1C00,0x0000
0.0084173000,1,0x1C00,0x0000
0.0084217400,1,0x1C00,0x0000
0.0084261900,1,0x1C00,0x0000
0.0084306300,1,0x1C00,0x0000
0.0084350700,1,0x1C00,0x0000
0.0084395200,1,0x1C00,0x0000
0.0084439600,1,0x1C00,0x0000
0.0084484100,1,0x1C00,0x0000
0.0084528500,1,0x83E2,0x0000
0.0084573000,1,0x83EA,0x0000
0.0084617400,1,0x83EA,0x0000
0.0084661900,1,0x83EA,0x0000
0.0084706300,1,0x83EA,0x0000
0.0084750700,1,0x83EA,0x0000
0.0084795200,1,0x83EA,0x0000
0.0084839600,1,0x83EA,0x0000
0.0084884100,1,0x83EA,0x0000
0.0084928500,1,0x83EA,0x0000
0.0084973000,1,0x83EA,0x0000
0.0085017400,1,0x83E2,0x0000
0.0085061900,1,0x1C00,0x0000
0.0085106300,1,0x1C00,0x0000
0.0085150800,1,0x1C00,0x0000
0.0085195200,1,0x1C00,0x0000
0.0085239600,1,0x1C00,0x0000
0.0085284100,1,0x1C00,0x0000
0.0085328500,1,0x1C00,0x0000
0.0085373000,1,0x1C00,0x0000
0.0085417400,1,0x1C00,0x0000
0.0085461900,1,0x1C00,0x0000
0.0085506300,1,0x1C00,0x0000
0.0085550800,1,0x1C00,0x0000
0.0085595200,1,0x1C00,0x0000
0.0085639600,1,0x1C00,0x0000
0.0085684100,1,0x1C00,0x0000
0.0085728500,1,0x1C00,0x0000
0.0085773000,1,0x1C00,0x0000
0.0085817400,1,0x1C00,0x0000
0.0085861900,1,0x1C00,0x0000
0.0085906300,1,0x1C00,0x0000
0.0085950800,1,0x1C00,0x0000
0.0085995200,1,0x1C00,0x0000
0.0086039600,1,0x1C00,0x0000
0.0086084100,1,0x1C00,0x0000
0.0086128500,1,0x83E2,0x0000
0.0086173000,1,0x83EA,0x0000
0.0086217400,1,0x83EA,0x0000
0.0086261900,1,0x83EA,0x0000
0.0086306300,1,0x83EA,0x0000
0.0086350700,1,0x83EA,0x0000
0.0086395200,1,0x83EA,0x0000
0.0086439600,1,0x83EA,0x0000
0.0086484100,1,0x83EA,0x0000
0.0086528500,1,0x83EA,0x0000
0.0086573000,1,0x83EA,0x0000
0.0086617400,1,0x83E2,0x0000
0.0086661900,1,0x1C00,0x0000
0.0086706300,1,0x1C00,0x0000
0.0086750800,1,0x1C00,0x0000
0.0086795200,1,0x1C00,0x0000
0.0086839600,1,0x1C00,0x0000
0.0086884100,1,0x1C00,0x0000
0.0086928500,1,0x1C00,0x0000
0.0086973000,1,0x1C00,0x0000
0.0087017400,1,0x1C00,0x0000
0.0087061900,1,0x1C00,0x0000
0.0087106300,1,0x1C00,0x0000
0.0087150800,1,0x1C00,0x0000
0.0087195200,1,0x1C00,0x0000
0.0087239600,1,0x1C00,0x0000
0.0087284100,1,0x1C00,0x0000
0.0087328500,1,0x1C00,0x0000
0.0087373000,1,0x1C00,0x0000
0.0087417400,1,0x1C00,0x0000
0.0087461900,1,0x1C00,0x0000
0.0087506300,1,0x1C00,0x0000
0.0087550800,1,0x1C00,0x0000
0.0087595200,1,0x1C00,0x0000
0.0087639600,1,0x1C00,0x0000
0.0087684100,1,0x1C00,0x0000
0.0087728500,1,0x83E2,0x0000
0.0087773000,1,0x83EA,0x0000
0.0087817400,1,0x83EA,0x0000
0.0087861900,1,0x83EA,0x0000
0.0087906300,1,0x83EA,0x0000
0.0087950800,1,0x83EA,0x0000
0.0087995200,1,0x83EA,0x0000
0.0088039600,1,0x83EA,0x0000
0.0088084100,1,0x83EA,0x0000
0.0088128500,1,0x83EA,0x0000
0.0088173000,1,0x83EA,0x0000
0.0088217400,1,0x83E2,0x0000
0.0088261900,1,0x1C00,0x0000
0.0088306300,1,0x1C00,0x0000
0.0088350800,1,0x1C00,0x0000
0.0088395200,1,0x1C00,0x0000
0.0088439600,1,0x1C00,0x0000
0.0088484100,1,0x1C00,0x0000
0.0088528500,1,0x1C00,0x0000
0.0088573000,1,0x1C00,0x0000
0.0088617400,1,0x1C00,0x0000
0.0088661900,1,0x1C00,0x0000
0.0088706300,1,0x1C00,0x0000
0.0088750800,1,0x1C00,0x0000
0.0088795200,1,0x1C00,0x0000
0.0088839600,1,0x1C00,0x0000
0.0088884100,1,0x1C00,0x0000
0.0088928500,1,0x1C00,0x0000
0.0088973000,1,0x1C00,0x0000
0.0089017400,1,0x1C00,0x0000
0.0089061900,1,0x1C00,0x0000
0.0089106300,1,0x1C00,0x0000
0.0089150800,1,0x1C00,0x0000
0.0089195200,1,0x1C00,0x0000
0.0089239700,1,0x1C00,0x0000
0.0089284100,1,0x1C00,0x0000
0.0089328500,1,0x83E2,0x0000
0.0089373000,1,0x83EA,0x0000
0.0089417400,1,0x83EA,0x0000
0.0089461900,1,0x83EA,0x0000
0.0089506300,1,0x83EA,0x0000
0.0089550800,1,0x83EA,0x0000
0.0089595200,1,0x83EA,0x0000
0.0089639600,1,0x83EA,0x0000
0.0089684100,1,0x83EA,0x0000
0.0089728500,1,0x83EA,0x0000
0.0089773000,1,0x83EA,0x0000
0.0089817400,1,0x83E2,0x0000
0.0089861900,1,0x1C00,0x0000
0.0089906300,1,0x1C00,0x0000
0.0089950800,1,0x1C00,0x0000
0.0089995200,1,0x1C00,0x0000
0.0090039700,1,0x1C00,0x0000
0.0090084100,1,0x1C00,0x0000
0.0090128600,1,0x1C00,0x0000
0.0090173000,1,0x1C00,0x0000
0.0090217400,1,0x1C00,0x0000
0.0090261900,1,0x1C00,0x0000
0.0090306300,1,0x1C00,0x0000
0.0090350800,1,0x1C00,0x0000
0.0090395200,1,0x1C00,0x0000
0.0090439700,1,0x1C00,0x0000
0.0090484100,1,0x1C00,0x0000
0.0090528600,1,0x1C00,0x0000
0.0090573000,1,0x1C00,0x0000
0.0090617400,1,0x1C00,0x0000
0.0090661900,1,0x1C00,0x0000
0.0090706300,1,0x1C00,0x0000
0.0090750800,1,0x1C00,0x0000
0.0090795200,1,0x1C00,0x0000
0.0090839700,1,0x1C00,0x0000
0.0090884100,1,0x1C00,0x0000
0.0090928600,1,0x5BD1,0x0000
0.0090973000,1,0x5BE3,0x0000
0.0091017500,1,0x5BE3,0x0000
0.0091061900,1,0x5BE3,0x0000
0.0091106300,1,0x5BE3,0x0000
0.0091150800,1,0x5BE3,0x0000
0.0091195200,1,0x5BE3,0x0000
0.0091239700,1,0x5BE3,0x0000
0.0091284100,1,0x5BE3,0x0000
0.0091328600,1,0x5BE3,0x0000
0.0091373000,1,0x5BE3,0x0000
0.0091417500,1,0x5BD1,0x0000
0.0091461900,1,0x1C00,0x0000
0.0091506300,1,0x1C00,0x0000
0.0091550800,1,0x1C00,0x0000
0.0091595200,1,0x1C00,0x0000
0.0091639700,1,0x1C00,0x0000
0.0091684100,1,0x1C00,0x0000
0.0091728600,1,0x1C00,0x0000
0.0091773000,1,0x1C00,0x0000
0.0091817500,1,0x1C00,0x0000
0.0091861900,1,0x1C00,0x0000
0.0091906300,1,0x1C00,0x0000
0.0091950800,1,0x1C00,0x0000
0.0091995200,1,0x1C00,0x0000
0.0092039700,1,0x1C00,0x0000
0.0092084100,1,0x1C00,0x0000
0.0092128600,1,0x1C00,0x0000
0.0092173000,1,0x1C00,0x0000
0.0092217500,1,0x1C00,0x0000
0.0092261900,1,0x1C00,0x0000
0.0092306300,1,0x1C00,0x0000
0.0092350800,1,0x1C00,0x0000
0.0092395200,1,0x1C00,0x0000
0.0092439700,1,0x1C00,0x0000
0.0092484100,1,0x1C00,0x0000
0.0092528600,1,0x1C00,0x0000
0.0092573000,1,0x1C00,0x0000
0.0092617500,1,0x1C00,0x0000
0.0092661900,1,0x1C00,0x0000
0.0092706300,1,0x1C00,0x0000
0.0092750800,1,0x1C00,0x0000
0.0092795200,1,0x1C00,0x0000
0.0092839700,1,0x1C00,0x0000
0.0092884100,1,0x1C00,0x0000
0.0092928600,1,0x1C00,0x0000
0.0092973000,1,0x1C00,0x0000
0.0093017500,1,0x1C00,0x0000
0.0093061900,1,0x1C00,0x0000
0.0093106300,1,0x1C00,0x0000
0.0093150800,1,0x1C00,0x0000
0.0093195200,1,0x1C00,0x0000
0.0093239700,1,0x1C00,0x0000
0.0093284100,1,0x1C00,0x0000
0.0093328600,1,0x1C00,0x0000
0.0093373000,1,0x1C00,0x0000
0.0093417500,1,0x1C00,0x0000
0.0093461900,1,0x1C00,0x0000
0.0093506400,1,0x1C00,0x0000
0.0093550800,1,0x1C00,0x0000
0.0093595200,1,0x1C00,0x0000
0.0093639700,1,0x1C00,0x0000
0.0093684100,1,0x1C00,0x0000
0.0093728600,1,0x1C00,0x0000
0.0093773000,1,0x1C00,0x0000
0.0093817500,1,0x1C00,0x0000
0.0093861900,1,0x1C00,0x0000
0.0093906300,1,0x1C00,0x0000
0.0093950800,1,0x1C00,0x0000
0.0093995200,1,0x1C00,0x0000
0.0094039700,1,0x1C00,0x0000
0.0094084100,1,0x1C00,0x0000
0.0094128600,1,0x1C00,0x0000
0.0094173000,1,0x1C00,0x0000
0.0094217500,1,0x1C00,0x0000
0.0094261900,1,0x1C00,0x0000
0.0094306400,1,0x1C00,0x0000
0.0094350800,1,0x1C00,0x0000
0.0094395200,1,0x1C00,0x0000
0.0094439700,1,0x1C00,0x0000
0.0094484100,1,0x1C00,0x0000
0.0094528600,1,0x1C00,0x0000
0.0094573000,1,0x1C00,0x0000
0.0094617500,1,0x1C00,0x0000
0.0094661900,1,0x1C00,0x0000
0.0094706400,1,0x1C00,0x0000
0.0094750800,1,0x1C00,0x0000
0.0094795200,1,0x1C00,0x0000
0.0094839700,1,0x1C00,0x0000
0.0094884100,1,0x1C00,0x0000
0.0094928600,1,0x1C00,0x0000
0.0094973000,1,0x1C00,0x0000
0.0095017500,1,0x1C00,0x0000
0.0095061900,1,0x1C00,0x0000
0.0095106400,1,0x1C00,0x0000
0.0095150800,1,0x1C00,0x0000
0.0095195200,1,0x1C00,0x0000
0.0095239700,1,0x1C00,0x0000
0.0095284100,1,0x1C00,0x0000
0.0095328600,1,0x1C00,0x0000
0.0095373000,1,0x1C00,0x0000
0.0095417500,1,0x1C00,0x0000
0.0095461900,1,0x1C00,0x0000
0.0095506400,1,0x1C00,0x0000
0.0095550800,1,0x1C00,0x0000
0.0095595200,1,0x1C00,0x0000
0.0095639700,1,0x1C00,0x0000
0.0095684100,1,0x1C00,0x0000
0.0095728600,1,0x1C00,0x0000
0.0095773000,1,0x1C00,0x0000
0.0095817500,1,0x1C00,0x0000
0.0095861900,1,0x1C00,0x0000
0.0095906400,1,0x1C00,0x0000
0.0095950800,1,0x1C00,0x0000
0.0095995200,1,0x1C00,0x0000
0.0096039700,1,0x1C00,0x0000
0.0096084100,1,0x1C00,0x0000
0.0096128600,1,0x1C00,0x0000
0.0096173000,1,0x1C00,0x0000
0.0096217500,1,0x1C00,0x0000
0.0096261900,1,0x1C00,0x0000
0.0096306400,1,0x1C00,0x0000
0.0096350800,1,0x1C00,0x0000
0.0096395300,1,0x1C00,0x0000
0.0096439700,1,0x1C00,0x0000
0.0096484100,1,0x1C00,0x0000
0.0096528600,1,0x1C00,0x0000
0.0096573000,1,0x1C00,0x0000
0.0096617500,1,0x1C00,0x0000
0.0096661900,1,0x1C00,0x0000
0.0096706400,1,0x1C00,0x0000
0.0096750800,1,0x1C00,0x0000
0.0096795300,1,0x1C00,0x0000
0.0096839700,1,0x1C00,0x0000
0.0096884100,1,0x1C00,0x0000
0.0096928600,1,0x1C00,0x0000
0.0096973000,1,0x1C00,0x0000
0.0097017500,1,0x1C00,0x0000
0.0097061900,1,0x1C00,0x0000
0.0097106400,1,0x1C00,0x0000
0.0097150800,1,0x1C00,0x0000
0.0097195300,1,0x1C00,0x0000
0.0097239700,1,0x1C00,0x0000
0.0097284100,1,0x1C00,0x0000
0.0097328600,1,0x1C00,0x0000
0.0097373000,1,0x1C00,0x0000
0.0097417500,1,0x1C00,0x0000
0.0097461900,1,0x1C00,0x0000
0.0097506400,1,0x1C00,0x0000
0.0097550800,1,0x1C00,0x0000
0.0097595300,1,0x1C00,0x0000
0.0097639700,1,0x1C00,0x0000
0.0097684100,1,0x1C00,0x0000
0.0097728600,1,0x1C00,0x0000
0.0097773000,1,0x1C00,0x0000
0.0097817500,1,0x1C00,0x0000
0.0097861900,1,0x1C00,0x0000
0.0097906400,1,0x1C00,0x0000
0.0097950800,1,0x1C00,0x0000
0.0097995300,1,0x1C00,0x0000
0.0098039700,1,0x1C00,0x0000
0.0098084100,1,0x1C00,0x0000
0.0098128600,1,0x1C00,0x0000
0.0098173000,1,0x1C00,0x0000
0.0098217500,1,0x1C00,0x0000
0.0098261900,1,0x1C00,0x0000
0.0098306400,1,0x1C00,0x0000
0.0098350800,1,0x1C00,0x0000
0.0098395300,1,0x1C00,0x0000
0.0098439700,1,0x1C00,0x0000
0.0098484100,1,0x1C00,0x0000
0.0098528600,1,0x1C00,0x0000
0.0098573000,1,0x1C00,0x0000
0.0098617500,1,0x1C00,0x0000
0.0098661900,1,0x1C00,0x0000
0.0098706400,1,0x1C00,0x0000
0.0098750800,1,0x1C00,0x0000
0.0098795300,1,0x1C00,0x0000
0.0098839700,1,0x1C00,0x0000
0.0098884100,1,0x1C00,0x0000
0.0098928600,1,0x1C00,0x0000
0.0098973000,1,0x1C00,0x0000
0.0099017500,1,0x1C00,0x0000
0.0099061900,1,0x1C00,0x0000
0.0099106400,1,0x1C00,0x0000
0.0099150800,1,0x1C00,0x0000
0.0099195300,1,0x1C00,0x0000
0.0099239700,1,0x1C00,0x0000
0.0099284100,1,0x1C00,0x0000
0.0099328600,1,0x1C00,0x0000
0.0099373000,1,0x1C00,0x0000
0.0099417500,1,0x1C00,0x0000
0.0099461900,1,0x1C00,0x0000
0.0099506400,1,0x1C00,0x0000
0.0099550800,1,0x1C00,0x0000
0.0099595300,1,0x1C00,0x0000
0.0099639700,1,0x1C00,0x0000
0.0099684100,1,0x1C00,0x0000
0.0099728600,1,0x1C00,0x0000
0.0099773000,1,0x1C00,0x0000
0.0099817500,1,0x1C00,0x0000
0.0099861900,1,0x1C00,0x0000
0.0099906400,1,0x1C00,0x0000
0.0099950800,1,0x1C00,0x0000
0.0099995300,1,0x1C00,0x0000
0.0100039700,1,0x1C00,0x0000
0.0100084100,1,0x1C00,0x0000
0.0100128600,1,0x1C00,0x0000
0.0100173000,1,0x1C00,0x0000
0.0100217500,1,0x1C00,0x0000
0.0100261900,1,0x1C00,0x0000
0.0100306400,1,0x1C00,0x0000
0.0100350800,1,0x1C00,0x0000
0.0100395300,1,0x1C00,0x0000
0.0100439700,1,0x1C00,0x0000
0.0100484200,1,0x1C00,0x0000
0.0100528600,1,0x1C00,0x0000
0.0100573100,1,0x1C00,0x0000
0.0100617500,1,0x1C00,0x0000
0.0100661900,1,0x1C00,0x0000
0.0100706400,1,0x1C00,0x0000
0.0100750800,1,0x1C00,0x0000
0.0100795300,1,0x1C00,0x0000
0.0100839700,1,0x1C00,0x0000
0.0100884200,1,0x1C00,0x0000
0.0100928600,1,0x1C00,0x0000
0.0100973000,1,0x1C00,0x0000
0.0101017500,1,0x1C00,0x0000
0.0101061900,1,0x1C00,0x0000
0.0101106400,1,0x1C00,0x0000
0.0101150800,1,0x1C00,0x0000
0.0101195300,1,0x1C00,0x0000
0.0101239700,1,0x1C00,0x0000
0.0101284200,1,0x1C00,0x0000
0.0101328600,1,0x1C00,0x0000
0.0101373100,1,0x1C00,0x0000
0.0101417500,1,0x1C00,0x0000
0.0101461900,1,0x1C00,0x0000
0.0101506400,1,0x1C00,0x0000
0.0101550800,1,0x1C00,0x0000
0.0101595300,1,0x0000,0x0000
0.0101639700,1,0x0000,0x0000
0.0101684200,1,0x0000,0x0000
0.0152795600,2,0x55AA,0x0000
0.0152840000,2,0x2DEC,0x0000
0.0152884400,2,0x01FF,0x0000
0.0152928900,2,0x1C00,0x0000
0.0152973300,2,0x1C00,0x0000
0.0153017800,2,0x1C00,0x0000
0.0153062200,2,0x1C00,0x0000
0.0153106600,2,0x1C00,0x0000
0.0153151100,2,0x1C00,0x0000
0.0153195500,2,0x1C00,0x0000
0.0153240000,2,0x1C00,0x0000
0.0153284400,2,0x1C00,0x0000
0.0153328900,2,0x1C00,0x0000
0.0153373300,2,0x1C00,0x0000
0.0153417800,2,0x1C00,0x0000
0.0153462200,2,0x1C00,0x0000
0.0153506600,2,0x1C00,0x0000
0.0153551100,2,0x1C00,0x0000
0.0153595500,2,0x1C00,0x0000
0.0153640000,2,0x1C00,0x0000
0.0153684400,2,0x1C00,0x0000
0.0153728900,2,0x1C00,0x0000
0.0153773300,2,0x1C00,0x0000
0.0153817800,2,0x1C00,0x0000
0.0153862200,2,0x1C00,0x0000
0.0153906600,2,0x1C00,0x0000
0.0153951100,2,0x1C00,0x0000
0.0153995500,2,0x1C00,0x0000
0.0154040000,2,0x1C00,0x0000
0.0154084400,2,0x1C00,0x0000
0.0154128900,2,0x1C00,0x0000
0.0154173300,2,0x1C00,0x0000
0.0154217800,2,0x1C00,0x0000
0.0154262200,2,0x1C00,0x0000
0.0154306600,2,0x1C00,0x0000
0.0154351100,2,0x1C00,0x0000
0.0154395500,2,0x1C00,0x0000
0.0154440000,2,0x1C00,0x0000
0.0154484400,2,0x1C00,0x0000
0.0154528900,2,0x1C00,0x0000
0.0154573300,2,0x1C00,0x0000
0.0154617800,2,0x1C00,0x0000
0.0154662200,2,0x1C00,0x0000
0.0154706600,2,0x1C00,0x0000
0.0154751100,2,0x1C00,0x0000
0.0154795500,2,0x1C00,0x0000
0.0154840000,2,0x1C00,0x0000
0.0154884400,2,0x1C00,0x0000
0.0154928900,2,0x1C00,0x0000
0.0154973300,2,0x1C00,0x0000
0.0155017800,2,0x1C00,0x0000
0.0155062200,2,0x1C00,0x0000
0.0155106600,2,0x1C00,0x0000
0.0155151100,2,0x1C00,0x0000
0.0155195500,2,0x1C00,0x0000
0.0155240000,2,0x1C00,0x0000
0.0155284400,2,0x1C00,0x0000
0.0155328900,2,0x1C00,0x0000
0.0155373300,2,0x1C00,0x0000
0.0155417800,2,0x1C00,0x0000
0.0155462200,2,0x1C00,0x0000
0.0155506600,2,0x1C00,0x0000
0.0155551100,2,0x1C00,0x0000
0.0155595500,2,0x1C00,0x0000
0.0155640000,2,0x1C00,0x0000
0.0155684400,2,0x1C00,0x0000
0.0155728900,2,0x1C00,0x0000
0.0155773300,2,0x1C00,0x0000
0.0155817800,2,0x1C00,0x0000
0.0155862200,2,0x1C00,0x0000
0.0155906600,2,0x1C00,0x0000
0.0155951100,2,0x1C00,0x0000
0.0155995500,2,0x1C00,0x0000
0.0156040000,2,0x1C00,0x0000
0.0156084400,2,0x1C00,0x0000
0.0156128900,2,0x1C00,0x0000
0.0156173300,2,0x1C00,0x0000
0.0156217800,2,0x1C00,0x0000
0.0156262200,2,0x1C00,0x0000
0.0156306700,2,0x1C00,0x0000
0.0156351100,2,0x1C00,0x0000
0.0156395600,2,0x1C00,0x0000
0.0156440000,2,0x1C00,0x0000
0.0156484400,2,0x1C00,0x0000
0.0156528900,2,0x1C00,0x0000
0.0156573300,2,0x1C00,0x0000
0.0156617800,2,0x1C00,0x0000
0.0156662200,2,0x1C00,0x0000
0.0156706700,2,0x1C00,0x0000
0.0156751100,2,0x1C00,0x0000
0.0156795500,2,0x1C00,0x0000
0.0156840000,2,0x1C00,0x0000
0.0156884400,2,0x1C00,0x0000
0.0156928900,2,0x1C00,0x0000
0.0156973300,2,0x1C00,0x0000
0.0157017800,2,0x1C00,0x0000
0.0157062200,2,0x1C00,0x0000
0.0157106600,2,0x1C00,0x0000
0.0157151100,2,0x1C00,0x0000
0.0157195500,2,0x1C00,0x0000
0.0157240000,2,0x1C00,0x0000
0.0157284400,2,0x1C00,0x0000
0.0157328900,2,0x1C00,0x0000
0.0157373300,2,0x1C00,0x0000
0.0157417800,2,0x1C00,0x0000
0.0157462200,2,0x1C00,0x0000
0.0157506700,2,0x1C00,0x0000
0.0157551100,2,0x1C00,0x0000
0.0157595600,2,0x1C00,0x0000
0.0157640000,2,0x1C00,0x0000
0.0157684400,2,0x1C00,0x0000
0.0157728900,2,0x1C00,0x0000
0.0157773300,2,0x1C00,0x0000
0.0157817800,2,0x1C00,0x0000
0.0157862200,2,0x1C00,0x0000
0.0157906700,2,0x1C00,0x0000
0.0157951100,2,0x1C00,0x0000
0.0157995600,2,0x1C00,0x0000
0.0158040000,2,0x1C00,0x0000
0.0158084400,2,0x1C00,0x0000
0.0158128900,2,0x1C00,0x0000
0.0158173300,2,0x1C00,0x0000
0.0158217800,2,0x1C00,0x0000
0.0158262200,2,0x1C00,0x0000
0.0158306700,2,0x1C00,0x0000
0.0158351100,2,0x1C00,0x0000
0.0158395600,2,0x1C00,0x0000
0.0158440000,2,0x1C00,0x0000
0.0158484400,2,0x1C00,0x0000
0.0158528900,2,0x1C00,0x0000
0.0158573300,2,0x1C00,0x0000
0.0158617800,2,0x1C00,0x0000
0.0158662200,2,0x1C00,0x0000
0.0158706700,2,0x1C00,0x0000
0.0158751100,2,0x1C00,0x0000
0.0158795600,2,0x1C00,0x0000
0.0158840000,2,0x1C00,0x0000
0.0158884400,2,0x1C00,0x0000
0.0158928900,2,0x1C00,0x0000
0.0158973300,2,0x1C00,0x0000
0.0159017800,2,0x1C00,0x0000
0.0159062200,2,0x1C00,0x0000
0.0159106700,2,0x1C00,0x0000
0.0159151100,2,0x1C00,0x0000
0.0159195600,2,0x1C00,0x0000
0.0159240000,2,0x1C00,0x0000
0.0159284500,2,0x1C00,0x0000
0.0159328900,2,0x1C00,0x0000
0.0159373300,2,0x1C00,0x0000
0.0159417800,2,0x1C00,0x0000
0.0159462200,2,0x1C00,0x0000
0.0159506700,2,0x1C00,0x0000
0.0159551100,2,0x1C00,0x0000
0.0159595600,2,0x1C00,0x0000
0.0159640000,2,0x1C00,0x0000
0.0159684500,2,0x1C00,0x0000
0.0159728900,2,0x1C00,0x0000
0.0159773300,2,0x1C00,0x0000
0.0159817800,2,0x1C00,0x0000
0.0159862200,2,0x1C00,0x0000
0.0159906700,2,0x1C00,0x0000
0.0159951100,2,0x1C00,0x0000
0.0159995600,2,0x1C00,0x0000
0.0160040000,2,0x1C00,0x0000
0.0160084500,2,0x1C00,0x0000
0.0160128900,2,0x1C00,0x0000
0.0160173300,2,0x1C00,0x0000
0.0160217800,2,0x1C00,0x0000
0.0160262200,2,0x1C00,0x0000
0.0160306700,2,0x1C00,0x0000
0.0160351100,2,0x1C00,0x0000
0.0160395600,2,0x1C00,0x0000
0.0160440000,2,0x1C00,0x0000
0.0160484500,2,0x1C00,0x0000
0.0160528900,2,0x1C00,0x0000
0.0160573300,2,0x1C00,0x0000
0.0160617800,2,0x1C00,0x0000
0.0160662200,2,0x1C00,0x0000
0.0160706700,2,0x1C00,0x0000
0.0160751100,2,0x1C00,0x0000
0.0160795600,2,0x1C00,0x0000
0.0160840000,2,0x1C00,0x0000
0.0160884500,2,0x1C00,0x0000
0.0160928900,2,0x1C00,0x0000
0.0160973300,2,0x1C00,0x0000
0.0161017800,2,0x1C00,0x0000
0.0161062200,2,0x1C00,0x0000
0.0161106700,2,0x1C00,0x0000
0.0161151100,2,0x1C00,0x0000
0.0161195600,2,0x1C00,0x0000
0.0161240000,2,0x1C00,0x0000
0.0161284500,2,0x1C00,0x0000
0.0161328900,2,0x1C00,0x0000
0.0161373400,2,0x1C00,0x0000
0.0161417800,2,0x1C00,0x0000
0.0161462200,2,0x1C00,0x0000
0.0161506700,2,0x1C00,0x0000
0.0161551100,2,0x1C00,0x0000
0.0161595600,2,0x1C00,0x0000
0.0161640000,2,0x1C00,0x0000
0.0161684500,2,0x1C00,0x0000
0.0161728900,2,0x1C00,0x0000
0.0161773400,2,0x1C00,0x0000
0.0161817800,2,0x1C00,0x0000
0.0161862200,2,0x1C00,0x0000
0.0161906700,2,0x1C00,0x0000
0.0161951100,2,0x1C00,0x0000
0.0161995600,2,0x1C00,0x0000
0.0162040000,2,0x1C00,0x0000
0.0162084500,2,0x1C00,0x0000
0.0162128900,2,0x1C00,0x0000
0.0162173400,2,0x1C00,0x0000
0.0162217800,2,0x1C00,0x0000
0.0162262200,2,0x1C00,0x0000
0.0162306700,2,0x1C00,0x0000
0.0162351100,2,0x1C00,0x0000
0.0162395600,2,0x1C00,0x0000
0.0162440000,2,0x1C00,0x0000
0.0162484500,2,0x1C00,0x0000
0.0162528900,2,0x1C00,0x0000
0.0162573400,2,0x1C00,0x0000
0.0162617800,2,0x1C00,0x0000
0.0162662200,2,0x1C00,0x0000
0.0162706700,2,0x1C00,0x0000
0.0162751100,2,0x1C00,0x0000
0.0162795600,2,0x1C00,0x0000
0.0162840000,2,0x1C00,0x0000
0.0162884500,2,0x1C00,0x0000
0.0162928900,2,0x1C00,0x0000
0.0162973400,2,0x1C00,0x0000
0.0163017800,2,0x1C00,0x0000
0.0163062200,2,0x5BDD,0x0000
0.0163106700,2,0x5BE8,0x0000
0.0163151100,2,0x5BE8,0x0000
0.0163195600,2,0x5BE8,0x0000
0.0163240000,2,0x5BE8,0x0000
0.0163284500,2,0x5BE8,0x0000
0.0163328900,2,0x5BE8,0x0000
0.0163373400,2,0x5BE8,0x0000
0.0163417800,2,0x5BE8,0x0000
0.0163462300,2,0x5BE8,0x0000
0.0163506700,2,0x5BE8,0x0000
0.0163551100,2,0x5BD7,0x0000
0.0163595600,2,0x1C00,0x0000
0.0163640000,2,0x1C00,0x0000
0.0163684500,2,0x1C00,0x0000
0.0163728900,2,0x1C00,0x0000
0.0163773400,2,0x1C00,0x0000
0.0163817800,2,0x1C00,0x0000
0.0163862300,2,0x1C00,0x0000
0.0163906700,2,0x1C00,0x0000
0.0163951100,2,0x1C00,0x0000
0.0163995600,2,0x1C00,0x0000
0.0164040000,2,0x1C00,0x0000
0.0164084500,2,0x1C00,0x0000
0.0164128900,2,0x1C00,0x0000
0.0164173400,2,0x1C00,0x0000
0.0164217800,2,0x1C00,0x0000
0.0164262300,2,0x1C00,0x0000
0.0164306700,2,0x1C00,0x0000
0.0164351100,2,0x1C00,0x0000
0.0164395600,2,0x1C00,0x0000
0.0164440000,2,0x1C00,0x0000
0.0164484500,2,0x1C00,0x0000
0.0164528900,2,0x1C00,0x0000
0.0164573400,2,0x1C00,0x0000
0.0164617800,2,0x1C00,0x0000
0.0164662200,2,0x83E2,0x0000
0.0164706700,2,0x83EA,0x0000
0.0164751100,2,0x83EA,0x0000
0.0164795600,2,0x83EA,0x0000
0.0164840000,2,0x83EA,0x0000
0.0164884500,2,0x83EA,0x0000
0.0164928900,2,0x83EA,0x0000
0.0164973400,2,0x83EA,0x0000
0.0165017800,2,0x83EA,0x0000
0.0165062300,2,0x83EA,0x0000
0.0165106700,2,0x83EA,0x0000
0.0165151100,2,0x83E2,0x0000
0.0165195600,2,0x1C00,0x0000
0.0165240000,2,0x1C00,0x0000
0.0165284500,2,0x1C00,0x0000
0.0165328900,2,0x1C00,0x0000
0.0165373400,2,0x1C00,0x0000
0.0165417800,2,0x1C00,0x0000
0.0165462300,2,0x1C00,0x0000
0.0165506700,2,0x1C00,0x0000
0.0165551100,2,0x1C00,0x0000
0.0165595600,2,0x1C00,0x0000
0.0165640000,2,0x1C00,0x0000
0.0165684500,2,0x1C00,0x0000
0.0165728900,2,0x1C00,0x0000
0.0165773400,2,0x1C00,0x0000
0.0165817800,2,0x1C00,0x0000
0.0165862300,2,0x1C00,0x0000
0.0165906700,2,0x1C00,0x0000
0.0165951100,2,0x1C00,0x0000
0.0165995600,2,0x1C00,0x0000
0.0166040000,2,0x1C00,0x0000
0.0166084500,2,0x1C00,0x0000
0.0166128900,2,0x1C00,0x0000
0.0166173400,2,0x1C00,0x0000
0.0166217800,2,0x1C00,0x0000
0.0166262300,2,0x83E2,0x0000
0.0166306700,2,0x83EA,0x0000
0.0166351100,2,0x83EA,0x0000
0.0166395600,2,0x83EA,0x0000
0.0166440000,2,0x83EA,0x0000
0.0166484500,2,0x83EA,0x0000
0.0166528900,2,0x83EA,0x0000
0.0166573400,2,0x83EA,0x0000
0.0166617800,2,0x83EA,0x0000
0.0166662300,2,0x83EA,0x0000
0.0166706700,2,0x83EA,0x0000
0.0166751100,2,0x83E2,0x0000
0.0166795600,2,0x1C00,0x0000
0.0166840000,2,0x1C00,0x0000
0.0166884500,2,0x1C00,0x0000
0.0166928900,2,0x1C00,0x0000
0.0166973400,2,0x1C00,0x0000
0.0167017800,2,0x1C00,0x0000
0.0167062300,2,0x1C00,0x0000
0.0167106700,2,0x1C00,0x0000
0.0167151100,2,0x1C00,0x0000
0.0167195600,2,0x1C00,0x0000
0.0167240000,2,0x1C00,0x0000
0.0167284500,2,0x1C00,0x0000
0.0167328900,2,0x1C00,0x0000
0.0167373400,2,0x1C00,0x0000
0.0167417800,2,0x1C00,0x0000
0.0167462300,2,0x1C00,0x0000
0.0167506700,2,0x1C00,0x0000
0.0167551100,2,0x1C00,0x0000
0.0167595600,2,0x1C00,0x0000
0.0167640100,2,0x1C00,0x0000
0.0167684500,2,0x1C00,0x0000
0.0167728900,2,0x1C00,0x0000
0.0167773400,2,0x1C00,0x0000
0.0167817800,2,0x1C00,0x0000
0.0167862300,2,0x83E2,0x0000
0.0167906700,2,0x83EA,0x0000
0.0167951100,2,0x83EA,0x0000
0.0167995600,2,0x83EA,0x0000
0.0168040000,2,0x83EA,0x0000
0.0168084500,2,0x83EA,0x0000
0.0168128900,2,0x83EA,0x0000
0.0168173400,2,0x83EA,0x0000
0.0168217800,2,0x83EA,0x0000
0.0168262300,2,0x83EA,0x0000
0.0168306700,2,0x83EA,0x0000
0.0168351100,2,0x83E2,0x0000
0.0168395600,2,0x1C00,0x0000
0.0168440100,2,0x1C00,0x0000
0.0168484500,2,0x1C00,0x0000
0.0168528900,2,0x1C00,0x0000
0.0168573400,2,0x1C00,0x0000
0.0168617800,2,0x1C00,0x0000
0.0168662300,2,0x1C00,0x0000
0.0168706700,2,0x1C00,0x0000
0.0168751200,2,0x1C00,0x0000
0.0168795600,2,0x1C00,0x0000
0.0168840100,2,0x1C00,0x0000
0.0168884500,2,0x1C00,0x0000
0.0168928900,2,0x1C00,0x0000
0.0168973400,2,0x1C00,0x0000
0.0169017800,2,0x1C00,0x0000
0.0169062300,2,0x1C00,0x0000
0.0169106700,2,0x1C00,0x0000
0.0169151200,2,0x1C00,0x0000
0.0169195600,2,0x1C00,0x0000
0.0169240100,2,0x1C00,0x0000
0.0169284500,2,0x1C00,0x0000
0.0169328900,2,0x1C00,0x0000
0.0169373400,2,0x1C00,0x0000
0.0169417800,2,0x1C00,0x0000
0.0169462300,2,0x83E2,0x0000
0.0169506700,2,0x83EA,0x0000
0.0169551200,2,0x83EA,0x0000
0.0169595600,2,0x83EA,0x0000
0.0169640100,2,0x83EA,0x0000
0.0169684500,2,0x83EA,0x0000
0.0169728900,2,0x83EA,0x0000
0.0169773400,2,0x83EA,0x0000
0.0169817800,2,0x83EA,0x0000
0.0169862300,2,0x83EA,0x0000
0.0169906700,2,0x83EA,0x0000
0.0169951200,2,0x83E2,0x0000
0.0169995600,2,0x1C00,0x0000
0.0170040100,2,0x1C00,0x0000
0.0170084500,2,0x1C00,0x0000
0.0170128900,2,0x1C00,0x0000
0.0170173400,2,0x1C00,0x0000
0.0170217800,2,0x1C00,0x0000
0.0170262300,2,0x1C00,0x0000
0.0170306700,2,0x1C00,0x0000
0.0170351200,2,0x1C00,0x0000
0.0170395600,2,0x1C00,0x0000
0.0170440100,2,0x1C00,0x0000
0.0170484500,2,0x1C00,0x0000
0.0170529000,2,0x1C00,0x0000
0.0170573400,2,0x1C00,0x0000
0.0170617800,2,0x1C00,0x0000
0.0170662300,2,0x1C00,0x0000
0.0170706700,2,0x1C00,0x0000
0.0170751200,2,0x1C00,0x0000
0.0170795600,2,0x1C00,0x0000
0.0170840100,2,0x1C00,0x0000
0.0170884500,2,0x1C00,0x0000
0.0170929000,2,0x1C00,0x0000
0.0170973400,2,0x1C00,0x0000
0.0171017800,2,0x1C00,0x0000
0.0171062300,2,0x83E2,0x0000
0.0171106700,2,0x83EA,0x0000
0.0171151200,2,0x83EA,0x0000
0.0171195600,2,0x83EA,0x0000
0.0171240100,2,0x83EA,0x0000
0.0171284500,2,0x83EA,0x0000
0.0171329000,2,0x83EA,0x0000
0.0171373400,2,0x83EA,0x0000
0.0171417800,2,0x83EA,0x0000
0.0171462300,2,0x83EA,0x0000
0.0171506700,2,0x83EA,0x0000
0.0171551200,2,0x83E2,0x0000
0.0171595600,2,0x1C00,0x0000
0.0171640100,2,0x1C00,0x0000
0.0171684500,2,0x1C00,0x0000
0.0171729000,2,0x1C00,0x0000
0.0171773400,2,0x1C00,0x0000
0.0171817800,2,0x1C00,0x0000
0.0171862300,2,0x1C00,0x0000
0.0171906700,2,0x1C00,0x0000
0.0171951200,2,0x1C00,0x0000
0.0171995600,2,0x1C00,0x0000
0.0172040100,2,0x1C00,0x0000
0.0172084500,2,0x1C00,0x0000
0.0172129000,2,0x1C00,0x0000
0.0172173400,2,0x1C00,0x0000
0.0172217800,2,0x1C00,0x0000
0.0172262300,2,0x1C00,0x0000
0.0172306700,2,0x1C00,0x0000
0.0172351200,2,0x1C00,0x0000
0.0172395600,2,0x1C00,0x0000
0.0172440100,2,0x1C00,0x0000
0.0172484500,2,0x1C00,0x0000
0.0172529000,2,0x1C00,0x0000
0.0172573400,2,0x1C00,0x0000
0.0172617800,2,0x1C00,0x0000
0.0172662300,2,0x83E2,0x0000
0.0172706700,2,0x83EA,0x0000
0.0172751200,2,0x83EA,0x0000
0.0172795600,2,0x83EA,0x0000
0.0172840100,2,0x83EA,0x0000
0.0172884500,2,0x83EA,0x0000
0.0172929000,2,0x83EA,0x0000
0.0172973400,2,0x83EA,0x0000
0.0173017800,2,0x83EA,0x0000
0.0173062300,2,0x83EA,0x0000
0.0173106700,2,0x83EA,0x0000
0.0173151200,2,0x83E2,0x0000
0.0173195600,2,0x1C00,0x0000
0.0173240100,2,0x1C00,0x0000
0.0173284500,2,0x1C00,0x0000
0.0173329000,2,0x1C00,0x0000
0.0173373400,2,0x1C00,0x0000
0.0173417900,2,0x1C00,0x0000
0.0173462300,2,0x1C00,0x0000
0.0173506700,2,0x1C00,0x0000
0.0173551200,2,0x1C00,0x0000
0.0173595600,2,0x1C00,0x0000
0.0173640100,2,0x1C00,0x0000
0.0173684500,2,0x1C00,0x0000
0.0173729000,2,0x1C00,0x0000
0.0173773400,2,0x1C00,0x0000
0.0173817900,2,0x1C00,0x0000
0.0173862300,2,0x1C00,0x0000
0.0173906700,2,0x1C00,0x0000
0.0173951200,2,0x1C00,0x0000
0.0173995600,2,0x1C00,0x0000
0.0174040100,2,0x1C00,0x0000
0.0174084500,2,0x1C00,0x0000
0.0174129000,2,0x1C00,0x0000
0.0174173400,2,0x1C00,0x0000
0.0174217900,2,0x1C00,0x0000
0.0174262300,2,0x5BD1,0x0000
0.0174306700,2,0x5BE3,0x0000
0.0174351200,2,0x5BE3,0x0000
0.0174395600,2,0x5BE3,0x0000
0.0174440100,2,0x5BE3,0x0000
0.0174484500,2,0x5BE3,0x0000
0.0174529000,2,0x5BE3,0x0000
0.0174573400,2,0x5BE3,0x0000
0.0174617900,2,0x5BE3,0x0000
0.0174662300,2,0x5BE3,0x0000
0.0174706800,2,0x5BE3,0x0000
0.0174751200,2,0x5BD1,0x0000
0.0174795600,2,0x1C00,0x0000
0.0174840100,2,0x1C00,0x0000
0.0174884500,2,0x1C00,0x0000
0.0174929000,2,0x1C00,0x0000
0.0174973400,2,0x1C00,0x0000
0.0175017900,2,0x1C00,0x0000
0.0175062300,2,0x1C00,0x0000
0.0175106800,2,0x1C00,0x0000
0.0175151200,2,0x1C00,0x0000
0.0175195600,2,0x1C00,0x0000
0.0175240100,2,0x1C00,0x0000
0.0175284500,2,0x1C00,0x0000
0.0175329000,2,0x1C00,0x0000
0.0175373400,2,0x1C00,0x0000
0.0175417900,2,0x1C00,0x0000
0.0175462300,2,0x1C00,0x0000
0.0175506800,2,0x1C00,0x0000
0.0175551200,2,0x1C00,0x0000
0.0175595600,2,0x1C00,0x0000
0.0175640100,2,0x1C00,0x0000
0.0175684500,2,0x1C00,0x0000
0.0175729000,2,0x1C00,0x0000
0.0175773400,2,0x1C00,0x0000
0.0175817900,2,0x1C00,0x0000
0.0175862300,2,0x1C00,0x0000
0.0175906800,2,0x1C00,0x0000
0.0175951200,2,0x1C00,0x0000
0.0175995600,2,0x1C00,0x0000
0.0176040100,2,0x1C00,0x0000
0.0176084500,2,0x1C00,0x0000
0.0176129000,2,0x1C00,0x0000
0.0176173400,2,0x1C00,0x0000
0.0176217900,2,0x1C00,0x0000
0.0176262300,2,0x1C00,0x0000
0.0176306800,2,0x1C00,0x0000
0.0176351200,2,0x1C00,0x0000
0.0176395600,2,0x1C00,0x0000
0.0176440100,2,0x1C00,0x0000
0.0176484500,2,0x1C00,0x0000
0.0176529000,2,0x1C00,0x0000
0.0176573400,2,0x1C00,0x0000
0.0176617900,2,0x1C00,0x0000
0.0176662300,2,0x1C00,0x0000
0.0176706800,2,0x1C00,0x0000
0.0176751200,2,0x1C00,0x0000
0.0176795600,2,0x1C00,0x0000
0.0176840100,2,0x1C00,0x0000
0.0176884500,2,0x1C00,0x0000
0.0176929000,2,0x1C00,0x0000
0.0176973400,2,0x1C00,0x0000
0.0177017900,2,0x1C00,0x0000
0.0177062300,2,0x1C00,0x0000
0.0177106800,2,0x1C00,0x0000
0.0177151200,2,0x1C00,0x0000
0.0177195600,2,0x1C00,0x0000
0.0177240100,2,0x1C00,0x0000
0.0177284500,2,0x1C00,0x0000
0.0177329000,2,0x1C00,0x0000
0.0177373400,2,0x1C00,0x0000
0.0177417900,2,0x1C00,0x0000
0.0177462300,2,0x1C00,0x0000
0.0177506800,2,0x1C00,0x0000
0.0177551200,2,0x1C00,0x0000
0.0177595600,2,0x1C00,0x0000
0.0177640100,2,0x1C00,0x0000
0.0177684500,2,0x1C00,0x0000
0.0177729000,2,0x1C00,0x0000
0.0177773400,2,0x1C00,0x0000
0.0177817900,2,0x1C00,0x0000
0.0177862300,2,0x1C00,0x0000
0.0177906800,2,0x1C00,0x0000
0.0177951200,2,0x1C00,0x0000
0.0177995600,2,0x1C00,0x0000
0.0178040100,2,0x1C00,0x0000
0.0178084500,2,0x1C00,0x0000
0.0178129000,2,0x1C00,0x0000
0.0178173400,2,0x1C00,0x0000
0.0178217900,2,0x1C00,0x0000
0.0178262300,2,0x1C00,0x0000
0.0178306800,2,0x1C00,0x0000
0.0178351200,2,0x1C00,0x0000
0.0178395600,2,0x1C00,0x0000
0.0178440100,2,0x1C00,0x0000
0.0178484500,2,0x1C00,0x0000
0.0178529000,2,0x1C00,0x0000
0.0178573400,2,0x1C00,0x0000
0.0178617900,2,0x1C00,0x0000
0.0178662300,2,0x1C00,0x0000
0.0178706800,2,0x1C00,0x0000
0.0178751200,2,0x1C00,0x0000
0.0178795600,2,0x1C00,0x0000
0.0178840100,2,0x1C00,0x0000
0.0178884500,2,0x1C00,0x0000
0.0178929000,2,0x1C00,0x0000
0.0178973400,2,0x1C00,0x0000
0.0179017900,2,0x1C00,0x0000
0.0179062300,2,0x1C00,0x0000
0.0179106800,2,0x1C00,0x0000
0.0179151200,2,0x1C00,0x0000
0.0179195700,2,0x1C00,0x0000
0.0179240100,2,0x1C00,0x0000
0.0179284600,2,0x1C00,0x0000
0.0179329000,2,0x1C00,0x0000
0.0179373400,2,0x1C00,0x0000
0.0179417900,2,0x1C00,0x0000
0.0179462300,2,0x1C00,0x0000
0.0179506800,2,0x1C00,0x0000
0.0179551200,2,0x1C00,0x0000
0.0179595700,2,0x1C00,0x0000
0.0179640100,2,0x1C00,0x0000
0.0179684600,2,0x1C00,0x0000
0.0179729000,2,0x1C00,0x0000
0.0179773400,2,0x1C00,0x0000
0.0179817900,2,0x1C00,0x0000
0.0179862300,2,0x1C00,0x0000
0.0179906800,2,0x1C00,0x0000
0.0179951200,2,0x1C00,0x0000
0.0179995700,2,0x1C00,0x0000
0.0180040100,2,0x1C00,0x0000
0.0180084600,2,0x1C00,0x0000
0.0180129000,2,0x1C00,0x0000
0.0180173400,2,0x1C00,0x0000
0.0180217900,2,0x1C00,0x0000
0.0180262300,2,0x1C00,0x0000
0.0180306800,2,0x1C00,0x0000
0.0180351200,2,0x1C00,0x0000
0.0180395700,2,0x1C00,0x0000
0.0180440100,2,0x1C00,0x0000
0.0180484600,2,0x1C00,0x0000
0.0180529000,2,0x1C00,0x0000
0.0180573400,2,0x1C00,0x0000
0.0180617900,2,0x1C00,0x0000
0.0180662300,2,0x1C00,0x0000
0.0180706800,2,0x1C00,0x0000
0.0180751200,2,0x1C00,0x0000
0.0180795700,2,0x1C00,0x0000
0.0180840100,2,0x1C00,0x0000
0.0180884600,2,0x1C00,0x0000
0.0180929000,2,0x1C00,0x0000
0.0180973400,2,0x1C00,0x0000
0.0181017900,2,0x1C00,0x0000
0.0181062300,2,0x1C00,0x0000
0.0181106800,2,0x1C00,0x0000
0.0181151200,2,0x1C00,0x0000
0.0181195700,2,0x1C00,0x0000
0.0181240100,2,0x1C00,0x0000
0.0181284600,2,0x1C00,0x0000
0.0181329000,2,0x1C00,0x0000
0.0181373500,2,0x1C00,0x0000
0.0181417900,2,0x1C00,0x0000
0.0181462300,2,0x1C00,0x0000
0.0181506800,2,0x1C00,0x0000
0.0181551200,2,0x1C00,0x0000
0.0181595700,2,0x1C00,0x0000
0.0181640100,2,0x1C00,0x0000
0.0181684600,2,0x1C00,0x0000
0.0181729000,2,0x1C00,0x0000
0.0181773500,2,0x1C00,0x0000
0.0181817900,2,0x1C00,0x0000
0.0181862300,2,0x1C00,0x0000
0.0181906800,2,0x1C00,0x0000
0.0181951200,2,0x1C00,0x0000
0.0181995700,2,0x1C00,0x0000
0.0182040100,2,0x1C00,0x0000
0.0182084600,2,0x1C00,0x0000
0.0182129000,2,0x1C00,0x0000
0.0182173500,2,0x1C00,0x0000
0.0182217900,2,0x1C00,0x0000
0.0182262300,2,0x1C00,0x0000
0.0182306800,2,0x1C00,0x0000
0.0182351200,2,0x1C00,0x0000
0.0182395700,2,0x1C00,0x0000
0.0182440100,2,0x1C00,0x0000
0.0182484600,2,0x1C00,0x0000
0.0182529000,2,0x1C00,0x0000
0.0182573500,2,0x1C00,0x0000
0.0182617900,2,0x1C00,0x0000
0.0182662300,2,0x1C00,0x0000
0.0182706800,2,0x1C00,0x0000
0.0182751200,2,0x1C00,0x0000
0.0182795700,2,0x1C00,0x0000
0.0182840100,2,0x1C00,0x0000
0.0182884600,2,0x1C00,0x0000
0.0182929000,2,0x1C00,0x0000
0.0182973500,2,0x1C00,0x0000
0.0183017900,2,0x1C00,0x0000
0.0183062300,2,0x1C00,0x0000
0.0183106800,2,0x1C00,0x0000
0.0183151200,2,0x1C00,0x0000
0.0183195700,2,0x1C00,0x0000
0.0183240100,2,0x1C00,0x0000
0.0183284600,2,0x1C00,0x0000
0.0183329000,2,0x1C00,0x0000
0.0183373500,2,0x1C00,0x0000
0.0183417900,2,0x1C00,0x0000
0.0183462300,2,0x1C00,0x0000
0.0183506800,2,0x1C00,0x0000
0.0183551200,2,0x1C00,0x0000
0.0183595700,2,0x1C00,0x0000
0.0183640100,2,0x1C00,0x0000
0.0183684600,2,0x1C00,0x0000
0.0183729000,2,0x1C00,0x0000
0.0183773500,2,0x1C00,0x0000
0.0183817900,2,0x1C00,0x0000
0.0183862400,2,0x1C00,0x0000
0.0183906800,2,0x1C00,0x0000
0.0183951200,2,0x1C00,0x0000
0.0183995700,2,0x1C00,0x0000
0.0184040100,2,0x1C00,0x0000
0.0184084600,2,0x1C00,0x0000
0.0184129000,2,0x1C00,0x0000
0.0184173500,2,0x1C00,0x0000
0.0184217900,2,0x1C00,0x0000
0.0184262400,2,0x1C00,0x0000
0.0184306800,2,0x1C00,0x0000
0.0184351200,2,0x1C00,0x0000
0.0184395700,2,0x1C00,0x0000
0.0184440100,2,0x1C00,0x0000
0.0184484600,2,0x1C00,0x0000
0.0184529000,2,0x1C00,0x0000
0.0184573500,2,0x1C00,0x0000
0.0184617900,2,0x1C00,0x0000
0.0184662400,2,0x1C00,0x0000
0.0184706800,2,0x1C00,0x0000
0.0184751200,2,0x1C00,0x0000
0.0184795700,2,0x1C00,0x0000
0.0184840100,2,0x1C00,0x0000
0.0184884600,2,0x1C00,0x0000
0.0184929000,2,0x0000,0x0000
0.0184973500,2,0x0000,0x0000
0.0185017900,2,0x0000,0x0000
0.0236129300,3,0x55AA,0x0000
0.0236173700,3,0x2DEC,0x0000
0.0236218200,3,0x01FF,0x0000
0.0236262600,3,0x1C00,0x0000
0.0236307100,3,0x1C00,0x0000
0.0236351500,3,0x1C00,0x0000
0.0236395900,3,0x1C00,0x0000
0.0236440400,3,0x1C00,0x0000
0.0236484800,3,0x1C00,0x0000
0.0236529300,3,0x1C00,0x0000
0.0236573700,3,0x1C00,0x0000
0.0236618200,3,0x1C00,0x0000
0.0236662600,3,0x1C00,0x0000
0.0236707100,3,0x1C00,0x0000
0.0236751500,3,0x1C00,0x0000
0.0236795900,3,0x1C00,0x0000
0.0236840400,3,0x1C00,0x0000
0.0236884800,3,0x1C00,0x0000
0.0236929300,3,0x1C00,0x0000
0.0236973700,3,0x1C00,0x0000
0.0237018200,3,0x1C00,0x0000
0.0237062600,3,0x1C00,0x0000
0.0237107100,3,0x1C00,0x0000
0.0237151500,3,0x1C00,0x0000
0.0237196000,3,0x1C00,0x0000
0.0237240400,3,0x1C00,0x0000
0.0237284800,3,0x1C00,0x0000
0.0237329300,3,0x1C00,0x0000
0.0237373700,3,0x1C00,0x0000
0.0237418200,3,0x1C00,0x0000
0.0237462600,3,0x1C00,0x0000
0.0237507100,3,0x1C00,0x0000
0.0237551500,3,0x1C00,0x0000
0.0237596000,3,0x1C00,0x0000
0.0237640400,3,0x1C00,0x0000
0.0237684800,3,0x1C00,0x0000
0.0237729300,3,0x1C00,0x0000
0.0237773700,3,0x1C00,0x0000
0.0237818200,3,0x1C00,0x0000
0.0237862600,3,0x1C00,0x0000
0.0237907100,3,0x1C00,0x0000
0.0237951500,3,0x1C00,0x0000
0.0237996000,3,0x1C00,0x0000
0.0238040400,3,0x1C00,0x0000
0.0238084800,3,0x1C00,0x0000
0.0238129300,3,0x1C00,0x0000
0.0238173700,3,0x1C00,0x0000
0.0238218200,3,0x1C00,0x0000
0.0238262600,3,0x1C00,0x0000
0.0238307100,3,0x1C00,0x0000
0.0238351500,3,0x1C00,0x0000
0.0238396000,3,0x1C00,0x0000
0.0238440400,3,0x1C00,0x0000
0.0238484800,3,0x1C00,0x0000
0.0238529300,3,0x1C00,0x0000
0.0238573700,3,0x1C00,0x0000
0.0238618200,3,0x1C00,0x0000
0.0238662600,3,0x1C00,0x0000
0.0238707100,3,0x1C00,0x0000
0.0238751500,3,0x1C00,0x0000
0.0238796000,3,0x1C00,0x0000
0.0238840400,3,0x1C00,0x0000
0.0238884800,3,0x1C00,0x0000
0.0238929300,3,0x1C00,0x0000
0.0238973700,3,0x1C00,0x0000
0.0239018200,3,0x1C00,0x0000
0.0239062600,3,0x1C00,0x0000
0.0239107100,3,0x1C00,0x0000
0.0239151500,3,0x1C00,0x0000
0.0239196000,3,0x1C00,0x0000
0.0239240400,3,0x1C00,0x0000
0.0239284800,3,0x1C00,0x0000
0.0239329300,3,0x1C00,0x0000
0.0239373700,3,0x1C00,0x0000
0.0239418200,3,0x1C00,0x0000
0.0239462600,3,0x1C00,0x0000
0.0239507100,3,0x1C00,0x0000
0.0239551500,3,0x1C00,0x0000
0.0239596000,3,0x1C00,0x0000
0.0239640400,3,0x1C00,0x0000
0.0239684800,3,0x1C00,0x0000
0.0239729300,3,0x1C00,0x0000
0.0239773700,3,0x1C00,0x0000
0.0239818200,3,0x1C00,0x0000
0.0239862600,3,0x1C00,0x0000
0.0239907100,3,0x1C00,0x0000
0.0239951500,3,0x1C00,0x0000
0.0239996000,3,0x1C00,0x0000
0.0240040400,3,0x1C00,0x0000
0.0240084900,3,0x1C00,0x0000
0.0240129300,3,0x1C00,0x0000
0.0240173700,3,0x1C00,0x0000
0.0240218200,3,0x1C00,0x0000
0.0240262600,3,0x1C00,0x0000
0.0240307100,3,0x1C00,0x0000
0.0240351500,3,0x1C00,0x0000
0.0240396000,3,0x1C00,0x0000
0.0240440400,3,0x1C00,0x0000
0.0240484900,3,0x1C00,0x0000
0.0240529300,3,0x1C00,0x0000
0.0240573700,3,0x1C00,0x0000
0.0240618200,3,0x1C00,0x0000
0.0240662600,3,0x1C00,0x0000
0.0240707100,3,0x1C00,0x0000
0.0240751500,3,0x1C00,0x0000
0.0240796000,3,0x1C00,0x0000
0.0240840400,3,0x1C00,0x0000
0.0240884900,3,0x1C00,0x0000
0.0240929300,3,0x1C00,0x0000
0.0240973700,3,0x1C00,0x0000
0.0241018200,3,0x1C00,0x0000
0.0241062600,3,0x1C00,0x0000
0.0241107100,3,0x1C00,0x0000
0.0241151500,3,0x1C00,0x0000
0.0241196000,3,0x1C00,0x0000
0.0241240400,3,0x1C00,0x0000
0.0241284900,3,0x1C00,0x0000
0.0241329300,3,0x1C00,0x0000
0.0241373700,3,0x1C00,0x0000
0.0241418200,3,0x1C00,0x0000
0.0241462600,3,0x1C00,0x0000
0.0241507100,3,0x1C00,0x0000
0.0241551500,3,0x1C00,0x0000
0.0241596000,3,0x1C00,0x0000
0.0241640400,3,0x1C00,0x0000
0.0241684900,3,0x1C00,0x0000
0.0241729300,3,0x1C00,0x0000
0.0241773800,3,0x1C00,0x0000
0.0241818200,3,0x1C00,0x0000
0.0241862600,3,0x1C00,0x0000
0.0241907100,3,0x1C00,0x0000
0.0241951500,3,0x1C00,0x0000
0.0241996000,3,0x1C00,0x0000
0.0242040400,3,0x1C00,0x0000
0.0242084900,3,0x1C00,0x0000
0.0242129300,3,0x1C00,0x0000
0.0242173800,3,0x1C00,0x0000
0.0242218200,3,0x1C00,0x0000
0.0242262600,3,0x1C00,0x0000
0.0242307100,3,0x1C00,0x0000
0.0242351500,3,0x1C00,0x0000
0.0242396000,3,0x1C00,0x0000
0.0242440400,3,0x1C00,0x0000
0.0242484900,3,0x1C00,0x0000
0.0242529300,3,0x1C00,0x0000
0.0242573800,3,0x1C00,0x0000
0.0242618200,3,0x1C00,0x0000
0.0242662600,3,0x1C00,0x0000
0.0242707100,3,0x1C00,0x0000
0.0242751500,3,0x1C00,0x0000
0.0242796000,3,0x1C00,0x0000
0.0242840400,3,0x1C00,0x0000
0.0242884900,3,0x1C00,0x0000
0.0242929300,3,0x1C00,0x0000
0.0242973800,3,0x1C00,0x0000
0.0243018200,3,0x1C00,0x0000
0.0243062600,3,0x1C00,0x0000
0.0243107100,3,0x1C00,0x0000
0.0243151500,3,0x1C00,0x0000
0.0243196000,3,0x1C00,0x0000
0.0243240400,3,0x1C00,0x0000
0.0243284900,3,0x1C00,0x0000
0.0243329300,3,0x1C00,0x0000
0.0243373800,3,0x1C00,0x0000
0.0243418200,3,0x1C00,0x0000
0.0243462600,3,0x1C00,0x0000
0.0243507100,3,0x1C00,0x0000
0.0243551500,3,0x1C00,0x0000
0.0243596000,3,0x1C00,0x0000
0.0243640400,3,0x1C00,0x0000
0.0243684900,3,0x1C00,0x0000
0.0243729300,3,0x1C00,0x0000
0.0243773800,3,0x1C00,0x0000
0.0243818200,3,0x1C00,0x0000
0.0243862600,3,0x1C00,0x0000
0.0243907100,3,0x1C00,0x0000
0.0243951500,3,0x1C00,0x0000
0.0243996000,3,0x1C00,0x0000
0.0244040400,3,0x1C00,0x0000
0.0244084900,3,0x1C00,0x0000
0.0244129300,3,0x1C00,0x0000
0.0244173800,3,0x1C00,0x0000
0.0244218200,3,0x1C00,0x0000
0.0244262600,3,0x1C00,0x0000
0.0244307100,3,0x1C00,0x0000
0.0244351500,3,0x1C00,0x0000
0.0244396000,3,0x1C00,0x0000
0.0244440400,3,0x1C00,0x0000
0.0244484900,3,0x1C00,0x0000
0.0244529300,3,0x1C00,0x0000
0.0244573800,3,0x1C00,0x0000
0.0244618200,3,0x1C00,0x0000
0.0244662600,3,0x1C00,0x0000
0.0244707100,3,0x1C00,0x0000
0.0244751500,3,0x1C00,0x0000
0.0244796000,3,0x1C00,0x0000
0.0244840400,3,0x1C00,0x0000
0.0244884900,3,0x1C00,0x0000
0.0244929300,3,0x1C00,0x0000
0.0244973800,3,0x1C00,0x0000
0.0245018200,3,0x1C00,0x0000
0.0245062600,3,0x1C00,0x0000
0.0245107100,3,0x1C00,0x0000
0.0245151500,3,0x1C00,0x0000
0.0245196000,3,0x1C00,0x0000
0.0245240400,3,0x1C00,0x0000
0.0245284900,3,0x1C00,0x0000
0.0245329300,3,0x1C00,0x0000
0.0245373800,3,0x1C00,0x0000
0.0245418200,3,0x1C00,0x0000
0.0245462600,3,0x1C00,0x0000
0.0245507100,3,0x1C00,0x0000
0.0245551500,3,0x1C00,0x0000
0.0245596000,3,0x1C00,0x0000
0.0245640400,3,0x1C00,0x0000
0.0245684900,3,0x1C00,0x0000
0.0245729300,3,0x1C00,0x0000
0.0245773800,3,0x1C00,0x0000
0.0245818200,3,0x1C00,0x0000
0.0245862600,3,0x1C00,0x0000
0.0245907100,3,0x1C00,0x0000
0.0245951500,3,0x1C00,0x0000
0.0245996000,3,0x1C00,0x0000
0.0246040400,3,0x1C00,0x0000
0.0246084900,3,0x1C00,0x0000
0.0246129300,3,0x1C00,0x0000
0.0246173800,3,0x1C00,0x0000
0.0246218200,3,0x1C00,0x0000
0.0246262700,3,0x1C00,0x0000
0.0246307100,3,0x1C00,0x0000
0.0246351500,3,0x1C00,0x0000
0.0246396000,3,0x5BDD,0x0000
0.0246440400,3,0x5BE8,0x0000
0.0246484900,3,0x5BE8,0x0000
0.0246529300,3,0x5BE8,0x0000
0.0246573800,3,0x5BE8,0x0000
0.0246618200,3,0x5BE8,0x0000
0.0246662700,3,0x5BE8,0x0000
0.0246707100,3,0x5BE8,0x0000
0.0246751600,3,0x5BE8,0x0000
0.0246796000,3,0x5BE8,0x0000
0.0246840400,3,0x5BE8,0x0000
0.0246884900,3,0x5BD7,0x0000
0.0246929300,3,0x1C00,0x0000
0.0246973800,3,0x1C00,0x0000
0.0247018200,3,0x1C00,0x0000
0.0247062700,3,0x1C00,0x0000
0.0247107100,3,0x1C00,0x0000
0.0247151600,3,0x1C00,0x0000
0.0247196000,3,0x1C00,0x0000
0.0247240400,3,0x1C00,0x0000
0.0247284900,3,0x1C00,0x0000
0.0247329300,3,0x1C00,0x0000
0.0247373800,3,0x1C00,0x0000
0.0247418200,3,0x1C00,0x0000
0.0247462700,3,0x1C00,0x0000
0.0247507100,3,0x1C00,0x0000
0.0247551600,3,0x1C00,0x0000
0.0247596000,3,0x1C00,0x0000
0.0247640400,3,0x1C00,0x0000
0.0247684900,3,0x1C00,0x0000
0.0247729300,3,0x1C00,0x0000
0.0247773800,3,0x1C00,0x0000
0.0247818200,3,0x1C00,0x0000
0.0247862700,3,0x1C00,0x0000
0.0247907100,3,0x1C00,0x0000
0.0247951600,3,0x1C00,0x0000
0.0247996000,3,0x83E2,0x0000
0.0248040400,3,0x83EA,0x0000
0.0248084900,3,0x83EA,0x0000
0.0248129300,3,0x83EA,0x0000
0.0248173800,3,0x83EA,0x0000
0.0248218200,3,0x83EA,0x0000
0.0248262700,3,0x83EA,0x0000
0.0248307100,3,0x83EA,0x0000
0.0248351600,3,0x83EA,0x0000
0.0248396000,3,0x83EA,0x0000
0.0248440400,3,0x83EA,0x0000
0.0248484900,3,0x83E2,0x0000
0.0248529300,3,0x1C00,0x0000
0.0248573800,3,0x1C00,0x0000
0.0248618200,3,0x1C00,0x0000
0.0248662700,3,0x1C00,0x0000
0.0248707100,3,0x1C00,0x0000
0.0248751600,3,0x1C00,0x0000
0.0248796000,3,0x1C00,0x0000
0.0248840500,3,0x1C00,0x0000
0.0248884900,3,0x1C00,0x0000
0.0248929300,3,0x1C00,0x0000
0.0248973800,3,0x1C00,0x0000
0.0249018200,3,0x1C00,0x0000
0.0249062700,3,0x1C00,0x0000
0.0249107100,3,0x1C00,0x0000
0.0249151600,3,0x1C00,0x0000
0.0249196000,3,0x1C00,0x0000
0.0249240500,3,0x1C00,0x0000
0.0249284900,3,0x1C00,0x0000
0.0249329300,3,0x1C00,0x0000
0.0249373800,3,0x1C00,0x0000
0.0249418200,3,0x1C00,0x0000
0.0249462700,3,0x1C00,0x0000
0.0249507100,3,0x1C00,0x0000
0.0249551600,3,0x1C00,0x0000
0.0249596000,3,0x83E2,0x0000
0.0249640400,3,0x83EA,0x0000
0.0249684900,3,0x83EA,0x0000
0.0249729300,3,0x83EA,0x0000
0.0249773800,3,0x83EA,0x0000
0.0249818200,3,0x83EA,0x0000
0.0249862700,3,0x83EA,0x0000
0.0249907100,3,0x83EA,0x0000
0.0249951600,3,0x83EA,0x0000
0.0249996000,3,0x83EA,0x0000
0.0250040500,3,0x83EA,0x0000
0.0250084900,3,0x83E2,0x0000
0.0250129300,3,0x1C00,0x0000
0.0250173800,3,0x1C00,0x0000
0.0250218200,3,0x1C00,0x0000
0.0250262700,3,0x1C00,0x0000
0.0250307100,3,0x1C00,0x0000
0.0250351600,3,0x1C00,0x0000
0.0250396000,3,0x1C00,0x0000
0.0250440500,3,0x1C00,0x0000
0.0250484900,3,0x1C00,0x0000
0.0250529300,3,0x1C00,0x0000
0.0250573800,3,0x1C00,0x0000
0.0250618200,3,0x1C00,0x0000
0.0250662700,3,0x1C00,0x0000
0.0250707100,3,0x1C00,0x0000
0.0250751600,3,0x1C00,0x0000
0.0250796000,3,0x1C00,0x0000
0.0250840500,3,0x1C00,0x0000
0.0250884900,3,0x1C00,0x0000
0.0250929400,3,0x1C00,0x0000
0.0250973800,3,0x1C00,0x0000
0.0251018200,3,0x1C00,0x0000
0.0251062700,3,0x1C00,0x0000
0.0251107100,3,0x1C00,0x0000
0.0251151600,3,0x1C00,0x0000
0.0251196000,3,0x83E2,0x0000
0.0251240500,3,0x83EA,0x0000
0.0251284900,3,0x83EA,0x0000
0.0251329300,3,0x83EA,0x0000
0.0251373800,3,0x83EA,0x0000
0.0251418200,3,0x83EA,0x0000
0.0251462700,3,0x83EA,0x0000
0.0251507100,3,0x83EA,0x0000
0.0251551600,3,0x83EA,0x0000
0.0251596000,3,0x83EA,0x0000
0.0251640500,3,0x83EA,0x0000
0.0251684900,3,0x83E2,0x0000
0.0251729400,3,0x1C00,0x0000
0.0251773800,3,0x1C00,0x0000
0.0251818200,3,0x1C00,0x0000
0.0251862700,3,0x1C00,0x0000
0.0251907100,3,0x1C00,0x0000
0.0251951600,3,0x1C00,0x0000
0.0251996000,3,0x1C00,0x0000
0.0252040500,3,0x1C00,0x0000
0.0252084900,3,0x1C00,0x0000
0.0252129400,3,0x1C00,0x0000
0.0252173800,3,0x1C00,0x0000
0.0252218200,3,0x1C00,0x0000
0.0252262700,3,0x1C00,0x0000
0.0252307100,3,0x1C00,0x0000
0.0252351600,3,0x1C00,0x0000
0.0252396000,3,0x1C00,0x0000
0.0252440500,3,0x1C00,0x0000
0.0252484900,3,0x1C00,0x0000
0.0252529400,3,0x1C00,0x0000
0.0252573800,3,0x1C00,0x0000
0.0252618200,3,0x1C00,0x0000
0.0252662700,3,0x1C00,0x0000
0.0252707100,3,0x1C00,0x0000
0.0252751600,3,0x1C00,0x0000
0.0252796000,3,0x83E2,0x0000
0.0252840500,3,0x83EA,0x0000
0.0252884900,3,0x83EA,0x0000
0.0252929400,3,0x83EA,0x0000
0.0252973800,3,0x83EA,0x0000
0.0253018200,3,0x83EA,0x0000
0.0253062700,3,0x83EA,0x0000
0.0253107100,3,0x83EA,0x0000
0.0253151600,3,0x83EA,0x0000
0.0253196000,3,0x83EA,0x0000
0.0253240500,3,0x83EA,0x0000
0.0253284900,3,0x83E2,0x0000
0.0253329400,3,0x1C00,0x0000
0.0253373800,3,0x1C00,0x0000
0.0253418300,3,0x1C00,0x0000
0.0253462700,3,0x1C00,0x0000
0.0253507100,3,0x1C00,0x0000
0.0253551600,3,0x1C00,0x0000
0.0253596000,3,0x1C00,0x0000
0.0253640500,3,0x1C00,0x0000
0.0253684900,3,0x1C00,0x0000
0.0253729400,3,0x1C00,0x0000
0.0253773800,3,0x1C00,0x0000
0.0253818300,3,0x1C00,0x0000
0.0253862700,3,0x1C00,0x0000
0.0253907100,3,0x1C00,0x0000
0.0253951600,3,0x1C00,0x0000
0.0253996000,3,0x1C00,0x0000
0.0254040500,3,0x1C00,0x0000
0.0254084900,3,0x1C00,0x0000
0.0254129400,3,0x1C00,0x0000
0.0254173800,3,0x1C00,0x0000
0.0254218300,3,0x1C00,0x0000
0.0254262700,3,0x1C00,0x0000
0.0254307100,3,0x1C00,0x0000
0.0254351600,3,0x1C00,0x0000
0.0254396000,3,0x83E2,0x0000
0.0254440500,3,0x83EA,0x0000
0.0254484900,3,0x83EA,0x0000
0.0254529400,3,0x83EA,0x0000
0.0254573800,3,0x83EA,0x0000
0.0254618300,3,0x83EA,0x0000
0.0254662700,3,0x83EA,0x0000
0.0254707100,3,0x83EA,0x0000
0.0254751600,3,0x83EA,0x0000
0.0254796000,3,0x83EA,0x0000
0.0254840500,3,0x83EA,0x0000
0.0254884900,3,0x83E2,0x0000
0.0254929400,3,0x1C00,0x0000
0.0254973800,3,0x1C00,0x0000
0.0255018300,3,0x1C00,0x0000
0.0255062700,3,0x1C00,0x0000
0.0255107100,3,0x1C00,0x0000
0.0255151600,3,0x1C00,0x0000
0.0255196000,3,0x1C00,0x0000
0.0255240500,3,0x1C00,0x0000
0.0255284900,3,0x1C00,0x0000
0.0255329400,3,0x1C00,0x0000
0.0255373800,3,0x1C00,0x0000
0.0255418300,3,0x1C00,0x0000
0.0255462700,3,0x1C00,0x0000
0.0255507100,3,0x1C00,0x0000
0.0255551600,3,0x1C00,0x0000
0.0255596000,3,0x1C00,0x0000
0.0255640500,3,0x1C00,0x0000
0.0255684900,3,0x1C00,0x0000
0.0255729400,3,0x1C00,0x0000
0.0255773800,3,0x1C00,0x0000
0.0255818300,3,0x1C00,0x0000
0.0255862700,3,0x1C00,0x0000
0.0255907100,3,0x1C00,0x0000
0.0255951600,3,0x1C00,0x0000
0.0255996000,3,0x83E2,0x0000
0.0256040500,3,0x83EA,0x0000
0.0256084900,3,0x83EA,0x0000
0.0256129400,3,0x83EA,0x0000
0.0256173800,3,0x83EA,0x0000
0.0256218300,3,0x83EA,0x0000
0.0256262700,3,0x83EA,0x0000
0.0256307100,3,0x83EA,0x0000
0.0256351600,3,0x83EA,0x0000
0.0256396000,3,0x83EA,0x0000
0.0256440500,3,0x83EA,0x0000
0.0256484900,3,0x83E2,0x0000
0.0256529400,3,0x1C00,0x0000
0.0256573800,3,0x1C00,0x0000
0.0256618300,3,0x1C00,0x0000
0.0256662700,3,0x1C00,0x0000
0.0256707100,3,0x1C00,0x0000
0.0256751600,3,0x1C00,0x0000
0.0256796000,3,0x1C00,0x0000
0.0256840500,3,0x1C00,0x0000
0.0256884900,3,0x1C00,0x0000
0.0256929400,3,0x1C00,0x0000
0.0256973800,3,0x1C00,0x0000
0.0257018300,3,0x1C00,0x0000
0.0257062700,3,0x1C00,0x0000
0.0257107100,3,0x1C00,0x0000
0.0257151600,3,0x1C00,0x0000
0.0257196000,3,0x1C00,0x0000
0.0257240500,3,0x1C00,0x0000
0.0257284900,3,0x1C00,0x0000
0.0257329400,3,0x1C00,0x0000
0.0257373800,3,0x1C00,0x0000
0.0257418300,3,0x1C00,0x0000
0.0257462700,3,0x1C00,0x0000
0.0257507200,3,0x1C00,0x0000
0.0257551600,3,0x1C00,0x0000
0.0257596100,3,0x5BD1,0x0000
0.0257640500,3,0x5BE3,0x0000
0.0257684900,3,0x5BE3,0x0000
0.0257729400,3,0x5BE3,0x0000
0.0257773800,3,0x5BE3,0x0000
0.0257818300,3,0x5BE3,0x0000
0.0257862700,3,0x5BE3,0x0000
0.0257907200,3,0x5BE3,0x0000
0.0257951600,3,0x5BE3,0x0000
0.0257996100,3,0x5BE3,0x0000
0.0258040500,3,0x5BE3,0x0000
0.0258084900,3,0x5BD1,0x0000
0.0258129400,3,0x1C00,0x0000
0.0258173800,3,0x1C00,0x0000
0.0258218300,3,0x1C00,0x0000
0.0258262700,3,0x1C00,0x0000
0.0258307200,3,0x1C00,0x0000
0.0258351600,3,0x1C00,0x0000
0.0258396100,3,0x1C00,0x0000
0.0258440500,3,0x1C00,0x0000
0.0258484900,3,0x1C00,0x0000
0.0258529400,3,0x1C00,0x0000
0.0258573800,3,0x1C00,0x0000
0.0258618300,3,0x1C00,0x0000
0.0258662700,3,0x1C00,0x0000
0.0258707200,3,0x1C00,0x0000
0.0258751600,3,0x1C00,0x0000
0.0258796100,3,0x1C00,0x0000
0.0258840500,3,0x1C00,0x0000
0.0258884900,3,0x1C00,0x0000
0.0258929400,3,0x1C00,0x0000
0.0258973800,3,0x1C00,0x0000
0.0259018300,3,0x1C00,0x0000
0.0259062700,3,0x1C00,0x0000
0.0259107200,3,0x1C00,0x0000
0.0259151600,3,0x1C00,0x0000
0.0259196100,3,0x1C00,0x0000
0.0259240500,3,0x1C00,0x0000
0.0259284900,3,0x1C00,0x0000
0.0259329400,3,0x1C00,0x0000
0.0259373800,3,0x1C00,0x0000
0.0259418300,3,0x1C00,0x0000
0.0259462700,3,0x1C00,0x0000
0.0259507200,3,0x1C00,0x0000
0.0259551600,3,0x1C00,0x0000
0.0259596100,3,0x1C00,0x0000
0.0259640500,3,0x1C00,0x0000
0.0259684900,3,0x1C00,0x0000
0.0259729400,3,0x1C00,0x0000
0.0259773800,3,0x1C00,0x0000
0.0259818300,3,0x1C00,0x0000
0.0259862700,3,0x1C00,0x0000
0.0259907200,3,0x1C00,0x0000
0.0259951600,3,0x1C00,0x0000
0.0259996100,3,0x1C00,0x0000
0.0260040500,3,0x1C00,0x0000
0.0260085000,3,0x1C00,0x0000
0.0260129400,3,0x1C00,0x0000
0.0260173800,3,0x1C00,0x0000
0.0260218300,3,0x1C00,0x0000
0.0260262700,3,0x1C00,0x0000
0.0260307200,3,0x1C00,0x0000
0.0260351600,3,0x1C00,0x0000
0.0260396100,3,0x1C00,0x0000
0.0260440500,3,0x1C00,0x0000
0.0260485000,3,0x1C00,0x0000
0.0260529400,3,0x1C00,0x0000
0.0260573800,3,0x1C00,0x0000
0.0260618300,3,0x1C00,0x0000
0.0260662700,3,0x1C00,0x0000
0.0260707200,3,0x1C00,0x0000
0.0260751600,3,0x1C00,0x0000
0.0260796100,3,0x1C00,0x0000
0.0260840500,3,0x1C00,0x0000
0.0260885000,3,0x1C00,0x0000
0.0260929400,3,0x1C00,0x0000
0.0260973800,3,0x1C00,0x0000
0.0261018300,3,0x1C00,0x0000
0.0261062700,3,0x1C00,0x0000
0.0261107200,3,0x1C00,0x0000
0.0261151600,3,0x1C00,0x0000
0.0261196100,3,0x1C00,0x0000
0.0261240500,3,0x1C00,0x0000
0.0261285000,3,0x1C00,0x0000
0.0261329400,3,0x1C00,0x0000
0.0261373800,3,0x1C00,0x0000
0.0261418300,3,0x1C00,0x0000
0.0261462700,3,0x1C00,0x0000
0.0261507200,3,0x1C00,0x0000
0.0261551600,3,0x1C00,0x0000
0.0261596100,3,0x1C00,0x0000
0.0261640500,3,0x1C00,0x0000
0.0261685000,3,0x1C00,0x0000
0.0261729400,3,0x1C00,0x0000
0.0261773800,3,0x1C00,0x0000
0.0261818300,3,0x1C00,0x0000
0.0261862700,3,0x1C00,0x0000
0.0261907200,3,0x1C00,0x0000
0.0261951600,3,0x1C00,0x0000
0.0261996100,3,0x1C00,0x0000
0.0262040500,3,0x1C00,0x0000
0.0262085000,3,0x1C00,0x0000
0.0262129400,3,0x1C00,0x0000
0.0262173800,3,0x1C00,0x0000
0.0262218300,3,0x1C00,0x0000
0.0262262700,3,0x1C00,0x0000
0.0262307200,3,0x1C00,0x0000
0.0262351600,3,0x1C00,0x0000
0.0262396100,3,0x1C00,0x0000
0.0262440500,3,0x1C00,0x0000
0.0262485000,3,0x1C00,0x0000
0.0262529400,3,0x1C00,0x0000
0.0262573900,3,0x1C00,0x0000
0.0262618300,3,0x1C00,0x0000
0.0262662700,3,0x1C00,0x0000
0.0262707200,3,0x1C00,0x0000
0.0262751600,3,0x1C00,0x0000
0.0262796100,3,0x1C00,0x0000
0.0262840500,3,0x1C00,0x0000
0.0262885000,3,0x1C00,0x0000
0.0262929400,3,0x1C00,0x0000
0.0262973900,3,0x1C00,0x0000
0.0263018300,3,0x1C00,0x0000
0.0263062700,3,0x1C00,0x0000
0.0263107200,3,0x1C00,0x0000
0.0263151600,3,0x1C00,0x0000
0.0263196100,3,0x1C00,0x0000
0.0263240500,3,0x1C00,0x0000
0.0263285000,3,0x1C00,0x0000
0.0263329400,3,0x1C00,0x0000
0.0263373900,3,0x1C00,0x0000
0.0263418300,3,0x1C00,0x0000
0.0263462700,3,0x1C00,0x0000
0.0263507200,3,0x1C00,0x0000
0.0263551600,3,0x1C00,0x0000
0.0263596100,3,0x1C00,0x0000
0.0263640500,3,0x1C00,0x0000
0.0263685000,3,0x1C00,0x0000
0.0263729400,3,0x1C00,0x0000
0.0263773900,3,0x1C00,0x0000
0.0263818300,3,0x1C00,0x0000
0.0263862700,3,0x1C00,0x0000
0.0263907200,3,0x1C00,0x0000
0.0263951600,3,0x1C00,0x0000
0.0263996100,3,0x1C00,0x0000
0.0264040500,3,0x1C00,0x0000
0.0264085000,3,0x1C00,0x0000
0.0264129400,3,0x1C00,0x0000
0.0264173900,3,0x1C00,0x0000
0.0264218300,3,0x1C00,0x0000
0.0264262800,3,0x1C00,0x0000
0.0264307200,3,0x1C00,0x0000
0.0264351600,3,0x1C00,0x0000
0.0264396100,3,0x1C00,0x0000
0.0264440500,3,0x1C00,0x0000
0.0264485000,3,0x1C00,0x0000
0.0264529400,3,0x1C00,0x0000
0.0264573900,3,0x1C00,0x0000
0.0264618300,3,0x1C00,0x0000
0.0264662800,3,0x1C00,0x0000
0.0264707200,3,0x1C00,0x0000
0.0264751600,3,0x1C00,0x0000
0.0264796100,3,0x1C00,0x0000
0.0264840500,3,0x1C00,0x0000
0.0264885000,3,0x1C00,0x0000
0.0264929400,3,0x1C00,0x0000
0.0264973900,3,0x1C00,0x0000
0.0265018300,3,0x1C00,0x0000
0.0265062800,3,0x1C00,0x0000
0.0265107200,3,0x1C00,0x0000
0.0265151600,3,0x1C00,0x0000
0.0265196100,3,0x1C00,0x0000
0.0265240500,3,0x1C00,0x0000
0.0265285000,3,0x1C00,0x0000
0.0265329400,3,0x1C00,0x0000
0.0265373900,3,0x1C00,0x0000
0.0265418300,3,0x1C00,0x0000
0.0265462800,3,0x1C00,0x0000
0.0265507200,3,0x1C00,0x0000
0.0265551600,3,0x1C00,0x0000
0.0265596100,3,0x1C00,0x0000
0.0265640500,3,0x1C00,0x0000
0.0265685000,3,0x1C00,0x0000
0.0265729400,3,0x1C00,0x0000
0.0265773900,3,0x1C00,0x0000
0.0265818300,3,0x1C00,0x0000
0.0265862800,3,0x1C00,0x0000
0.0265907200,3,0x1C00,0x0000
0.0265951600,3,0x1C00,0x0000
0.0265996100,3,0x1C00,0x0000
0.0266040500,3,0x1C00,0x0000
0.0266085000,3,0x1C00,0x0000
0.0266129400,3,0x1C00,0x0000
0.0266173900,3,0x1C00,0x0000
0.0266218300,3,0x1C00,0x0000
0.0266262800,3,0x1C00,0x0000
0.0266307200,3,0x1C00,0x0000
0.0266351600,3,0x1C00,0x0000
0.0266396100,3,0x1C00,0x0000
0.0266440500,3,0x1C00,0x0000
0.0266485000,3,0x1C00,0x0000
0.0266529400,3,0x1C00,0x0000
0.0266573900,3,0x1C00,0x0000
0.0266618300,3,0x1C00,0x0000
0.0266662800,3,0x1C00,0x0000
0.0266707200,3,0x1C00,0x0000
0.0266751600,3,0x1C00,0x0000
0.0266796100,3,0x1C00,0x0000
0.0266840500,3,0x1C00,0x0000
0.0266885000,3,0x1C00,0x0000
0.0266929400,3,0x1C00,0x0000
0.0266973900,3,0x1C00,0x0000
0.0267018300,3,0x1C00,0x0000
0.0267062800,3,0x1C00,0x0000
0.0267107200,3,0x1C00,0x0000
0.0267151600,3,0x1C00,0x0000
0.0267196100,3,0x1C00,0x0000
0.0267240500,3,0x1C00,0x0000
0.0267285000,3,0x1C00,0x0000
0.0267329400,3,0x1C00,0x0000
0.0267373900,3,0x1C00,0x0000
0.0267418300,3,0x1C00,0x0000
0.0267462800,3,0x1C00,0x0000
0.0267507200,3,0x1C00,0x0000
0.0267551600,3,0x1C00,0x0000
0.0267596100,3,0x1C00,0x0000
0.0267640500,3,0x1C00,0x0000
0.0267685000,3,0x1C00,0x0000
0.0267729400,3,0x1C00,0x0000
0.0267773900,3,0x1C00,0x0000
0.0267818300,3,0x1C00,0x0000
0.0267862800,3,0x1C00,0x0000
0.0267907200,3,0x1C00,0x0000
0.0267951600,3,0x1C00,0x0000
0.0267996100,3,0x1C00,0x0000
0.0268040500,3,0x1C00,0x0000
0.0268085000,3,0x1C00,0x0000
0.0268129400,3,0x1C00,0x0000
0.0268173900,3,0x1C00,0x0000
0.0268218300,3,0x1C00,0x0000
0.0268262800,3,0x0000,0x0000
0.0268307200,3,0x0000,0x0000
0.0268351600,3,0x0000,0x0000
0.0319463100,4,0x55AA,0x0000
0.0319507500,4,0x2DEC,0x0000
0.0319551900,4,0x01FF,0x0000
0.0319596400,4,0x1C00,0x0000
0.0319640800,4,0x1C00,0x0000
0.0319685200,4,0x1C00,0x0000
0.0319729700,4,0x1C00,0x0000
0.0319774100,4,0x1C00,0x0000
0.0319818600,4,0x1C00,0x0000
0.0319863000,4,0x1C00,0x0000
0.0319907500,4,0x1C00,0x0000
0.0319951900,4,0x1C00,0x0000
0.0319996400,4,0x1C00,0x0000
0.0320040800,4,0x1C00,0x0000
0.0320085200,4,0x1C00,0x0000
0.0320129700,4,0x1C00,0x0000
0.0320174100,4,0x1C00,0x0000
0.0320218600,4,0x1C00,0x0000
0.0320263000,4,0x1C00,0x0000
0.0320307500,4,0x1C00,0x0000
0.0320351900,4,0x1C00,0x0000
0.0320396400,4,0x1C00,0x0000
0.0320440800,4,0x1C00,0x0000
0.0320485300,4,0x1C00,0x0000
0.0320529700,4,0x1C00,0x0000
0.0320574100,4,0x1C00,0x0000
0.0320618600,4,0x1C00,0x0000
0.0320663000,4,0x1C00,0x0000
0.0320707500,4,0x1C00,0x0000
0.0320751900,4,0x1C00,0x0000
0.0320796400,4,0x1C00,0x0000
0.0320840800,4,0x1C00,0x0000
0.0320885300,4,0x1C00,0x0000
0.0320929700,4,0x1C00,0x0000
0.0320974100,4,0x1C00,0x0000
0.0321018600,4,0x1C00,0x0000
0.0321063000,4,0x1C00,0x0000
0.0321107500,4,0x1C00,0x0000
0.0321151900,4,0x1C00,0x0000
0.0321196400,4,0x1C00,0x0000
0.0321240800,4,0x1C00,0x0000
0.0321285300,4,0x1C00,0x0000
0.0321329700,4,0x1C00,0x0000
0.0321374100,4,0x1C00,0x0000
0.0321418600,4,0x1C00,0x0000
0.0321463000,4,0x1C00,0x0000
0.0321507500,4,0x1C00,0x0000
0.0321551900,4,0x1C00,0x0000
0.0321596400,4,0x1C00,0x0000
0.0321640800,4,0x1C00,0x0000
0.0321685300,4,0x1C00,0x0000
0.0321729700,4,0x1C00,0x0000
0.0321774100,4,0x1C00,0x0000
0.0321818600,4,0x1C00,0x0000
0.0321863000,4,0x1C00,0x0000
0.0321907500,4,0x1C00,0x0000
0.0321951900,4,0x1C00,0x0000
0.0321996400,4,0x1C00,0x0000
0.0322040800,4,0x1C00,0x0000
0.0322085300,4,0x1C00,0x0000
0.0322129700,4,0x1C00,0x0000
0.0322174100,4,0x1C00,0x0000
0.0322218600,4,0x1C00,0x0000
0.0322263000,4,0x1C00,0x0000
0.0322307500,4,0x1C00,0x0000
0.0322351900,4,0x1C00,0x0000
0.0322396400,4,0x1C00,0x0000
0.0322440800,4,0x1C00,0x0000
0.0322485300,4,0x1C00,0x0000
0.0322529700,4,0x1C00,0x0000
0.0322574100,4,0x1C00,0x0000
0.0322618600,4,0x1C00,0x0000
0.0322663000,4,0x1C00,0x0000
0.0322707500,4,0x1C00,0x0000
0.0322751900,4,0x1C00,0x0000
0.0322796400,4,0x1C00,0x0000
0.0322840800,4,0x1C00,0x0000
0.0322885300,4,0x1C00,0x0000
0.0322929700,4,0x1C00,0x0000
0.0322974100,4,0x1C00,0x0000
0.0323018600,4,0x1C00,0x0000
0.0323063000,4,0x1C00,0x0000
0.0323107500,4,0x1C00,0x0000
0.0323151900,4,0x1C00,0x0000
0.0323196400,4,0x1C00,0x0000
0.0323240800,4,0x1C00,0x0000
0.0323285300,4,0x1C00,0x0000
0.0323329700,4,0x1C00,0x0000
0.0323374100,4,0x1C00,0x0000
0.0323418600,4,0x1C00,0x0000
0.0323463000,4,0x1C00,0x0000
0.0323507500,4,0x1C00,0x0000
0.0323551900,4,0x1C00,0x0000
0.0323596400,4,0x1C00,0x0000
0.0323640800,4,0x1C00,0x0000
0.0323685300,4,0x1C00,0x0000
0.0323729700,4,0x1C00,0x0000
0.0323774100,4,0x1C00,0x0000
0.0323818600,4,0x1C00,0x0000
0.0323863000,4,0x1C00,0x0000
0.0323907500,4,0x1C00,0x0000
0.0323951900,4,0x1C00,0x0000
0.0323996400,4,0x1C00,0x0000
0.0324040800,4,0x1C00,0x0000
0.0324085300,4,0x1C00,0x0000
0.0324129700,4,0x1C00,0x0000
0.0324174100,4,0x1C00,0x0000
0.0324218600,4,0x1C00,0x0000
0.0324263000,4,0x1C00,0x0000
0.0324307500,4,0x1C00,0x0000
0.0324351900,4,0x1C00,0x0000
0.0324396400,4,0x1C00,0x0000
0.0324440800,4,0x1C00,0x0000
0.0324485300,4,0x1C00,0x0000
0.0324529700,4,0x1C00,0x0000
0.0324574100,4,0x1C00,0x0000
0.0324618600,4,0x1C00,0x0000
0.0324663000,4,0x1C00,0x0000
0.0324707500,4,0x1C00,0x0000
0.0324751900,4,0x1C00,0x0000
0.0324796400,4,0x1C00,0x0000
0.0324840800,4,0x1C00,0x0000
0.0324885300,4,0x1C00,0x0000
0.0324929700,4,0x1C00,0x0000
0.0324974200,4,0x1C00,0x0000
0.0325018600,4,0x1C00,0x0000
0.0325063100,4,0x1C00,0x0000
0.0325107500,4,0x1C00,0x0000
0.0325151900,4,0x1C00,0x0000
0.0325196400,4,0x1C00,0x0000
0.0325240800,4,0x1C00,0x0000
0.0325285300,4,0x1C00,0x0000
0.0325329700,4,0x1C00,0x0000
0.0325374200,4,0x1C00,0x0000
0.0325418600,4,0x1C00,0x0000
0.0325463100,4,0x1C00,0x0000
0.0325507500,4,0x1C00,0x0000
0.0325551900,4,0x1C00,0x0000
0.0325596400,4,0x1C00,0x0000
0.0325640800,4,0x1C00,0x0000
0.0325685300,4,0x1C00,0x0000
0.0325729700,4,0x1C00,0x0000
0.0325774200,4,0x1C00,0x0000
0.0325818600,4,0x1C00,0x0000
0.0325863100,4,0x1C00,0x0000
0.0325907500,4,0x1C00,0x0000
0.0325951900,4,0x1C00,0x0000
0.0325996400,4,0x1C00,0x0000
0.0326040800,4,0x1C00,0x0000
0.0326085300,4,0x1C00,0x0000
0.0326129700,4,0x1C00,0x0000
0.0326174200,4,0x1C00,0x0000
0.0326218600,4,0x1C00,0x0000
0.0326263100,4,0x1C00,0x0000
0.0326307500,4,0x1C00,0x0000
0.0326351900,4,0x1C00,0x0000
0.0326396400,4,0x1C00,0x0000
0.0326440800,4,0x1C00,0x0000
0.0326485300,4,0x1C00,0x0000
0.0326529700,4,0x1C00,0x0000
0.0326574200,4,0x1C00,0x0000
0.0326618600,4,0x1C00,0x0000
0.0326663100,4,0x1C00,0x0000
0.0326707500,4,0x1C00,0x0000
0.0326751900,4,0x1C00,0x0000
0.0326796400,4,0x1C00,0x0000
0.0326840800,4,0x1C00,0x0000
0.0326885300,4,0x1C00,0x0000
0.0326929700,4,0x1C00,0x0000
0.0326974200,4,0x1C00,0x0000
0.0327018600,4,0x1C00,0x0000
0.0327063100,4,0x1C00,0x0000
0.0327107500,4,0x1C00,0x0000
0.0327152000,4,0x1C00,0x0000
0.0327196400,4,0x1C00,0x0000
0.0327240800,4,0x1C00,0x0000
0.0327285300,4,0x1C00,0x0000
0.0327329700,4,0x1C00,0x0000
0.0327374200,4,0x1C00,0x0000
0.0327418600,4,0x1C00,0x0000
0.0327463100,4,0x1C00,0x0000
0.0327507500,4,0x1C00,0x0000
0.0327552000,4,0x1C00,0x0000
0.0327596400,4,0x1C00,0x0000
0.0327640800,4,0x1C00,0x0000
0.0327685300,4,0x1C00,0x0000
0.0327729700,4,0x1C00,0x0000
0.0327774200,4,0x1C00,0x0000
0.0327818600,4,0x1C00,0x0000
0.0327863100,4,0x1C00,0x0000
0.0327907500,4,0x1C00,0x0000
0.0327952000,4,0x1C00,0x0000
0.0327996400,4,0x1C00,0x0000
0.0328040800,4,0x1C00,0x0000
0.0328085300,4,0x1C00,0x0000
0.0328129700,4,0x1C00,0x0000
0.0328174200,4,0x1C00,0x0000
0.0328218600,4,0x1C00,0x0000
0.0328263100,4,0x1C00,0x0000
0.0328307500,4,0x1C00,0x0000
0.0328352000,4,0x1C00,0x0000
0.0328396400,4,0x1C00,0x0000
0.0328440800,4,0x1C00,0x0000
0.0328485300,4,0x1C00,0x0000
0.0328529700,4,0x1C00,0x0000
0.0328574200,4,0x1C00,0x0000
0.0328618600,4,0x1C00,0x0000
0.0328663100,4,0x1C00,0x0000
0.0328707500,4,0x1C00,0x0000
0.0328752000,4,0x1C00,0x0000
0.0328796400,4,0x1C00,0x0000
0.0328840800,4,0x1C00,0x0000
0.0328885300,4,0x1C00,0x0000
0.0328929700,4,0x1C00,0x0000
0.0328974200,4,0x1C00,0x0000
0.0329018600,4,0x1C00,0x0000
0.0329063100,4,0x1C00,0x0000
0.0329107500,4,0x1C00,0x0000
0.0329152000,4,0x1C00,0x0000
0.0329196400,4,0x1C00,0x0000
0.0329240800,4,0x1C00,0x0000
0.0329285300,4,0x1C00,0x0000
0.0329329700,4,0x1C00,0x0000
0.0329374200,4,0x1C00,0x0000
0.0329418600,4,0x1C00,0x0000
0.0329463100,4,0x1C00,0x0000
0.0329507500,4,0x1C00,0x0000
0.0329552000,4,0x1C00,0x0000
0.0329596400,4,0x1C00,0x0000
0.0329640800,4,0x1C00,0x0000
0.0329685300,4,0x1C00,0x0000
0.0329729700,4,0x5BDD,0x0000
0.0329774200,4,0x5BE8,0x0000
0.0329818600,4,0x5BE8,0x0000
0.0329863100,4,0x5BE8,0x0000
0.0329907500,4,0x5BE8,0x0000
0.0329952000,4,0x5BE8,0x0000
0.0329996400,4,0x5BE8,0x0000
0.0330040900,4,0x5BE8,0x0000
0.0330085300,4,0x5BE8,0x0000
0.0330129700,4,0x5BE8,0x0000
0.0330174200,4,0x5BE8,0x0000
0.0330218600,4,0x5BD7,0x0000
0.0330263100,4,0x1C00,0x0000
0.0330307500,4,0x1C00,0x0000
0.0330352000,4,0x1C00,0x0000
0.0330396400,4,0x1C00,0x0000
0.0330440900,4,0x1C00,0x0000
0.0330485300,4,0x1C00,0x0000
0.0330529700,4,0x1C00,0x0000
0.0330574200,4,0x1C00,0x0000
0.0330618600,4,0x1C00,0x0000
0.0330663100,4,0x1C00,0x0000
0.0330707500,4,0x1C00,0x0000
0.0330752000,4,0x1C00,0x0000
0.0330796400,4,0x1C00,0x0000
0.0330840900,4,0x1C00,0x0000
0.0330885300,4,0x1C00,0x0000
0.0330929700,4,0x1C00,0x0000
0.0330974200,4,0x1C00,0x0000
0.0331018600,4,0x1C00,0x0000
0.0331063100,4,0x1C00,0x0000
0.0331107500,4,0x1C00,0x0000
0.0331152000,4,0x1C00,0x0000
0.0331196400,4,0x1C00,0x0000
0.0331240900,4,0x1C00,0x0000
0.0331285300,4,0x1C00,0x0000
0.0331329700,4,0x83E2,0x0000
0.0331374200,4,0x83EA,0x0000
0.0331418600,4,0x83EA,0x0000
0.0331463100,4,0x83EA,0x0000
0.0331507500,4,0x83EA,0x0000
0.0331552000,4,0x83EA,0x0000
0.0331596400,4,0x83EA,0x0000
0.0331640900,4,0x83EA,0x0000
0.0331685300,4,0x83EA,0x0000
0.0331729700,4,0x83EA,0x0000
0.0331774200,4,0x83EA,0x0000
0.0331818600,4,0x83E2,0x0000
0.0331863100,4,0x1C00,0x0000
0.0331907500,4,0x1C00,0x0000
0.0331952000,4,0x1C00,0x0000
0.0331996400,4,0x1C00,0x0000
0.0332040900,4,0x1C00,0x0000
0.0332085300,4,0x1C00,0x0000
0.0332129800,4,0x1C00,0x0000
0.0332174200,4,0x1C00,0x0000
0.0332218600,4,0x1C00,0x0000
0.0332263100,4,0x1C00,0x0000
0.0332307500,4,0x1C00,0x0000
0.0332352000,4,0x1C00,0x0000
0.0332396400,4,0x1C00,0x0000
0.0332440900,4,0x1C00,0x0000
0.0332485300,4,0x1C00,0x0000
0.0332529800,4,0x1C00,0x0000
0.0332574200,4,0x1C00,0x0000
0.0332618600,4,0x1C00,0x0000
0.0332663100,4,0x1C00,0x0000
0.0332707500,4,0x1C00,0x0000
0.0332752000,4,0x1C00,0x0000
0.0332796400,4,0x1C00,0x0000
0.0332840900,4,0x1C00,0x0000
0.0332885300,4,0x1C00,0x0000
0.0332929700,4,0x83E2,0x0000
0.0332974200,4,0x83EA,0x0000
0.0333018600,4,0x83EA,0x0000
0.0333063100,4,0x83EA,0x0000
0.0333107500,4,0x83EA,0x0000
0.0333152000,4,0x83EA,0x0000
0.0333196400,4,0x83EA,0x0000
0.0333240900,4,0x83EA,0x0000
0.0333285300,4,0x83EA,0x0000
0.0333329800,4,0x83EA,0x0000
0.0333374200,4,0x83EA,0x0000
0.0333418600,4,0x83E2,0x0000
0.0333463100,4,0x1C00,0x0000
0.0333507500,4,0x1C00,0x0000
0.0333552000,4,0x1C00,0x0000
0.0333596400,4,0x1C00,0x0000
0.0333640900,4,0x1C00,0x0000
0.0333685300,4,0x1C00,0x0000
0.0333729800,4,0x1C00,0x0000
0.0333774200,4,0x1C00,0x0000
0.0333818600,4,0x1C00,0x0000
0.0333863100,4,0x1C00,0x0000
0.0333907500,4,0x1C00,0x0000
0.0333952000,4,0x1C00,0x0000
0.0333996400,4,0x1C00,0x0000
0.0334040900,4,0x1C00,0x0000
0.0334085300,4,0x1C00,0x0000
0.0334129800,4,0x1C00,0x0000
0.0334174200,4,0x1C00,0x0000
0.0334218600,4,0x1C00,0x0000
0.0334263100,4,0x1C00,0x0000
0.0334307500,4,0x1C00,0x0000
0.0334352000,4,0x1C00,0x0000
0.0334396400,4,0x1C00,0x0000
0.0334440900,4,0x1C00,0x0000
0.0334485300,4,0x1C00,0x0000
0.0334529800,4,0x83E2,0x0000
0.0334574200,4,0x83EA,0x0000
0.0334618600,4,0x83EA,0x0000
0.0334663100,4,0x83EA,0x0000
0.0334707500,4,0x83EA,0x0000
0.0334752000,4,0x83EA,0x0000
0.0334796400,4,0x83EA,0x0000
0.0334840900,4,0x83EA,0x0000
0.0334885300,4,0x83EA,0x0000
0.0334929800,4,0x83EA,0x0000
0.0334974200,4,0x83EA,0x0000
0.0335018600,4,0x83E2,0x0000
0.0335063100,4,0x1C00,0x0000
0.0335107500,4,0x1C00,0x0000
0.0335152000,4,0x1C00,0x0000
0.0335196400,4,0x1C00,0x0000
0.0335240900,4,0x1C00,0x0000
0.0335285300,4,0x1C00,0x0000
0.0335329800,4,0x1C00,0x0000
0.0335374200,4,0x1C00,0x0000
0.0335418600,4,0x1C00,0x0000
0.0335463100,4,0x1C00,0x0000
0.0335507500,4,0x1C00,0x0000
0.0335552000,4,0x1C00,0x0000
0.0335596400,4,0x1C00,0x0000
0.0335640900,4,0x1C00,0x0000
0.0335685300,4,0x1C00,0x0000
0.0335729800,4,0x1C00,0x0000
0.0335774200,4,0x1C00,0x0000
0.0335818600,4,0x1C00,0x0000
0.0335863100,4,0x1C00,0x0000
0.0335907500,4,0x1C00,0x0000
0.0335952000,4,0x1C00,0x0000
0.0335996400,4,0x1C00,0x0000
0.0336040900,4,0x1C00,0x0000
0.0336085300,4,0x1C00,0x0000
0.0336129800,4,0x83E2,0x0000
0.0336174200,4,0x83EA,0x0000
0.0336218600,4,0x83EA,0x0000
0.0336263100,4,0x83EA,0x0000
0.0336307500,4,0x83EA,0x0000
0.0336352000,4,0x83EA,0x0000
0.0336396400,4,0x83EA,0x0000
0.0336440900,4,0x83EA,0x0000
0.0336485300,4,0x83EA,0x0000
0.0336529800,4,0x83EA,0x0000
0.0336574200,4,0x83EA,0x0000
0.0336618600,4,0x83E2,0x0000
0.0336663100,4,0x1C00,0x0000
0.0336707600,4,0x1C00,0x0000
0.0336752000,4,0x1C00,0x0000
0.0336796400,4,0x1C00,0x0000
0.0336840900,4,0x1C00,0x0000
0.0336885300,4,0x1C00,0x0000
0.0336929800,4,0x1C00,0x0000
0.0336974200,4,0x1C00,0x0000
0.0337018700,4,0x1C00,0x0000
0.0337063100,4,0x1C00,0x0000
0.0337107600,4,0x1C00,0x0000
0.0337152000,4,0x1C00,0x0000
0.0337196400,4,0x1C00,0x0000
0.0337240900,4,0x1C00,0x0000
0.0337285300,4,0x1C00,0x0000
0.0337329800,4,0x1C00,0x0000
0.0337374200,4,0x1C00,0x0000
0.0337418700,4,0x1C00,0x0000
0.0337463100,4,0x1C00,0x0000
0.0337507600,4,0x1C00,0x0000
0.0337552000,4,0x1C00,0x0000
0.0337596400,4,0x1C00,0x0000
0.0337640900,4,0x1C00,0x0000
0.0337685300,4,0x1C00,0x0000
0.0337729800,4,0x83E2,0x0000
0.0337774200,4,0x83EA,0x0000
0.0337818700,4,0x83EA,0x0000
0.0337863100,4,0x83EA,0x0000
0.0337907600,4,0x83EA,0x0000
0.0337952000,4,0x83EA,0x0000
0.0337996400,4,0x83EA,0x0000
0.0338040900,4,0x83EA,0x0000
0.0338085300,4,0x83EA,0x0000
0.0338129800,4,0x83EA,0x0000
0.0338174200,4,0x83EA,0x0000
0.0338218700,4,0x83E2,0x0000
0.0338263100,4,0x1C00,0x0000
0.0338307600,4,0x1C00,0x0000
0.0338352000,4,0x1C00,0x0000
0.0338396500,4,0x1C00,0x0000
0.0338440900,4,0x1C00,0x0000
0.0338485300,4,0x1C00,0x0000
0.0338529800,4,0x1C00,0x0000
0.0338574200,4,0x1C00,0x0000
0.0338618700,4,0x1C00,0x0000
0.0338663100,4,0x1C00,0x0000
0.0338707600,4,0x1C00,0x0000
0.0338752000,4,0x1C00,0x0000
0.0338796500,4,0x1C00,0x0000
0.0338840900,4,0x1C00,0x0000
0.0338885300,4,0x1C00,0x0000
0.0338929800,4,0x1C00,0x0000
0.0338974200,4,0x1C00,0x0000
0.0339018700,4,0x1C00,0x0000
0.0339063100,4,0x1C00,0x0000
0.0339107600,4,0x1C00,0x0000
0.0339152000,4,0x1C00,0x0000
0.0339196500,4,0x1C00,0x0000
0.0339240900,4,0x1C00,0x0000
0.0339285300,4,0x1C00,0x0000
0.0339329800,4,0x83E2,0x0000
0.0339374200,4,0x83EA,0x0000
0.0339418700,4,0x83EA,0x0000
0.0339463100,4,0x83EA,0x0000
0.0339507600,4,0x83EA,0x0000
0.0339552000,4,0x83EA,0x0000
0.0339596500,4,0x83EA,0x0000
0.0339640900,4,0x83EA,0x0000
0.0339685300,4,0x83EA,0x0000
0.0339729800,4,0x83EA,0x0000
0.0339774200,4,0x83EA,0x0000
0.0339818700,4,0x83E2,0x0000
0.0339863100,4,0x1C00,0x0000
0.0339907600,4,0x1C00,0x0000
0.0339952000,4,0x1C00,0x0000
0.0339996500,4,0x1C00,0x0000
0.0340040900,4,0x1C00,0x0000
0.0340085300,4,0x1C00,0x0000
0.0340129800,4,0x1C00,0x0000
0.0340174200,4,0x1C00,0x0000
0.0340218700,4,0x1C00,0x0000
0.0340263100,4,0x1C00,0x0000
0.0340307600,4,0x1C00,0x0000
0.0340352000,4,0x1C00,0x0000
0.0340396500,4,0x1C00,0x0000
0.0340440900,4,0x1C00,0x0000
0.0340485400,4,0x1C00,0x0000
0.0340529800,4,0x1C00,0x0000
0.0340574200,4,0x1C00,0x0000
0.0340618700,4,0x1C00,0x0000
0.0340663100,4,0x1C00,0x0000
0.0340707600,4,0x1C00,0x0000
0.0340752000,4,0x1C00,0x0000
0.0340796500,4,0x1C00,0x0000
0.0340840900,4,0x1C00,0x0000
0.0340885400,4,0x1C00,0x0000
0.0340929800,4,0x5BD1,0x0000
0.0340974200,4,0x5BE3,0x0000
0.0341018700,4,0x5BE3,0x0000
0.0341063100,4,0x5BE3,0x0000
0.0341107600,4,0x5BE3,0x0000
0.0341152000,4,0x5BE3,0x0000
0.0341196500,4,0x5BE3,0x0000
0.0341240900,4,0x5BE3,0x0000
0.0341285400,4,0x5BE3,0x0000
0.0341329800,4,0x5BE3,0x0000
0.0341374200,4,0x5BE3,0x0000
0.0341418700,4,0x5BD1,0x0000
0.0341463100,4,0x1C00,0x0000
0.0341507600,4,0x1C00,0x0000
0.0341552000,4,0x1C00,0x0000
0.0341596500,4,0x1C00,0x0000
0.0341640900,4,0x1C00,0x0000
0.0341685400,4,0x1C00,0x0000
0.0341729800,4,0x1C00,0x0000
0.0341774200,4,0x1C00,0x0000
0.0341818700,4,0x1C00,0x0000
0.0341863100,4,0x1C00,0x0000
0.0341907600,4,0x1C00,0x0000
0.0341952000,4,0x1C00,0x0000
0.0341996500,4,0x1C00,0x0000
0.0342040900,4,0x1C00,0x0000
0.0342085400,4,0x1C00,0x0000
0.0342129800,4,0x1C00,0x0000
0.0342174200,4,0x1C00,0x0000
0.0342218700,4,0x1C00,0x0000
0.0342263100,4,0x1C00,0x0000
0.0342307600,4,0x1C00,0x0000
0.0342352000,4,0x1C00,0x0000
0.0342396500,4,0x1C00,0x0000
0.0342440900,4,0x1C00,0x0000
0.0342485400,4,0x1C00,0x0000
0.0342529800,4,0x1C00,0x0000
0.0342574200,4,0x1C00,0x0000
0.0342618700,4,0x1C00,0x0000
0.0342663100,4,0x1C00,0x0000
0.0342707600,4,0x1C00,0x0000
0.0342752000,4,0x1C00,0x0000
0.0342796500,4,0x1C00,0x0000
0.0342840900,4,0x1C00,0x0000
0.0342885400,4,0x1C00,0x0000
0.0342929800,4,0x1C00,0x0000
0.0342974300,4,0x1C00,0x0000
0.0343018700,4,0x1C00,0x0000
0.0343063100,4,0x1C00,0x0000
0.0343107600,4,0x1C00,0x0000
0.0343152000,4,0x1C00,0x0000
0.0343196500,4,0x1C00,0x0000
0.0343240900,4,0x1C00,0x0000
0.0343285400,4,0x1C00,0x0000
0.0343329800,4,0x1C00,0x0000
0.0343374200,4,0x1C00,0x0000
0.0343418700,4,0x1C00,0x0000
0.0343463100,4,0x1C00,0x0000
0.0343507600,4,0x1C00,0x0000
0.0343552000,4,0x1C00,0x0000
0.0343596500,4,0x1C00,0x0000
0.0343640900,4,0x1C00,0x0000
0.0343685400,4,0x1C00,0x0000
0.0343729800,4,0x1C00,0x0000
0.0343774300,4,0x1C00,0x0000
0.0343818700,4,0x1C00,0x0000
0.0343863100,4,0x1C00,0x0000
0.0343907600,4,0x1C00,0x0000
0.0343952000,4,0x1C00,0x0000
0.0343996500,4,0x1C00,0x0000
0.0344040900,4,0x1C00,0x0000
0.0344085400,4,0x1C00,0x0000
0.0344129800,4,0x1C00,0x0000
0.0344174300,4,0x1C00,0x0000
0.0344218700,4,0x1C00,0x0000
0.0344263100,4,0x1C00,0x0000
0.0344307600,4,0x1C00,0x0000
0.0344352000,4,0x1C00,0x0000
0.0344396500,4,0x1C00,0x0000
0.0344440900,4,0x1C00,0x0000
0.0344485400,4,0x1C00,0x0000
0.0344529800,4,0x1C00,0x0000
0.0344574300,4,0x1C00,0x0000
0.0344618700,4,0x1C00,0x0000
0.0344663100,4,0x1C00,0x0000
0.0344707600,4,0x1C00,0x0000
0.0344752000,4,0x1C00,0x0000
0.0344796500,4,0x1C00,0x0000
0.0344840900,4,0x1C00,0x0000
0.0344885400,4,0x1C00,0x0000
0.0344929800,4,0x1C00,0x0000
0.0344974300,4,0x1C00,0x0000
0.0345018700,4,0x1C00,0x0000
0.0345063100,4,0x1C00,0x0000
0.0345107600,4,0x1C00,0x0000
0.0345152000,4,0x1C00,0x0000
0.0345196500,4,0x1C00,0x0000
0.0345240900,4,0x1C00,0x0000
0.0345285400,4,0x1C00,0x0000
0.0345329800,4,0x1C00,0x0000
0.0345374300,4,0x1C00,0x0000
0.0345418700,4,0x1C00,0x0000
0.0345463100,4,0x1C00,0x0000
0.0345507600,4,0x1C00,0x0000
0.0345552000,4,0x1C00,0x0000
0.0345596500,4,0x1C00,0x0000
0.0345640900,4,0x1C00,0x0000
0.0345685400,4,0x1C00,0x0000
0.0345729800,4,0x1C00,0x0000
0.0345774300,4,0x1C00,0x0000
0.0345818700,4,0x1C00,0x0000
0.0345863100,4,0x1C00,0x0000
0.0345907600,4,0x1C00,0x0000
0.0345952000,4,0x1C00,0x0000
0.0345996500,4,0x1C00,0x0000
0.0346040900,4,0x1C00,0x0000
0.0346085400,4,0x1C00,0x0000
0.0346129800,4,0x1C00,0x0000
0.0346174300,4,0x1C00,0x0000
0.0346218700,4,0x1C00,0x0000
0.0346263100,4,0x1C00,0x0000
0.0346307600,4,0x1C00,0x0000
0.0346352000,4,0x1C00,0x0000
0.0346396500,4,0x1C00,0x0000
0.0346440900,4,0x1C00,0x0000
0.0346485400,4,0x1C00,0x0000
0.0346529800,4,0x1C00,0x0000
0.0346574300,4,0x1C00,0x0000
0.0346618700,4,0x1C00,0x0000
0.0346663100,4,0x1C00,0x0000
0.0346707600,4,0x1C00,0x0000
0.0346752000,4,0x1C00,0x0000
0.0346796500,4,0x1C00,0x0000
0.0346840900,4,0x1C00,0x0000
0.0346885400,4,0x1C00,0x0000
0.0346929800,4,0x1C00,0x0000
0.0346974300,4,0x1C00,0x0000
0.0347018700,4,0x1C00,0x0000
0.0347063200,4,0x1C00,0x0000
0.0347107600,4,0x1C00,0x0000
0.0347152100,4,0x1C00,0x0000
0.0347196500,4,0x1C00,0x0000
0.0347240900,4,0x1C00,0x0000
0.0347285400,4,0x1C00,0x0000
0.0347329800,4,0x1C00,0x0000
0.0347374300,4,0x1C00,0x0000
0.0347418700,4,0x1C00,0x0000
0.0347463200,4,0x1C00,0x0000
0.0347507600,4,0x1C00,0x0000
0.0347552100,4,0x1C00,0x0000
0.0347596500,4,0x1C00,0x0000
0.0347640900,4,0x1C00,0x0000
0.0347685400,4,0x1C00,0x0000
0.0347729800,4,0x1C00,0x0000
0.0347774300,4,0x1C00,0x0000
0.0347818700,4,0x1C00,0x0000
0.0347863200,4,0x1C00,0x0000
0.0347907600,4,0x1C00,0x0000
0.0347952100,4,0x1C00,0x0000
0.0347996500,4,0x1C00,0x0000
0.0348040900,4,0x1C00,0x0000
0.0348085400,4,0x1C00,0x0000
0.0348129800,4,0x1C00,0x0000
0.0348174300,4,0x1C00,0x0000
0.0348218700,4,0x1C00,0x0000
0.0348263200,4,0x1C00,0x0000
0.0348307600,4,0x1C00,0x0000
0.0348352100,4,0x1C00,0x0000
0.0348396500,4,0x1C00,0x0000
0.0348440900,4,0x1C00,0x0000
0.0348485400,4,0x1C00,0x0000
0.0348529800,4,0x1C00,0x0000
0.0348574300,4,0x1C00,0x0000
0.0348618700,4,0x1C00,0x0000
0.0348663200,4,0x1C00,0x0000
0.0348707600,4,0x1C00,0x0000
0.0348752100,4,0x1C00,0x0000
0.0348796500,4,0x1C00,0x0000
0.0348841000,4,0x1C00,0x0000
0.0348885400,4,0x1C00,0x0000
0.0348929800,4,0x1C00,0x0000
0.0348974300,4,0x1C00,0x0000
0.0349018700,4,0x1C00,0x0000
0.0349063200,4,0x1C00,0x0000
0.0349107600,4,0x1C00,0x0000
0.0349152100,4,0x1C00,0x0000
0.0349196500,4,0x1C00,0x0000
0.0349240900,4,0x1C00,0x0000
0.0349285400,4,0x1C00,0x0000
0.0349329800,4,0x1C00,0x0000
0.0349374300,4,0x1C00,0x0000
0.0349418700,4,0x1C00,0x0000
0.0349463200,4,0x1C00,0x0000
0.0349507600,4,0x1C00,0x0000
0.0349552100,4,0x1C00,0x0000
0.0349596500,4,0x1C00,0x0000
0.0349641000,4,0x1C00,0x0000
0.0349685400,4,0x1C00,0x0000
0.0349729800,4,0x1C00,0x0000
0.0349774300,4,0x1C00,0x0000
0.0349818700,4,0x1C00,0x0000
0.0349863200,4,0x1C00,0x0000
0.0349907600,4,0x1C00,0x0000
0.0349952100,4,0x1C00,0x0000
0.0349996500,4,0x1C00,0x0000
0.0350041000,4,0x1C00,0x0000
0.0350085400,4,0x1C00,0x0000
0.0350129800,4,0x1C00,0x0000
0.0350174300,4,0x1C00,0x0000
0.0350218700,4,0x1C00,0x0000
0.0350263200,4,0x1C00,0x0000
0.0350307600,4,0x1C00,0x0000
0.0350352100,4,0x1C00,0x0000
0.0350396500,4,0x1C00,0x0000
0.0350441000,4,0x1C00,0x0000
0.0350485400,4,0x1C00,0x0000
0.0350529800,4,0x1C00,0x0000
0.0350574300,4,0x1C00,0x0000
0.0350618700,4,0x1C00,0x0000
0.0350663200,4,0x1C00,0x0000
0.0350707600,4,0x1C00,0x0000
0.0350752100,4,0x1C00,0x0000
0.0350796500,4,0x1C00,0x0000
0.0350841000,4,0x1C00,0x0000
0.0350885400,4,0x1C00,0x0000
0.0350929800,4,0x1C00,0x0000
0.0350974300,4,0x1C00,0x0000
0.0351018700,4,0x1C00,0x0000
0.0351063200,4,0x1C00,0x0000
0.0351107600,4,0x1C00,0x0000
0.0351152100,4,0x1C00,0x0000
0.0351196500,4,0x1C00,0x0000
0.0351241000,4,0x1C00,0x0000
0.0351285400,4,0x1C00,0x0000
0.0351329800,4,0x1C00,0x0000
0.0351374300,4,0x1C00,0x0000
0.0351418700,4,0x1C00,0x0000
0.0351463200,4,0x1C00,0x0000
0.0351507600,4,0x1C00,0x0000
0.0351552100,4,0x1C00,0x0000
0.0351596500,4,0x0000,0x0000
0.0351641000,4,0x0000,0x0000
0.0351685400,4,0x0000,0x0000
0.0402796800,5,0x55AA,0x0000
0.0402841200,5,0x2DEC,0x0000
0.0402885700,5,0x01FF,0x0000
0.0402930100,5,0x1C00,0x0000
0.0402974500,5,0x1C00,0x0000
0.0403019000,5,0x1C00,0x0000
0.0403063400,5,0x1C00,0x0000
0.0403107900,5,0x1C00,0x0000
0.0403152300,5,0x1C00,0x0000
0.0403196800,5,0x1C00,0x0000
0.0403241200,5,0x1C00,0x0000
0.0403285700,5,0x1C00,0x0000
0.0403330100,5,0x1C00,0x0000
0.0403374500,5,0x1C00,0x0000
0.0403419000,5,0x1C00,0x0000
0.0403463400,5,0x1C00,0x0000
0.0403507900,5,0x1C00,0x0000
0.0403552300,5,0x1C00,0x0000
0.0403596800,5,0x1C00,0x0000
0.0403641200,5,0x1C00,0x0000
0.0403685700,5,0x1C00,0x0000
0.0403730100,5,0x1C00,0x0000
0.0403774500,5,0x1C00,0x0000
0.0403819000,5,0x1C00,0x0000
0.0403863400,5,0x1C00,0x0000
0.0403907900,5,0x1C00,0x0000
0.0403952300,5,0x1C00,0x0000
0.0403996800,5,0x1C00,0x0000
0.0404041200,5,0x1C00,0x0000
0.0404085700,5,0x1C00,0x0000
0.0404130100,5,0x1C00,0x0000
0.0404174600,5,0x1C00,0x0000
0.0404219000,5,0x1C00,0x0000
0.0404263400,5,0x1C00,0x0000
0.0404307900,5,0x1C00,0x0000
0.0404352300,5,0x1C00,0x0000
0.0404396800,5,0x1C00,0x0000
0.0404441200,5,0x1C00,0x0000
0.0404485700,5,0x1C00,0x0000
0.0404530100,5,0x1C00,0x0000
0.0404574600,5,0x1C00,0x0000
0.0404619000,5,0x1C00,0x0000
0.0404663400,5,0x1C00,0x0000
0.0404707900,5,0x1C00,0x0000
0.0404752300,5,0x1C00,0x0000
0.0404796800,5,0x1C00,0x0000
0.0404841200,5,0x1C00,0x0000
0.0404885700,5,0x1C00,0x0000
0.0404930100,5,0x1C00,0x0000
0.0404974600,5,0x1C00,0x0000
0.0405019000,5,0x1C00,0x0000
0.0405063400,5,0x1C00,0x0000
0.0405107900,5,0x1C00,0x0000
0.0405152300,5,0x1C00,0x0000
0.0405196800,5,0x1C00,0x0000
0.0405241200,5,0x1C00,0x0000
0.0405285700,5,0x1C00,0x0000
0.0405330100,5,0x1C00,0x0000
0.0405374600,5,0x1C00,0x0000
0.0405419000,5,0x1C00,0x0000
0.0405463500,5,0x1C00,0x0000
0.0405507900,5,0x1C00,0x0000
0.0405552300,5,0x1C00,0x0000
0.0405596800,5,0x1C00,0x0000
0.0405641200,5,0x1C00,0x0000
0.0405685700,5,0x1C00,0x0000
0.0405730100,5,0x1C00,0x0000
0.0405774600,5,0x1C00,0x0000
0.0405819000,5,0x1C00,0x0000
0.0405863500,5,0x1C00,0x0000
0.0405907900,5,0x1C00,0x0000
0.0405952300,5,0x1C00,0x0000
0.0405996800,5,0x1C00,0x0000
0.0406041200,5,0x1C00,0x0000
0.0406085700,5,0x1C00,0x0000
0.0406130100,5,0x1C00,0x0000
0.0406174600,5,0x1C00,0x0000
0.0406219000,5,0x1C00,0x0000
0.0406263500,5,0x1C00,0x0000
0.0406307900,5,0x1C00,0x0000
0.0406352300,5,0x1C00,0x0000
0.0406396800,5,0x1C00,0x0000
0.0406441200,5,0x1C00,0x0000
0.0406485700,5,0x1C00,0x0000
0.0406530100,5,0x1C00,0x0000
0.0406574600,5,0x1C00,0x0000
0.0406619000,5,0x1C00,0x0000
0.0406663500,5,0x1C00,0x0000
0.0406707900,5,0x1C00,0x0000
0.0406752300,5,0x1C00,0x0000
0.0406796800,5,0x1C00,0x0000
0.0406841200,5,0x1C00,0x0000
0.0406885700,5,0x1C00,0x0000
0.0406930100,5,0x1C00,0x0000
0.0406974600,5,0x1C00,0x0000
0.0407019000,5,0x1C00,0x0000
0.0407063500,5,0x1C00,0x0000
0.0407107900,5,0x1C00,0x0000
0.0407152300,5,0x1C00,0x0000
0.0407196800,5,0x1C00,0x0000
0.0407241200,5,0x1C00,0x0000
0.0407285700,5,0x1C00,0x0000
0.0407330100,5,0x1C00,0x0000
0.0407374600,5,0x1C00,0x0000
0.0407419000,5,0x1C00,0x0000
0.0407463500,5,0x1C00,0x0000
0.0407507900,5,0x1C00,0x0000
0.0407552400,5,0x1C00,0x0000
0.0407596800,5,0x1C00,0x0000
0.0407641200,5,0x1C00,0x0000
0.0407685700,5,0x1C00,0x0000
0.0407730100,5,0x1C00,0x0000
0.0407774600,5,0x1C00,0x0000
0.0407819000,5,0x1C00,0x0000
0.0407863500,5,0x1C00,0x0000
0.0407907900,5,0x1C00,0x0000
0.0407952400,5,0x1C00,0x0000
0.0407996800,5,0x1C00,0x0000
0.0408041200,5,0x1C00,0x0000
0.0408085700,5,0x1C00,0x0000
0.0408130100,5,0x1C00,0x0000
0.0408174600,5,0x1C00,0x0000
0.0408219000,5,0x1C00,0x0000
0.0408263500,5,0x1C00,0x0000
0.0408307900,5,0x1C00,0x0000
0.0408352400,5,0x1C00,0x0000
0.0408396800,5,0x1C00,0x0000
0.0408441200,5,0x1C00,0x0000
0.0408485700,5,0x1C00,0x0000
0.0408530100,5,0x1C00,0x0000
0.0408574600,5,0x1C00,0x0000
0.0408619000,5,0x1C00,0x0000
0.0408663500,5,0x1C00,0x0000
0.0408707900,5,0x1C00,0x0000
0.0408752400,5,0x1C00,0x0000
0.0408796800,5,0x1C00,0x0000
0.0408841200,5,0x1C00,0x0000
0.0408885700,5,0x1C00,0x0000
0.0408930100,5,0x1C00,0x0000
0.0408974600,5,0x1C00,0x0000
0.0409019000,5,0x1C00,0x0000
0.0409063500,5,0x1C00,0x0000
0.0409107900,5,0x1C00,0x0000
0.0409152400,5,0x1C00,0x0000
0.0409196800,5,0x1C00,0x0000
0.0409241200,5,0x1C00,0x0000
0.0409285700,5,0x1C00,0x0000
0.0409330100,5,0x1C00,0x0000
0.0409374600,5,0x1C00,0x0000
0.0409419000,5,0x1C00,0x0000
0.0409463500,5,0x1C00,0x0000
0.0409507900,5,0x1C00,0x0000
0.0409552400,5,0x1C00,0x0000
0.0409596800,5,0x1C00,0x0000
0.0409641200,5,0x1C00,0x0000
0.0409685700,5,0x1C00,0x0000
0.0409730100,5,0x1C00,0x0000
0.0409774600,5,0x1C00,0x0000
0.0409819000,5,0x1C00,0x0000
0.0409863500,5,0x1C00,0x0000
0.0409907900,5,0x1C00,0x0000
0.0409952400,5,0x1C00,0x0000
0.0409996800,5,0x1C00,0x0000
0.0410041300,5,0x1C00,0x0000
0.0410085700,5,0x1C00,0x0000
0.0410130100,5,0x1C00,0x0000
0.0410174600,5,0x1C00,0x0000
0.0410219000,5,0x1C00,0x0000
0.0410263500,5,0x1C00,0x0000
0.0410307900,5,0x1C00,0x0000
0.0410352400,5,0x1C00,0x0000
0.0410396800,5,0x1C00,0x0000
0.0410441300,5,0x1C00,0x0000
0.0410485700,5,0x1C00,0x0000
0.0410530100,5,0x1C00,0x0000
0.0410574600,5,0x1C00,0x0000
0.0410619000,5,0x1C00,0x0000
0.0410663500,5,0x1C00,0x0000
0.0410707900,5,0x1C00,0x0000
0.0410752400,5,0x1C00,0x0000
0.0410796800,5,0x1C00,0x0000
0.0410841300,5,0x1C00,0x0000
0.0410885700,5,0x1C00,0x0000
0.0410930100,5,0x1C00,0x0000
0.0410974600,5,0x1C00,0x0000
0.0411019000,5,0x1C00,0x0000
0.0411063500,5,0x1C00,0x0000
0.0411107900,5,0x1C00,0x0000
0.0411152400,5,0x1C00,0x0000
0.0411196800,5,0x1C00,0x0000
0.0411241300,5,0x1C00,0x0000
0.0411285700,5,0x1C00,0x0000
0.0411330100,5,0x1C00,0x0000
0.0411374600,5,0x1C00,0x0000
0.0411419000,5,0x1C00,0x0000
0.0411463500,5,0x1C00,0x0000
0.0411507900,5,0x1C00,0x0000
0.0411552400,5,0x1C00,0x0000
0.0411596800,5,0x1C00,0x0000
0.0411641300,5,0x1C00,0x0000
0.0411685700,5,0x1C00,0x0000
0.0411730100,5,0x1C00,0x0000
0.0411774600,5,0x1C00,0x0000
0.0411819000,5,0x1C00,0x0000
0.0411863500,5,0x1C00,0x0000
0.0411907900,5,0x1C00,0x0000
0.0411952400,5,0x1C00,0x0000
0.0411996800,5,0x1C00,0x0000
0.0412041300,5,0x1C00,0x0000
0.0412085700,5,0x1C00,0x0000
0.0412130100,5,0x1C00,0x0000
0.0412174600,5,0x1C00,0x0000
0.0412219000,5,0x1C00,0x0000
0.0412263500,5,0x1C00,0x0000
0.0412307900,5,0x1C00,0x0000
0.0412352400,5,0x1C00,0x0000
0.0412396800,5,0x1C00,0x0000
0.0412441300,5,0x1C00,0x0000
0.0412485700,5,0x1C00,0x0000
0.0412530100,5,0x1C00,0x0000
0.0412574600,5,0x1C00,0x0000
0.0412619000,5,0x1C00,0x0000
0.0412663500,5,0x1C00,0x0000
0.0412707900,5,0x1C00,0x0000
0.0412752400,5,0x1C00,0x0000
0.0412796800,5,0x1C00,0x0000
0.0412841300,5,0x1C00,0x0000
0.0412885700,5,0x1C00,0x0000
0.0412930100,5,0x1C00,0x0000
0.0412974600,5,0x1C00,0x0000
0.0413019000,5,0x1C00,0x0000
0.0413063500,5,0x5BDD,0x0000
0.0413107900,5,0x5BE8,0x0000
0.0413152400,5,0x5BE8,0x0000
0.0413196800,5,0x5BE8,0x0000
0.0413241300,5,0x5BE8,0x0000
0.0413285700,5,0x5BE8,0x0000
0.0413330100,5,0x5BE8,0x0000
0.0413374600,5,0x5BE8,0x0000
0.0413419000,5,0x5BE8,0x0000
0.0413463500,5,0x5BE8,0x0000
0.0413507900,5,0x5BE8,0x0000
0.0413552400,5,0x5BD7,0x0000
0.0413596800,5,0x1C00,0x0000
0.0413641300,5,0x1C00,0x0000
0.0413685700,5,0x1C00,0x0000
0.0413730100,5,0x1C00,0x0000
0.0413774600,5,0x1C00,0x0000
0.0413819000,5,0x1C00,0x0000
0.0413863500,5,0x1C00,0x0000
0.0413907900,5,0x1C00,0x0000
0.0413952400,5,0x1C00,0x0000
0.0413996800,5,0x1C00,0x0000
0.0414041300,5,0x1C00,0x0000
0.0414085700,5,0x1C00,0x0000
0.0414130100,5,0x1C00,0x0000
0.0414174600,5,0x1C00,0x0000
0.0414219000,5,0x1C00,0x0000
0.0414263500,5,0x1C00,0x0000
0.0414307900,5,0x1C00,0x0000
0.0414352400,5,0x1C00,0x0000
0.0414396800,5,0x1C00,0x0000
0.0414441300,5,0x1C00,0x0000
0.0414485700,5,0x1C00,0x0000
0.0414530200,5,0x1C00,0x0000
0.0414574600,5,0x1C00,0x0000
0.0414619100,5,0x1C00,0x0000
0.0414663500,5,0x83E2,0x0000
0.0414707900,5,0x83EA,0x0000
0.0414752400,5,0x83EA,0x0000
0.0414796800,5,0x83EA,0x0000
0.0414841300,5,0x83EA,0x0000
0.0414885700,5,0x83EA,0x0000
0.0414930100,5,0x83EA,0x0000
0.0414974600,5,0x83EA,0x0000
0.0415019000,5,0x83EA,0x0000
0.0415063500,5,0x83EA,0x0000
0.0415107900,5,0x83EA,0x0000
0.0415152400,5,0x83E2,0x0000
0.0415196800,5,0x1C00,0x0000
0.0415241300,5,0x1C00,0x0000
0.0415285700,5,0x1C00,0x0000
0.0415330200,5,0x1C00,0x0000
0.0415374600,5,0x1C00,0x0000
0.0415419100,5,0x1C00,0x0000
0.0415463500,5,0x1C00,0x0000
0.0415507900,5,0x1C00,0x0000
0.0415552400,5,0x1C00,0x0000
0.0415596800,5,0x1C00,0x0000
0.0415641300,5,0x1C00,0x0000
0.0415685700,5,0x1C00,0x0000
0.0415730200,5,0x1C00,0x0000
0.0415774600,5,0x1C00,0x0000
0.0415819100,5,0x1C00,0x0000
0.0415863500,5,0x1C00,0x0000
0.0415907900,5,0x1C00,0x0000
0.0415952400,5,0x1C00,0x0000
0.0415996800,5,0x1C00,0x0000
0.0416041300,5,0x1C00,0x0000
0.0416085700,5,0x1C00,0x0000
0.0416130200,5,0x1C00,0x0000
0.0416174600,5,0x1C00,0x0000
0.0416219100,5,0x1C00,0x0000
0.0416263500,5,0x83E2,0x0000
0.0416307900,5,0x83EA,0x0000
0.0416352400,5,0x83EA,0x0000
0.0416396800,5,0x83EA,0x0000
0.0416441300,5,0x83EA,0x0000
0.0416485700,5,0x83EA,0x0000
0.0416530200,5,0x83EA,0x0000
0.0416574600,5,0x83EA,0x0000
0.0416619100,5,0x83EA,0x0000
0.0416663500,5,0x83EA,0x0000
0.0416707900,5,0x83EA,0x0000
0.0416752400,5,0x83E2,0x0000
0.0416796800,5,0x1C00,0x0000
0.0416841300,5,0x1C00,0x0000
0.0416885700,5,0x1C00,0x0000
0.0416930200,5,0x1C00,0x0000
0.0416974600,5,0x1C00,0x0000
0.0417019100,5,0x1C00,0x0000
0.0417063500,5,0x1C00,0x0000
0.0417108000,5,0x1C00,0x0000
0.0417152400,5,0x1C00,0x0000
0.0417196800,5,0x1C00,0x0000
0.0417241300,5,0x1C00,0x0000
0.0417285700,5,0x1C00,0x0000
0.0417330200,5,0x1C00,0x0000
0.0417374600,5,0x1C00,0x0000
0.0417419100,5,0x1C00,0x0000
0.0417463500,5,0x1C00,0x0000
0.0417508000,5,0x1C00,0x0000
0.0417552400,5,0x1C00,0x0000
0.0417596800,5,0x1C00,0x0000
0.0417641300,5,0x1C00,0x0000
0.0417685700,5,0x1C00,0x0000
0.0417730200,5,0x1C00,0x0000
0.0417774600,5,0x1C00,0x0000
0.0417819100,5,0x1C00,0x0000
0.0417863500,5,0x83E2,0x0000
0.0417908000,5,0x83EA,0x0000
0.0417952400,5,0x83EA,0x0000
0.0417996800,5,0x83EA,0x0000
0.0418041300,5,0x83EA,0x0000
0.0418085700,5,0x83EA,0x0000
0.0418130200,5,0x83EA,0x0000
0.0418174600,5,0x83EA,0x0000
0.0418219100,5,0x83EA,0x0000
0.0418263500,5,0x83EA,0x0000
0.0418308000,5,0x83EA,0x0000
0.0418352400,5,0x83E2,0x0000
0.0418396800,5,0x1C00,0x0000
0.0418441300,5,0x1C00,0x0000
0.0418485700,5,0x1C00,0x0000
0.0418530200,5,0x1C00,0x0000
0.0418574600,5,0x1C00,0x0000
0.0418619100,5,0x1C00,0x0000
0.0418663500,5,0x1C00,0x0000
0.0418708000,5,0x1C00,0x0000
0.0418752400,5,0x1C00,0x0000
0.0418796800,5,0x1C00,0x0000
0.0418841300,5,0x1C00,0x0000
0.0418885700,5,0x1C00,0x0000
0.0418930200,5,0x1C00,0x0000
0.0418974600,5,0x1C00,0x0000
0.0419019100,5,0x1C00,0x0000
0.0419063500,5,0x1C00,0x0000
0.0419108000,5,0x1C00,0x0000
0.0419152400,5,0x1C00,0x0000
0.0419196900,5,0x1C00,0x0000
0.0419241300,5,0x1C00,0x0000
0.0419285700,5,0x1C00,0x0000
0.0419330200,5,0x1C00,0x0000
0.0419374600,5,0x1C00,0x0000
0.0419419100,5,0x1C00,0x0000
0.0419463500,5,0x83E2,0x0000
0.0419508000,5,0x83EA,0x0000
0.0419552400,5,0x83EA,0x0000
0.0419596800,5,0x83EA,0x0000
0.0419641300,5,0x83EA,0x0000
0.0419685700,5,0x83EA,0x0000
0.0419730200,5,0x83EA,0x0000
0.0419774600,5,0x83EA,0x0000
0.0419819100,5,0x83EA,0x0000
0.0419863500,5,0x83EA,0x0000
0.0419908000,5,0x83EA,0x0000
0.0419952400,5,0x83E2,0x0000
0.0419996900,5,0x1C00,0x0000
0.0420041300,5,0x1C00,0x0000
0.0420085700,5,0x1C00,0x0000
0.0420130200,5,0x1C00,0x0000
0.0420174600,5,0x1C00,0x0000
0.0420219100,5,0x1C00,0x0000
0.0420263500,5,0x1C00,0x0000
0.0420308000,5,0x1C00,0x0000
0.0420352400,5,0x1C00,0x0000
0.0420396900,5,0x1C00,0x0000
0.0420441300,5,0x1C00,0x0000
0.0420485700,5,0x1C00,0x0000
0.0420530200,5,0x1C00,0x0000
0.0420574600,5,0x1C00,0x0000
0.0420619100,5,0x1C00,0x0000
0.0420663500,5,0x1C00,0x0000
0.0420708000,5,0x1C00,0x0000
0.0420752400,5,0x1C00,0x0000
0.0420796900,5,0x1C00,0x0000
0.0420841300,5,0x1C00,0x0000
0.0420885800,5,0x1C00,0x0000
0.0420930200,5,0x1C00,0x0000
0.0420974600,5,0x1C00,0x0000
0.0421019100,5,0x1C00,0x0000
0.0421063500,5,0x83E2,0x0000
0.0421108000,5,0x83EA,0x0000
0.0421152400,5,0x83EA,0x0000
0.0421196900,5,0x83EA,0x0000
0.0421241300,5,0x83EA,0x0000
0.0421285700,5,0x83EA,0x0000
0.0421330200,5,0x83EA,0x0000
0.0421374600,5,0x83EA,0x0000
0.0421419100,5,0x83EA,0x0000
0.0421463500,5,0x83EA,0x0000
0.0421508000,5,0x83EA,0x0000
0.0421552400,5,0x83E2,0x0000
0.0421596900,5,0x1C00,0x0000
0.0421641300,5,0x1C00,0x0000
0.0421685800,5,0x1C00,0x0000
0.0421730200,5,0x1C00,0x0000
0.0421774600,5,0x1C00,0x0000
0.0421819100,5,0x1C00,0x0000
0.0421863500,5,0x1C00,0x0000
0.0421908000,5,0x1C00,0x0000
0.0421952400,5,0x1C00,0x0000
0.0421996900,5,0x1C00,0x0000
0.0422041300,5,0x1C00,0x0000
0.0422085800,5,0x1C00,0x0000
0.0422130200,5,0x1C00,0x0000
0.0422174600,5,0x1C00,0x0000
0.0422219100,5,0x1C00,0x0000
0.0422263500,5,0x1C00,0x0000
0.0422308000,5,0x1C00,0x0000
0.0422352400,5,0x1C00,0x0000
0.0422396900,5,0x1C00,0x0000
0.0422441300,5,0x1C00,0x0000
0.0422485800,5,0x1C00,0x0000
0.0422530200,5,0x1C00,0x0000
0.0422574600,5,0x1C00,0x0000
0.0422619100,5,0x1C00,0x0000
0.0422663500,5,0x83E2,0x0000
0.0422708000,5,0x83EA,0x0000
0.0422752400,5,0x83EA,0x0000
0.0422796900,5,0x83EA,0x0000
0.0422841300,5,0x83EA,0x0000
0.0422885800,5,0x83EA,0x0000
0.0422930200,5,0x83EA,0x0000
0.0422974600,5,0x83EA,0x0000
0.0423019100,5,0x83EA,0x0000
0.0423063500,5,0x83EA,0x0000
0.0423108000,5,0x83EA,0x0000
0.0423152400,5,0x83E2,0x0000
0.0423196900,5,0x1C00,0x0000
0.0423241300,5,0x1C00,0x0000
0.0423285800,5,0x1C00,0x0000
0.0423330200,5,0x1C00,0x0000
0.0423374600,5,0x1C00,0x0000
0.0423419100,5,0x1C00,0x0000
0.0423463500,5,0x1C00,0x0000
0.0423508000,5,0x1C00,0x0000
0.0423552400,5,0x1C00,0x0000
0.0423596900,5,0x1C00,0x0000
0.0423641300,5,0x1C00,0x0000
0.0423685800,5,0x1C00,0x0000
0.0423730200,5,0x1C00,0x0000
0.0423774600,5,0x1C00,0x0000
0.0423819100,5,0x1C00,0x0000
0.0423863500,5,0x1C00,0x0000
0.0423908000,5,0x1C00,0x0000
0.0423952400,5,0x1C00,0x0000
0.0423996900,5,0x1C00,0x0000
0.0424041300,5,0x1C00,0x0000
0.0424085800,5,0x1C00,0x0000
0.0424130200,5,0x1C00,0x0000
0.0424174600,5,0x1C00,0x0000
0.0424219100,5,0x1C00,0x0000
0.0424263500,5,0x5BD1,0x0000
0.0424308000,5,0x5BE3,0x0000
0.0424352400,5,0x5BE3,0x0000
0.0424396900,5,0x5BE3,0x0000
0.0424441300,5,0x5BE3,0x0000
0.0424485800,5,0x5BE3,0x0000
0.0424530200,5,0x5BE3,0x0000
0.0424574600,5,0x5BE3,0x0000
0.0424619100,5,0x5BE3,0x0000
0.0424663500,5,0x5BE3,0x0000
0.0424708000,5,0x5BE3,0x0000
0.0424752400,5,0x5BD1,0x0000
0.0424796900,5,0x1C00,0x0000
0.0424841300,5,0x1C00,0x0000
0.0424885800,5,0x1C00,0x0000
0.0424930200,5,0x1C00,0x0000
0.0424974600,5,0x1C00,0x0000
0.0425019100,5,0x1C00,0x0000
0.0425063500,5,0x1C00,0x0000
0.0425108000,5,0x1C00,0x0000
0.0425152400,5,0x1C00,0x0000
0.0425196900,5,0x1C00,0x0000
0.0425241300,5,0x1C00,0x0000
0.0425285800,5,0x1C00,0x0000
0.0425330200,5,0x1C00,0x0000
0.0425374700,5,0x1C00,0x0000
0.0425419100,5,0x1C00,0x0000
0.0425463500,5,0x1C00,0x0000
0.0425508000,5,0x1C00,0x0000
0.0425552400,5,0x1C00,0x0000
0.0425596900,5,0x1C00,0x0000
0.0425641300,5,0x1C00,0x0000
0.0425685800,5,0x1C00,0x0000
0.0425730200,5,0x1C00,0x0000
0.0425774700,5,0x1C00,0x0000
0.0425819100,5,0x1C00,0x0000
0.0425863600,5,0x1C00,0x0000
0.0425908000,5,0x1C00,0x0000
0.0425952400,5,0x1C00,0x0000
0.0425996900,5,0x1C00,0x0000
0.0426041300,5,0x1C00,0x0000
0.0426085800,5,0x1C00,0x0000
0.0426130200,5,0x1C00,0x0000
0.0426174600,5,0x1C00,0x0000
0.0426219100,5,0x1C00,0x0000
0.0426263600,5,0x1C00,0x0000
0.0426308000,5,0x1C00,0x0000
0.0426352400,5,0x1C00,0x0000
0.0426396900,5,0x1C00,0x0000
0.0426441300,5,0x1C00,0x0000
0.0426485800,5,0x1C00,0x0000
0.0426530200,5,0x1C00,0x0000
0.0426574700,5,0x1C00,0x0000
0.0426619100,5,0x1C00,0x0000
0.0426663600,5,0x1C00,0x0000
0.0426708000,5,0x1C00,0x0000
0.0426752400,5,0x1C00,0x0000
0.0426796900,5,0x1C00,0x0000
0.0426841300,5,0x1C00,0x0000
0.0426885800,5,0x1C00,0x0000
0.0426930200,5,0x1C00,0x0000
0.0426974700,5,0x1C00,0x0000
0.0427019100,5,0x1C00,0x0000
0.0427063600,5,0x1C00,0x0000
0.0427108000,5,0x1C00,0x0000
0.0427152400,5,0x1C00,0x0000
0.0427196900,5,0x1C00,0x0000
0.0427241300,5,0x1C00,0x0000
0.0427285800,5,0x1C00,0x0000
0.0427330200,5,0x1C00,0x0000
0.0427374700,5,0x1C00,0x0000
0.0427419100,5,0x1C00,0x0000
0.0427463600,5,0x1C00,0x0000
0.0427508000,5,0x1C00,0x0000
0.0427552400,5,0x1C00,0x0000
0.0427596900,5,0x1C00,0x0000
0.0427641300,5,0x1C00,0x0000
0.0427685800,5,0x1C00,0x0000
0.0427730200,5,0x1C00,0x0000
0.0427774700,5,0x1C00,0x0000
0.0427819100,5,0x1C00,0x0000
0.0427863600,5,0x1C00,0x0000
0.0427908000,5,0x1C00,0x0000
0.0427952400,5,0x1C00,0x0000
0.0427996900,5,0x1C00,0x0000
0.0428041300,5,0x1C00,0x0000
0.0428085800,5,0x1C00,0x0000
0.0428130200,5,0x1C00,0x0000
0.0428174700,5,0x1C00,0x0000
0.0428219100,5,0x1C00,0x0000
0.0428263600,5,0x1C00,0x0000
0.0428308000,5,0x1C00,0x0000
0.0428352500,5,0x1C00,0x0000
0.0428396900,5,0x1C00,0x0000
0.0428441300,5,0x1C00,0x0000
0.0428485800,5,0x1C00,0x0000
0.0428530200,5,0x1C00,0x0000
0.0428574700,5,0x1C00,0x0000
0.0428619100,5,0x1C00,0x0000
0.0428663600,5,0x1C00,0x0000
0.0428708000,5,0x1C00,0x0000
0.0428752500,5,0x1C00,0x0000
0.0428796900,5,0x1C00,0x0000
0.0428841300,5,0x1C00,0x0000
0.0428885800,5,0x1C00,0x0000
0.0428930200,5,0x1C00,0x0000
0.0428974700,5,0x1C00,0x0000
0.0429019100,5,0x1C00,0x0000
0.0429063600,5,0x1C00,0x0000
0.0429108000,5,0x1C00,0x0000
0.0429152500,5,0x1C00,0x0000
0.0429196900,5,0x1C00,0x0000
0.0429241300,5,0x1C00,0x0000
0.0429285800,5,0x1C00,0x0000
0.0429330200,5,0x1C00,0x0000
0.0429374700,5,0x1C00,0x0000
0.0429419100,5,0x1C00,0x0000
0.0429463600,5,0x1C00,0x0000
0.0429508000,5,0x1C00,0x0000
0.0429552500,5,0x1C00,0x0000
0.0429596900,5,0x1C00,0x0000
0.0429641300,5,0x1C00,0x0000
0.0429685800,5,0x1C00,0x0000
0.0429730200,5,0x1C00,0x0000
0.0429774700,5,0x1C00,0x0000
0.0429819100,5,0x1C00,0x0000
0.0429863600,5,0x1C00,0x0000
0.0429908000,5,0x1C00,0x0000
0.0429952500,5,0x1C00,0x0000
0.0429996900,5,0x1C00,0x0000
0.0430041300,5,0x1C00,0x0000
0.0430085800,5,0x1C00,0x0000
0.0430130200,5,0x1C00,0x0000
0.0430174700,5,0x1C00,0x0000
0.0430219100,5,0x1C00,0x0000
0.0430263600,5,0x1C00,0x0000
0.0430308000,5,0x1C00,0x0000
0.0430352500,5,0x1C00,0x0000
0.0430396900,5,0x1C00,0x0000
0.0430441400,5,0x1C00,0x0000
0.0430485800,5,0x1C00,0x0000
0.0430530200,5,0x1C00,0x0000
0.0430574700,5,0x1C00,0x0000
0.0430619100,5,0x1C00,0x0000
0.0430663600,5,0x1C00,0x0000
0.0430708000,5,0x1C00,0x0000
0.0430752500,5,0x1C00,0x0000
0.0430796900,5,0x1C00,0x0000
0.0430841400,5,0x1C00,0x0000
0.0430885800,5,0x1C00,0x0000
0.0430930200,5,0x1C00,0x0000
0.0430974700,5,0x1C00,0x0000
0.0431019100,5,0x1C00,0x0000
0.0431063600,5,0x1C00,0x0000
0.0431108000,5,0x1C00,0x0000
0.0431152500,5,0x1C00,0x0000
0.0431196900,5,0x1C00,0x0000
0.0431241400,5,0x1C00,0x0000
0.0431285800,5,0x1C00,0x0000
0.0431330200,5,0x1C00,0x0000
0.0431374700,5,0x1C00,0x0000
0.0431419100,5,0x1C00,0x0000
0.0431463600,5,0x1C00,0x0000
0.0431508000,5,0x1C00,0x0000
0.0431552500,5,0x1C00,0x0000
0.0431596900,5,0x1C00,0x0000
0.0431641400,5,0x1C00,0x0000
0.0431685800,5,0x1C00,0x0000
0.0431730300,5,0x1C00,0x0000
0.0431774700,5,0x1C00,0x0000
0.0431819100,5,0x1C00,0x0000
0.0431863600,5,0x1C00,0x0000
0.0431908000,5,0x1C00,0x0000
0.0431952500,5,0x1C00,0x0000
0.0431996900,5,0x1C00,0x0000
0.0432041400,5,0x1C00,0x0000
0.0432085800,5,0x1C00,0x0000
0.0432130200,5,0x1C00,0x0000
0.0432174700,5,0x1C00,0x0000
0.0432219100,5,0x1C00,0x0000
0.0432263600,5,0x1C00,0x0000
0.0432308000,5,0x1C00,0x0000
0.0432352500,5,0x1C00,0x0000
0.0432396900,5,0x1C00,0x0000
0.0432441400,5,0x1C00,0x0000
0.0432485800,5,0x1C00,0x0000
0.0432530300,5,0x1C00,0x0000
0.0432574700,5,0x1C00,0x0000
0.0432619100,5,0x1C00,0x0000
0.0432663600,5,0x1C00,0x0000
0.0432708000,5,0x1C00,0x0000
0.0432752500,5,0x1C00,0x0000
0.0432796900,5,0x1C00,0x0000
0.0432841400,5,0x1C00,0x0000
0.0432885800,5,0x1C00,0x0000
0.0432930300,5,0x1C00,0x0000
0.0432974700,5,0x1C00,0x0000
0.0433019100,5,0x1C00,0x0000
0.0433063600,5,0x1C00,0x0000
0.0433108000,5,0x1C00,0x0000
0.0433152500,5,0x1C00,0x0000
0.0433196900,5,0x1C00,0x0000
0.0433241400,5,0x1C00,0x0000
0.0433285800,5,0x1C00,0x0000
0.0433330300,5,0x1C00,0x0000
0.0433374700,5,0x1C00,0x0000
0.0433419100,5,0x1C00,0x0000
0.0433463600,5,0x1C00,0x0000
0.0433508000,5,0x1C00,0x0000
0.0433552500,5,0x1C00,0x0000
0.0433596900,5,0x1C00,0x0000
0.0433641400,5,0x1C00,0x0000
0.0433685800,5,0x1C00,0x0000
0.0433730300,5,0x1C00,0x0000
0.0433774700,5,0x1C00,0x0000
0.0433819100,5,0x1C00,0x0000
0.0433863600,5,0x1C00,0x0000
0.0433908000,5,0x1C00,0x0000
0.0433952500,5,0x1C00,0x0000
0.0433996900,5,0x1C00,0x0000
0.0434041400,5,0x1C00,0x0000
0.0434085800,5,0x1C00,0x0000
0.0434130300,5,0x1C00,0x0000
0.0434174700,5,0x1C00,0x0000
0.0434219100,5,0x1C00,0x0000
0.0434263600,5,0x1C00,0x0000
0.0434308000,5,0x1C00,0x0000
0.0434352500,5,0x1C00,0x0000
0.0434396900,5,0x1C00,0x0000
0.0434441400,5,0x1C00,0x0000
0.0434485800,5,0x1C00,0x0000
0.0434530300,5,0x1C00,0x0000
0.0434574700,5,0x1C00,0x0000
0.0434619100,5,0x1C00,0x0000
0.0434663600,5,0x1C00,0x0000
0.0434708000,5,0x1C00,0x0000
0.0434752500,5,0x1C00,0x0000
0.0434796900,5,0x1C00,0x0000
0.0434841400,5,0x1C00,0x0000
0.0434885800,5,0x1C00,0x0000
0.0434930300,5,0x0000,0x0000
0.0434974700,5,0x0000,0x0000
0.0435019100,5,0x0000,0x0000
0.0486130600,6,0x55AA,0x0000
0.0486175000,6,0x2DEC,0x0000
0.0486219400,6,0x01FF,0x0000
0.0486263900,6,0x1C00,0x0000
0.0486308300,6,0x1C00,0x0000
0.0486352700,6,0x1C00,0x0000
0.0486397200,6,0x1C00,0x0000
0.0486441600,6,0x1C00,0x0000
0.0486486100,6,0x1C00,0x0000
0.0486530500,6,0x1C00,0x0000
0.0486575000,6,0x1C00,0x0000
0.0486619400,6,0x1C00,0x0000
0.0486663800,6,0x1C00,0x0000
0.0486708300,6,0x1C00,0x0000
0.0486752700,6,0x1C00,0x0000
0.0486797200,6,0x1C00,0x0000
0.0486841600,6,0x1C00,0x0000
0.0486886100,6,0x1C00,0x0000
0.0486930500,6,0x1C00,0x0000
0.0486975000,6,0x1C00,0x0000
0.0487019400,6,0x1C00,0x0000
0.0487063900,6,0x1C00,0x0000
0.0487108300,6,0x1C00,0x0000
0.0487152700,6,0x1C00,0x0000
0.0487197200,6,0x1C00,0x0000
0.0487241600,6,0x1C00,0x0000
0.0487286100,6,0x1C00,0x0000
0.0487330500,6,0x1C00,0x0000
0.0487375000,6,0x1C00,0x0000
0.0487419400,6,0x1C00,0x0000
0.0487463900,6,0x1C00,0x0000
0.0487508300,6,0x1C00,0x0000
0.0487552700,6,0x1C00,0x0000
0.0487597200,6,0x1C00,0x0000
0.0487641600,6,0x1C00,0x0000
0.0487686100,6,0x1C00,0x0000
0.0487730500,6,0x1C00,0x0000
0.0487775000,6,0x1C00,0x0000
0.0487819400,6,0x1C00,0x0000
0.0487863900,6,0x1C00,0x0000
0.0487908300,6,0x1C00,0x0000
0.0487952700,6,0x1C00,0x0000
0.0487997200,6,0x1C00,0x0000
0.0488041600,6,0x1C00,0x0000
0.0488086100,6,0x1C00,0x0000
0.0488130500,6,0x1C00,0x0000
0.0488175000,6,0x1C00,0x0000
0.0488219400,6,0x1C00,0x0000
0.0488263900,6,0x1C00,0x0000
0.0488308300,6,0x1C00,0x0000
0.0488352700,6,0x1C00,0x0000
0.0488397200,6,0x1C00,0x0000
0.0488441600,6,0x1C00,0x0000
0.0488486100,6,0x1C00,0x0000
0.0488530500,6,0x1C00,0x0000
0.0488575000,6,0x1C00,0x0000
0.0488619400,6,0x1C00,0x0000
0.0488663900,6,0x1C00,0x0000
0.0488708300,6,0x1C00,0x0000
0.0488752800,6,0x1C00,0x0000
0.0488797200,6,0x1C00,0x0000
0.0488841600,6,0x1C00,0x0000
0.0488886100,6,0x1C00,0x0000
0.0488930500,6,0x1C00,0x0000
0.0488975000,6,0x1C00,0x0000
0.0489019400,6,0x1C00,0x0000
0.0489063900,6,0x1C00,0x0000
0.0489108300,6,0x1C00,0x0000
0.0489152800,6,0x1C00,0x0000
0.0489197200,6,0x1C00,0x0000
0.0489241600,6,0x1C00,0x0000
0.0489286100,6,0x1C00,0x0000
0.0489330500,6,0x1C00,0x0000
0.0489375000,6,0x1C00,0x0000
0.0489419400,6,0x1C00,0x0000
0.0489463900,6,0x1C00,0x0000
0.0489508300,6,0x1C00,0x0000
0.0489552800,6,0x1C00,0x0000
0.0489597200,6,0x1C00,0x0000
0.0489641600,6,0x1C00,0x0000
0.0489686100,6,0x1C00,0x0000
0.0489730500,6,0x1C00,0x0000
0.0489775000,6,0x1C00,0x0000
0.0489819400,6,0x1C00,0x0000
0.0489863900,6,0x1C00,0x0000
0.0489908300,6,0x1C00,0x0000
0.0489952800,6,0x1C00,0x0000
0.0489997200,6,0x1C00,0x0000
0.0490041600,6,0x1C00,0x0000
0.0490086100,6,0x1C00,0x0000
0.0490130500,6,0x1C00,0x0000
0.0490175000,6,0x1C00,0x0000
0.0490219400,6,0x1C00,0x0000
0.0490263900,6,0x1C00,0x0000
0.0490308300,6,0x1C00,0x0000
0.0490352800,6,0x1C00,0x0000
0.0490397200,6,0x1C00,0x0000
0.0490441600,6,0x1C00,0x0000
0.0490486100,6,0x1C00,0x0000
0.0490530500,6,0x1C00,0x0000
0.0490575000,6,0x1C00,0x0000
0.0490619400,6,0x1C00,0x0000
0.0490663900,6,0x1C00,0x0000
0.0490708300,6,0x1C00,0x0000
0.0490752800,6,0x1C00,0x0000
0.0490797200,6,0x1C00,0x0000
0.0490841600,6,0x1C00,0x0000
0.0490886100,6,0x1C00,0x0000
0.0490930500,6,0x1C00,0x0000
0.0490975000,6,0x1C00,0x0000
0.0491019400,6,0x1C00,0x0000
0.0491063900,6,0x1C00,0x0000
0.0491108300,6,0x1C00,0x0000
0.0491152800,6,0x1C00,0x0000
0.0491197200,6,0x1C00,0x0000
0.0491241600,6,0x1C00,0x0000
0.0491286100,6,0x1C00,0x0000
0.0491330500,6,0x1C00,0x0000
0.0491375000,6,0x1C00,0x0000
0.0491419400,6,0x1C00,0x0000
0.0491463900,6,0x1C00,0x0000
0.0491508300,6,0x1C00,0x0000
0.0491552800,6,0x1C00,0x0000
0.0491597200,6,0x1C00,0x0000
0.0491641600,6,0x1C00,0x0000
0.0491686100,6,0x1C00,0x0000
0.0491730500,6,0x1C00,0x0000
0.0491775000,6,0x1C00,0x0000
0.0491819400,6,0x1C00,0x0000
0.0491863900,6,0x1C00,0x0000
0.0491908300,6,0x1C00,0x0000
0.0491952800,6,0x1C00,0x0000
0.0491997200,6,0x1C00,0x0000
0.0492041600,6,0x1C00,0x0000
0.0492086100,6,0x1C00,0x0000
0.0492130500,6,0x1C00,0x0000
0.0492175000,6,0x1C00,0x0000
0.0492219400,6,0x1C00,0x0000
0.0492263900,6,0x1C00,0x0000
0.0492308300,6,0x1C00,0x0000
0.0492352800,6,0x1C00,0x0000
0.0492397200,6,0x1C00,0x0000
0.0492441600,6,0x1C00,0x0000
0.0492486100,6,0x1C00,0x0000
0.0492530500,6,0x1C00,0x0000
0.0492575000,6,0x1C00,0x0000
0.0492619400,6,0x1C00,0x0000
0.0492663900,6,0x1C00,0x0000
0.0492708300,6,0x1C00,0x0000
0.0492752800,6,0x1C00,0x0000
0.0492797200,6,0x1C00,0x0000
0.0492841600,6,0x1C00,0x0000
0.0492886100,6,0x1C00,0x0000
0.0492930500,6,0x1C00,0x0000
0.0492975000,6,0x1C00,0x0000
0.0493019400,6,0x1C00,0x0000
0.0493063900,6,0x1C00,0x0000
0.0493108300,6,0x1C00,0x0000
0.0493152800,6,0x1C00,0x0000
0.0493197200,6,0x1C00,0x0000
0.0493241700,6,0x1C00,0x0000
0.0493286100,6,0x1C00,0x0000
0.0493330600,6,0x1C00,0x0000
0.0493375000,6,0x1C00,0x0000
0.0493419400,6,0x1C00,0x0000
0.0493463900,6,0x1C00,0x0000
0.0493508300,6,0x1C00,0x0000
0.0493552800,6,0x1C00,0x0000
0.0493597200,6,0x1C00,0x0000
0.0493641700,6,0x1C00,0x0000
0.0493686100,6,0x1C00,0x0000
0.0493730600,6,0x1C00,0x0000
0.0493775000,6,0x1C00,0x0000
0.0493819400,6,0x1C00,0x0000
0.0493863900,6,0x1C00,0x0000
0.0493908300,6,0x1C00,0x0000
0.0493952800,6,0x1C00,0x0000
0.0493997200,6,0x1C00,0x0000
0.0494041700,6,0x1C00,0x0000
0.0494086100,6,0x1C00,0x0000
0.0494130600,6,0x1C00,0x0000
0.0494175000,6,0x1C00,0x0000
0.0494219400,6,0x1C00,0x0000
0.0494263900,6,0x1C00,0x0000
0.0494308300,6,0x1C00,0x0000
0.0494352800,6,0x1C00,0x0000
0.0494397200,6,0x1C00,0x0000
0.0494441700,6,0x1C00,0x0000
0.0494486100,6,0x1C00,0x0000
0.0494530600,6,0x1C00,0x0000
0.0494575000,6,0x1C00,0x0000
0.0494619400,6,0x1C00,0x0000
0.0494663900,6,0x1C00,0x0000
0.0494708300,6,0x1C00,0x0000
0.0494752800,6,0x1C00,0x0000
0.0494797200,6,0x1C00,0x0000
0.0494841700,6,0x1C00,0x0000
0.0494886100,6,0x1C00,0x0000
0.0494930600,6,0x1C00,0x0000
0.0494975000,6,0x1C00,0x0000
0.0495019400,6,0x1C00,0x0000
0.0495063900,6,0x1C00,0x0000
0.0495108300,6,0x1C00,0x0000
0.0495152800,6,0x1C00,0x0000
0.0495197200,6,0x1C00,0x0000
0.0495241700,6,0x1C00,0x0000
0.0495286100,6,0x1C00,0x0000
0.0495330600,6,0x1C00,0x0000
0.0495375000,6,0x1C00,0x0000
0.0495419500,6,0x1C00,0x0000
0.0495463900,6,0x1C00,0x0000
0.0495508300,6,0x1C00,0x0000
0.0495552800,6,0x1C00,0x0000
0.0495597200,6,0x1C00,0x0000
0.0495641700,6,0x1C00,0x0000
0.0495686100,6,0x1C00,0x0000
0.0495730600,6,0x1C00,0x0000
0.0495775000,6,0x1C00,0x0000
0.0495819500,6,0x1C00,0x0000
0.0495863900,6,0x1C00,0x0000
0.0495908300,6,0x1C00,0x0000
0.0495952800,6,0x1C00,0x0000
0.0495997200,6,0x1C00,0x0000
0.0496041700,6,0x1C00,0x0000
0.0496086100,6,0x1C00,0x0000
0.0496130600,6,0x1C00,0x0000
0.0496175000,6,0x1C00,0x0000
0.0496219500,6,0x1C00,0x0000
0.0496263900,6,0x1C00,0x0000
0.0496308300,6,0x1C00,0x0000
0.0496352800,6,0x1C00,0x0000
0.0496397200,6,0x5BDD,0x0000
0.0496441700,6,0x5BE8,0x0000
0.0496486100,6,0x5BE8,0x0000
0.0496530600,6,0x5BE8,0x0000
0.0496575000,6,0x5BE8,0x0000
0.0496619500,6,0x5BE8,0x0000
0.0496663900,6,0x5BE8,0x0000
0.0496708300,6,0x5BE8,0x0000
0.0496752800,6,0x5BE8,0x0000
0.0496797200,6,0x5BE8,0x0000
0.0496841700,6,0x5BE8,0x0000
0.0496886100,6,0x5BD7,0x0000
0.0496930600,6,0x1C00,0x0000
0.0496975000,6,0x1C00,0x0000
0.0497019500,6,0x1C00,0x0000
0.0497063900,6,0x1C00,0x0000
0.0497108300,6,0x1C00,0x0000
0.0497152800,6,0x1C00,0x0000
0.0497197200,6,0x1C00,0x0000
0.0497241700,6,0x1C00,0x0000
0.0497286100,6,0x1C00,0x0000
0.0497330600,6,0x1C00,0x0000
0.0497375000,6,0x1C00,0x0000
0.0497419500,6,0x1C00,0x0000
0.0497463900,6,0x1C00,0x0000
0.0497508400,6,0x1C00,0x0000
0.0497552800,6,0x1C00,0x0000
0.0497597200,6,0x1C00,0x0000
0.0497641700,6,0x1C00,0x0000
0.0497686100,6,0x1C00,0x0000
0.0497730600,6,0x1C00,0x0000
0.0497775000,6,0x1C00,0x0000
0.0497819500,6,0x1C00,0x0000
0.0497863900,6,0x1C00,0x0000
0.0497908400,6,0x1C00,0x0000
0.0497952800,6,0x1C00,0x0000
0.0497997200,6,0x83E2,0x0000
0.0498041700,6,0x83EA,0x0000
0.0498086100,6,0x83EA,0x0000
0.0498130600,6,0x83EA,0x0000
0.0498175000,6,0x83EA,0x0000
0.0498219500,6,0x83EA,0x0000
0.0498263900,6,0x83EA,0x0000
0.0498308300,6,0x83EA,0x0000
0.0498352800,6,0x83EA,0x0000
0.0498397200,6,0x83EA,0x0000
0.0498441700,6,0x83EA,0x0000
0.0498486100,6,0x83E2,0x0000
0.0498530600,6,0x1C00,0x0000
0.0498575000,6,0x1C00,0x0000
0.0498619500,6,0x1C00,0x0000
0.0498663900,6,0x1C00,0x0000
0.0498708400,6,0x1C00,0x0000
0.0498752800,6,0x1C00,0x0000
0.0498797200,6,0x1C00,0x0000
0.0498841700,6,0x1C00,0x0000
0.0498886100,6,0x1C00,0x0000
0.0498930600,6,0x1C00,0x0000
0.0498975000,6,0x1C00,0x0000
0.0499019500,6,0x1C00,0x0000
0.0499063900,6,0x1C00,0x0000
0.0499108400,6,0x1C00,0x0000
0.0499152800,6,0x1C00,0x0000
0.0499197300,6,0x1C00,0x0000
0.0499241700,6,0x1C00,0x0000
0.0499286100,6,0x1C00,0x0000
0.0499330600,6,0x1C00,0x0000
0.0499375000,6,0x1C00,0x0000
0.0499419500,6,0x1C00,0x0000
0.0499463900,6,0x1C00,0x0000
0.0499508400,6,0x1C00,0x0000
0.0499552800,6,0x1C00,0x0000
0.0499597200,6,0x83E2,0x0000
0.0499641700,6,0x83EA,0x0000
0.0499686100,6,0x83EA,0x0000
0.0499730600,6,0x83EA,0x0000
0.0499775000,6,0x83EA,0x0000
0.0499819500,6,0x83EA,0x0000
0.0499863900,6,0x83EA,0x0000
0.0499908400,6,0x83EA,0x0000
0.0499952800,6,0x83EA,0x0000
0.0499997200,6,0x83EA,0x0000
0.0500041700,6,0x83EA,0x0000
0.0500086100,6,0x83E2,0x0000
0.0500130600,6,0x1C00,0x0000
0.0500175000,6,0x1C00,0x0000
0.0500219500,6,0x1C00,0x0000
0.0500263900,6,0x1C00,0x0000
0.0500308400,6,0x1C00,0x0000
0.0500352800,6,0x1C00,0x0000
0.0500397200,6,0x1C00,0x0000
0.0500441700,6,0x1C00,0x0000
0.0500486100,6,0x1C00,0x0000
0.0500530600,6,0x1C00,0x0000
0.0500575000,6,0x1C00,0x0000
0.0500619500,6,0x1C00,0x0000
0.0500663900,6,0x1C00,0x0000
0.0500708400,6,0x1C00,0x0000
0.0500752800,6,0x1C00,0x0000
0.0500797300,6,0x1C00,0x0000
0.0500841700,6,0x1C00,0x0000
0.0500886100,6,0x1C00,0x0000
0.0500930600,6,0x1C00,0x0000
0.0500975000,6,0x1C00,0x0000
0.0501019500,6,0x1C00,0x0000
0.0501063900,6,0x1C00,0x0000
0.0501108400,6,0x1C00,0x0000
0.0501152800,6,0x1C00,0x0000
0.0501197300,6,0x83E2,0x0000
0.0501241700,6,0x83EA,0x0000
0.0501286100,6,0x83EA,0x0000
0.0501330600,6,0x83EA,0x0000
0.0501375000,6,0x83EA,0x0000
0.0501419500,6,0x83EA,0x0000
0.0501463900,6,0x83EA,0x0000
0.0501508400,6,0x83EA,0x0000
0.0501552800,6,0x83EA,0x0000
0.0501597300,6,0x83EA,0x0000
0.0501641700,6,0x83EA,0x0000
0.0501686100,6,0x83E2,0x0000
0.0501730600,6,0x1C00,0x0000
0.0501775000,6,0x1C00,0x0000
0.0501819500,6,0x1C00,0x0000
0.0501863900,6,0x1C00,0x0000
0.0501908400,6,0x1C00,0x0000
0.0501952800,6,0x1C00,0x0000
0.0501997300,6,0x1C00,0x0000
0.0502041700,6,0x1C00,0x0000
0.0502086100,6,0x1C00,0x0000
0.0502130600,6,0x1C00,0x0000
0.0502175000,6,0x1C00,0x0000
0.0502219500,6,0x1C00,0x0000
0.0502263900,6,0x1C00,0x0000
0.0502308400,6,0x1C00,0x0000
0.0502352800,6,0x1C00,0x0000
0.0502397300,6,0x1C00,0x0000
0.0502441700,6,0x1C00,0x0000
0.0502486100,6,0x1C00,0x0000
0.0502530600,6,0x1C00,0x0000
0.0502575000,6,0x1C00,0x0000
0.0502619500,6,0x1C00,0x0000
0.0502663900,6,0x1C00,0x0000
0.0502708400,6,0x1C00,0x0000
0.0502752800,6,0x1C00,0x0000
0.0502797300,6,0x83E2,0x0000
0.0502841700,6,0x83EA,0x0000
0.0502886100,6,0x83EA,0x0000
0.0502930600,6,0x83EA,0x0000
0.0502975000,6,0x83EA,0x0000
0.0503019500,6,0x83EA,0x0000
0.0503063900,6,0x83EA,0x0000
0.0503108400,6,0x83EA,0x0000
0.0503152800,6,0x83EA,0x0000
0.0503197300,6,0x83EA,0x0000
0.0503241700,6,0x83EA,0x0000
0.0503286100,6,0x83E2,0x0000
0.0503330600,6,0x1C00,0x0000
0.0503375000,6,0x1C00,0x0000
0.0503419500,6,0x1C00,0x0000
0.0503463900,6,0x1C00,0x0000
0.0503508400,6,0x1C00,0x0000
0.0503552800,6,0x1C00,0x0000
0.0503597300,6,0x1C00,0x0000
0.0503641700,6,0x1C00,0x0000
0.0503686100,6,0x1C00,0x0000
0.0503730600,6,0x1C00,0x0000
0.0503775000,6,0x1C00,0x0000
0.0503819500,6,0x1C00,0x0000
0.0503863900,6,0x1C00,0x0000
0.0503908400,6,0x1C00,0x0000
0.0503952800,6,0x1C00,0x0000
0.0503997300,6,0x1C00,0x0000
0.0504041700,6,0x1C00,0x0000
0.0504086200,6,0x1C00,0x0000
0.0504130600,6,0x1C00,0x0000
0.0504175100,6,0x1C00,0x0000
0.0504219500,6,0x1C00,0x0000
0.0504263900,6,0x1C00,0x0000
0.0504308400,6,0x1C00,0x0000
0.0504352800,6,0x1C00,0x0000
0.0504397300,6,0x83E2,0x0000
0.0504441700,6,0x83EA,0x0000
0.0504486100,6,0x83EA,0x0000
0.0504530600,6,0x83EA,0x0000
0.0504575000,6,0x83EA,0x0000
0.0504619500,6,0x83EA,0x0000
0.0504663900,6,0x83EA,0x0000
0.0504708400,6,0x83EA,0x0000
0.0504752800,6,0x83EA,0x0000
0.0504797300,6,0x83EA,0x0000
0.0504841700,6,0x83EA,0x0000
0.0504886100,6,0x83E2,0x0000
0.0504930600,6,0x1C00,0x0000
0.0504975100,6,0x1C00,0x0000
0.0505019500,6,0x1C00,0x0000
0.0505063900,6,0x1C00,0x0000
0.0505108400,6,0x1C00,0x0000
0.0505152800,6,0x1C00,0x0000
0.0505197300,6,0x1C00,0x0000
0.0505241700,6,0x1C00,0x0000
0.0505286200,6,0x1C00,0x0000
0.0505330600,6,0x1C00,0x0000
0.0505375100,6,0x1C00,0x0000
0.0505419500,6,0x1C00,0x0000
0.0505463900,6,0x1C00,0x0000
0.0505508400,6,0x1C00,0x0000
0.0505552800,6,0x1C00,0x0000
0.0505597300,6,0x1C00,0x0000
0.0505641700,6,0x1C00,0x0000
0.0505686200,6,0x1C00,0x0000
0.0505730600,6,0x1C00,0x0000
0.0505775100,6,0x1C00,0x0000
0.0505819500,6,0x1C00,0x0000
0.0505863900,6,0x1C00,0x0000
0.0505908400,6,0x1C00,0x0000
0.0505952800,6,0x1C00,0x0000
0.0505997300,6,0x83E2,0x0000
0.0506041700,6,0x83EA,0x0000
0.0506086200,6,0x83EA,0x0000
0.0506130600,6,0x83EA,0x0000
0.0506175100,6,0x83EA,0x0000
0.0506219500,6,0x83EA,0x0000
0.0506263900,6,0x83EA,0x0000
0.0506308400,6,0x83EA,0x0000
0.0506352800,6,0x83EA,0x0000
0.0506397300,6,0x83EA,0x0000
0.0506441700,6,0x83EA,0x0000
0.0506486200,6,0x83E2,0x0000
0.0506530600,6,0x1C00,0x0000
0.0506575100,6,0x1C00,0x0000
0.0506619500,6,0x1C00,0x0000
0.0506664000,6,0x1C00,0x0000
0.0506708400,6,0x1C00,0x0000
0.0506752800,6,0x1C00,0x0000
0.0506797300,6,0x1C00,0x0000
0.0506841700,6,0x1C00,0x0000
0.0506886200,6,0x1C00,0x0000
0.0506930600,6,0x1C00,0x0000
0.0506975100,6,0x1C00,0x0000
0.0507019500,6,0x1C00,0x0000
0.0507064000,6,0x1C00,0x0000
0.0507108400,6,0x1C00,0x0000
0.0507152800,6,0x1C00,0x0000
0.0507197300,6,0x1C00,0x0000
0.0507241700,6,0x1C00,0x0000
0.0507286200,6,0x1C00,0x0000
0.0507330600,6,0x1C00,0x0000
0.0507375100,6,0x1C00,0x0000
0.0507419500,6,0x1C00,0x0000
0.0507464000,6,0x1C00,0x0000
0.0507508400,6,0x1C00,0x0000
0.0507552800,6,0x1C00,0x0000
0.0507597300,6,0x5BD1,0x0000
0.0507641700,6,0x5BE3,0x0000
0.0507686200,6,0x5BE3,0x0000
0.0507730600,6,0x5BE3,0x0000
0.0507775100,6,0x5BE3,0x0000
0.0507819500,6,0x5BE3,0x0000
0.0507864000,6,0x5BE3,0x0000
0.0507908400,6,0x5BE3,0x0000
0.0507952900,6,0x5BE3,0x0000
0.0507997300,6,0x5BE3,0x0000
0.0508041700,6,0x5BE3,0x0000
0.0508086200,6,0x5BD1,0x0000
0.0508130600,6,0x1C00,0x0000
0.0508175100,6,0x1C00,0x0000
0.0508219500,6,0x1C00,0x0000
0.0508264000,6,0x1C00,0x0000
0.0508308400,6,0x1C00,0x0000
0.0508352800,6,0x1C00,0x0000
0.0508397300,6,0x1C00,0x0000
0.0508441700,6,0x1C00,0x0000
0.0508486200,6,0x1C00,0x0000
0.0508530600,6,0x1C00,0x0000
0.0508575100,6,0x1C00,0x0000
0.0508619500,6,0x1C00,0x0000
0.0508664000,6,0x1C00,0x0000
0.0508708400,6,0x1C00,0x0000
0.0508752800,6,0x1C00,0x0000
0.0508797300,6,0x1C00,0x0000
0.0508841700,6,0x1C00,0x0000
0.0508886200,6,0x1C00,0x0000
0.0508930600,6,0x1C00,0x0000
0.0508975100,6,0x1C00,0x0000
0.0509019500,6,0x1C00,0x0000
0.0509064000,6,0x1C00,0x0000
0.0509108400,6,0x1C00,0x0000
0.0509152900,6,0x1C00,0x0000
0.0509197300,6,0x1C00,0x0000
0.0509241700,6,0x1C00,0x0000
0.0509286200,6,0x1C00,0x0000
0.0509330600,6,0x1C00,0x0000
0.0509375100,6,0x1C00,0x0000
0.0509419500,6,0x1C00,0x0000
0.0509464000,6,0x1C00,0x0000
0.0509508400,6,0x1C00,0x0000
0.0509552900,6,0x1C00,0x0000
0.0509597300,6,0x1C00,0x0000
0.0509641700,6,0x1C00,0x0000
0.0509686200,6,0x1C00,0x0000
0.0509730600,6,0x1C00,0x0000
0.0509775100,6,0x1C00,0x0000
0.0509819500,6,0x1C00,0x0000
0.0509864000,6,0x1C00,0x0000
0.0509908400,6,0x1C00,0x0000
0.0509952900,6,0x1C00,0x0000
0.0509997300,6,0x1C00,0x0000
0.0510041700,6,0x1C00,0x0000
0.0510086200,6,0x1C00,0x0000
0.0510130600,6,0x1C00,0x0000
0.0510175100,6,0x1C00,0x0000
0.0510219500,6,0x1C00,0x0000
0.0510264000,6,0x1C00,0x0000
0.0510308400,6,0x1C00,0x0000
0.0510352900,6,0x1C00,0x0000
0.0510397300,6,0x1C00,0x0000
0.0510441700,6,0x1C00,0x0000
0.0510486200,6,0x1C00,0x0000
0.0510530600,6,0x1C00,0x0000
0.0510575100,6,0x1C00,0x0000
0.0510619500,6,0x1C00,0x0000
0.0510664000,6,0x1C00,0x0000
0.0510708400,6,0x1C00,0x0000
0.0510752900,6,0x1C00,0x0000
0.0510797300,6,0x1C00,0x0000
0.0510841700,6,0x1C00,0x0000
0.0510886200,6,0x1C00,0x0000
0.0510930600,6,0x1C00,0x0000
0.0510975100,6,0x1C00,0x0000
0.0511019500,6,0x1C00,0x0000
0.0511064000,6,0x1C00,0x0000
0.0511108400,6,0x1C00,0x0000
0.0511152900,6,0x1C00,0x0000
0.0511197300,6,0x1C00,0x0000
0.0511241800,6,0x1C00,0x0000
0.0511286200,6,0x1C00,0x0000
0.0511330600,6,0x1C00,0x0000
0.0511375100,6,0x1C00,0x0000
0.0511419500,6,0x1C00,0x0000
0.0511464000,6,0x1C00,0x0000
0.0511508400,6,0x1C00,0x0000
0.0511552900,6,0x1C00,0x0000
0.0511597300,6,0x1C00,0x0000
0.0511641800,6,0x1C00,0x0000
0.0511686200,6,0x1C00,0x0000
0.0511730600,6,0x1C00,0x0000
0.0511775100,6,0x1C00,0x0000
0.0511819500,6,0x1C00,0x0000
0.0511864000,6,0x1C00,0x0000
0.0511908400,6,0x1C00,0x0000
0.0511952900,6,0x1C00,0x0000
0.0511997300,6,0x1C00,0x0000
0.0512041800,6,0x1C00,0x0000
0.0512086200,6,0x1C00,0x0000
0.0512130600,6,0x1C00,0x0000
0.0512175100,6,0x1C00,0x0000
0.0512219500,6,0x1C00,0x0000
0.0512264000,6,0x1C00,0x0000
0.0512308400,6,0x1C00,0x0000
0.0512352900,6,0x1C00,0x0000
0.0512397300,6,0x1C00,0x0000
0.0512441800,6,0x1C00,0x0000
0.0512486200,6,0x1C00,0x0000
0.0512530600,6,0x1C00,0x0000
0.0512575100,6,0x1C00,0x0000
0.0512619500,6,0x1C00,0x0000
0.0512664000,6,0x1C00,0x0000
0.0512708400,6,0x1C00,0x0000
0.0512752900,6,0x1C00,0x0000
0.0512797300,6,0x1C00,0x0000
0.0512841800,6,0x1C00,0x0000
0.0512886200,6,0x1C00,0x0000
0.0512930600,6,0x1C00,0x0000
0.0512975100,6,0x1C00,0x0000
0.0513019500,6,0x1C00,0x0000
0.0513064000,6,0x1C00,0x0000
0.0513108400,6,0x1C00,0x0000
0.0513152900,6,0x1C00,0x0000
0.0513197300,6,0x1C00,0x0000
0.0513241800,6,0x1C00,0x0000
0.0513286200,6,0x1C00,0x0000
0.0513330600,6,0x1C00,0x0000
0.0513375100,6,0x1C00,0x0000
0.0513419500,6,0x1C00,0x0000
0.0513464000,6,0x1C00,0x0000
0.0513508400,6,0x1C00,0x0000
0.0513552900,6,0x1C00,0x0000
0.0513597300,6,0x1C00,0x0000
0.0513641800,6,0x1C00,0x0000
0.0513686200,6,0x1C00,0x0000
0.0513730600,6,0x1C00,0x0000
0.0513775100,6,0x1C00,0x0000
0.0513819500,6,0x1C00,0x0000
0.0513864000,6,0x1C00,0x0000
0.0513908400,6,0x1C00,0x0000
0.0513952900,6,0x1C00,0x0000
0.0513997300,6,0x1C00,0x0000
0.0514041800,6,0x1C00,0x0000
0.0514086200,6,0x1C00,0x0000
0.0514130600,6,0x1C00,0x0000
0.0514175100,6,0x1C00,0x0000
0.0514219500,6,0x1C00,0x0000
0.0514264000,6,0x1C00,0x0000
0.0514308400,6,0x1C00,0x0000
0.0514352900,6,0x1C00,0x0000
0.0514397300,6,0x1C00,0x0000
0.0514441800,6,0x1C00,0x0000
0.0514486200,6,0x1C00,0x0000
0.0514530700,6,0x1C00,0x0000
0.0514575100,6,0x1C00,0x0000
0.0514619500,6,0x1C00,0x0000
0.0514664000,6,0x1C00,0x0000
0.0514708400,6,0x1C00,0x0000
0.0514752900,6,0x1C00,0x0000
0.0514797300,6,0x1C00,0x0000
0.0514841800,6,0x1C00,0x0000
0.0514886200,6,0x1C00,0x0000
0.0514930600,6,0x1C00,0x0000
0.0514975100,6,0x1C00,0x0000
0.0515019500,6,0x1C00,0x0000
0.0515064000,6,0x1C00,0x0000
0.0515108400,6,0x1C00,0x0000
0.0515152900,6,0x1C00,0x0000
0.0515197300,6,0x1C00,0x0000
0.0515241800,6,0x1C00,0x0000
0.0515286200,6,0x1C00,0x0000
0.0515330700,6,0x1C00,0x0000
0.0515375100,6,0x1C00,0x0000
0.0515419600,6,0x1C00,0x0000
0.0515464000,6,0x1C00,0x0000
0.0515508400,6,0x1C00,0x0000
0.0515552900,6,0x1C00,0x0000
0.0515597300,6,0x1C00,0x0000
0.0515641800,6,0x1C00,0x0000
0.0515686200,6,0x1C00,0x0000
0.0515730700,6,0x1C00,0x0000
0.0515775100,6,0x1C00,0x0000
0.0515819500,6,0x1C00,0x0000
0.0515864000,6,0x1C00,0x0000
0.0515908400,6,0x1C00,0x0000
0.0515952900,6,0x1C00,0x0000
0.0515997300,6,0x1C00,0x0000
0.0516041800,6,0x1C00,0x0000
0.0516086200,6,0x1C00,0x0000
0.0516130700,6,0x1C00,0x0000
0.0516175100,6,0x1C00,0x0000
0.0516219600,6,0x1C00,0x0000
0.0516264000,6,0x1C00,0x0000
0.0516308400,6,0x1C00,0x0000
0.0516352900,6,0x1C00,0x0000
0.0516397300,6,0x1C00,0x0000
0.0516441800,6,0x1C00,0x0000
0.0516486200,6,0x1C00,0x0000
0.0516530700,6,0x1C00,0x0000
0.0516575100,6,0x1C00,0x0000
0.0516619600,6,0x1C00,0x0000
0.0516664000,6,0x1C00,0x0000
0.0516708400,6,0x1C00,0x0000
0.0516752900,6,0x1C00,0x0000
0.0516797300,6,0x1C00,0x0000
0.0516841800,6,0x1C00,0x0000
0.0516886200,6,0x1C00,0x0000
0.0516930700,6,0x1C00,0x0000
0.0516975100,6,0x1C00,0x0000
0.0517019600,6,0x1C00,0x0000
0.0517064000,6,0x1C00,0x0000
0.0517108400,6,0x1C00,0x0000
0.0517152900,6,0x1C00,0x0000
0.0517197300,6,0x1C00,0x0000
0.0517241800,6,0x1C00,0x0000
0.0517286200,6,0x1C00,0x0000
0.0517330700,6,0x1C00,0x0000
0.0517375100,6,0x1C00,0x0000
0.0517419600,6,0x1C00,0x0000
0.0517464000,6,0x1C00,0x0000
0.0517508400,6,0x1C00,0x0000
0.0517552900,6,0x1C00,0x0000
0.0517597300,6,0x1C00,0x0000
0.0517641800,6,0x1C00,0x0000
0.0517686200,6,0x1C00,0x0000
0.0517730700,6,0x1C00,0x0000
0.0517775100,6,0x1C00,0x0000
0.0517819600,6,0x1C00,0x0000
0.0517864000,6,0x1C00,0x0000
0.0517908500,6,0x1C00,0x0000
0.0517952900,6,0x1C00,0x0000
0.0517997300,6,0x1C00,0x0000
0.0518041800,6,0x1C00,0x0000
0.0518086200,6,0x1C00,0x0000
0.0518130700,6,0x1C00,0x0000
0.0518175100,6,0x1C00,0x0000
0.0518219600,6,0x1C00,0x0000
0.0518264000,6,0x0000,0x0000
0.0518308500,6,0x0000,0x0000
0.0518352900,6,0x0000,0x0000
0.0569464300,7,0x55AA,0x0000
0.0569508700,7,0x2DEC,0x0000
0.0569553100,7,0x01FF,0x0000
0.0569597600,7,0x1C00,0x0000
0.0569642000,7,0x1C00,0x0000
0.0569686500,7,0x1C00,0x0000
0.0569730900,7,0x1C00,0x0000
0.0569775400,7,0x1C00,0x0000
0.0569819800,7,0x1C00,0x0000
0.0569864300,7,0x1C00,0x0000
0.0569908700,7,0x1C00,0x0000
0.0569953100,7,0x1C00,0x0000
0.0569997600,7,0x1C00,0x0000
0.0570042000,7,0x1C00,0x0000
0.0570086500,7,0x1C00,0x0000
0.0570130900,7,0x1C00,0x0000
0.0570175400,7,0x1C00,0x0000
0.0570219800,7,0x1C00,0x0000
0.0570264300,7,0x1C00,0x0000
0.0570308700,7,0x1C00,0x0000
0.0570353100,7,0x1C00,0x0000
0.0570397600,7,0x1C00,0x0000
0.0570442000,7,0x1C00,0x0000
0.0570486500,7,0x1C00,0x0000
0.0570530900,7,0x1C00,0x0000
0.0570575400,7,0x1C00,0x0000
0.0570619800,7,0x1C00,0x0000
0.0570664300,7,0x1C00,0x0000
0.0570708700,7,0x1C00,0x0000
0.0570753100,7,0x1C00,0x0000
0.0570797600,7,0x1C00,0x0000
0.0570842000,7,0x1C00,0x0000
0.0570886500,7,0x1C00,0x0000
0.0570930900,7,0x1C00,0x0000
0.0570975400,7,0x1C00,0x0000
0.0571019800,7,0x1C00,0x0000
0.0571064300,7,0x1C00,0x0000
0.0571108700,7,0x1C00,0x0000
0.0571153100,7,0x1C00,0x0000
0.0571197600,7,0x1C00,0x0000
0.0571242000,7,0x1C00,0x0000
0.0571286500,7,0x1C00,0x0000
0.0571330900,7,0x1C00,0x0000
0.0571375400,7,0x1C00,0x0000
0.0571419800,7,0x1C00,0x0000
0.0571464300,7,0x1C00,0x0000
0.0571508700,7,0x1C00,0x0000
0.0571553200,7,0x1C00,0x0000
0.0571597600,7,0x1C00,0x0000
0.0571642100,7,0x1C00,0x0000
0.0571686500,7,0x1C00,0x0000
0.0571730900,7,0x1C00,0x0000
0.0571775400,7,0x1C00,0x0000
0.0571819800,7,0x1C00,0x0000
0.0571864300,7,0x1C00,0x0000
0.0571908700,7,0x1C00,0x0000
0.0571953200,7,0x1C00,0x0000
0.0571997600,7,0x1C00,0x0000
0.0572042100,7,0x1C00,0x0000
0.0572086500,7,0x1C00,0x0000
0.0572130900,7,0x1C00,0x0000
0.0572175400,7,0x1C00,0x0000
0.0572219800,7,0x1C00,0x0000
0.0572264300,7,0x1C00,0x0000
0.0572308700,7,0x1C00,0x0000
0.0572353200,7,0x1C00,0x0000
0.0572397600,7,0x1C00,0x0000
0.0572442100,7,0x1C00,0x0000
0.0572486500,7,0x1C00,0x0000
0.0572530900,7,0x1C00,0x0000
0.0572575400,7,0x1C00,0x0000
0.0572619800,7,0x1C00,0x0000
0.0572664300,7,0x1C00,0x0000
0.0572708700,7,0x1C00,0x0000
0.0572753200,7,0x1C00,0x0000
0.0572797600,7,0x1C00,0x0000
0.0572842000,7,0x1C00,0x0000
0.0572886500,7,0x1C00,0x0000
0.0572930900,7,0x1C00,0x0000
0.0572975400,7,0x1C00,0x0000
0.0573019800,7,0x1C00,0x0000
0.0573064300,7,0x1C00,0x0000
0.0573108700,7,0x1C00,0x0000
0.0573153200,7,0x1C00,0x0000
0.0573197600,7,0x1C00,0x0000
0.0573242100,7,0x1C00,0x0000
0.0573286500,7,0x1C00,0x0000
0.0573330900,7,0x1C00,0x0000
0.0573375400,7,0x1C00,0x0000
0.0573419800,7,0x1C00,0x0000
0.0573464300,7,0x1C00,0x0000
0.0573508700,7,0x1C00,0x0000
0.0573553200,7,0x1C00,0x0000
0.0573597600,7,0x1C00,0x0000
0.0573642100,7,0x1C00,0x0000
0.0573686500,7,0x1C00,0x0000
0.0573731000,7,0x1C00,0x0000
0.0573775400,7,0x1C00,0x0000
0.0573819800,7,0x1C00,0x0000
0.0573864300,7,0x1C00,0x0000
0.0573908700,7,0x1C00,0x0000
0.0573953200,7,0x1C00,0x0000
0.0573997600,7,0x1C00,0x0000
0.0574042100,7,0x1C00,0x0000
0.0574086500,7,0x1C00,0x0000
0.0574131000,7,0x1C00,0x0000
0.0574175400,7,0x1C00,0x0000
0.0574219800,7,0x1C00,0x0000
0.0574264300,7,0x1C00,0x0000
0.0574308700,7,0x1C00,0x0000
0.0574353200,7,0x1C00,0x0000
0.0574397600,7,0x1C00,0x0000
0.0574442100,7,0x1C00,0x0000
0.0574486500,7,0x1C00,0x0000
0.0574531000,7,0x1C00,0x0000
0.0574575400,7,0x1C00,0x0000
0.0574619800,7,0x1C00,0x0000
0.0574664300,7,0x1C00,0x0000
0.0574708700,7,0x1C00,0x0000
0.0574753200,7,0x1C00,0x0000
0.0574797600,7,0x1C00,0x0000
0.0574842100,7,0x1C00,0x0000
0.0574886500,7,0x1C00,0x0000
0.0574931000,7,0x1C00,0x0000
0.0574975400,7,0x1C00,0x0000
0.0575019800,7,0x1C00,0x0000
0.0575064300,7,0x1C00,0x0000
0.0575108700,7,0x1C00,0x0000
0.0575153200,7,0x1C00,0x0000
0.0575197600,7,0x1C00,0x0000
0.0575242100,7,0x1C00,0x0000
0.0575286500,7,0x1C00,0x0000
0.0575331000,7,0x1C00,0x0000
0.0575375400,7,0x1C00,0x0000
0.0575419800,7,0x1C00,0x0000
0.0575464300,7,0x1C00,0x0000
0.0575508700,7,0x1C00,0x0000
0.0575553200,7,0x1C00,0x0000
0.0575597600,7,0x1C00,0x0000
0.0575642100,7,0x1C00,0x0000
0.0575686500,7,0x1C00,0x0000
0.0575731000,7,0x1C00,0x0000
0.0575775400,7,0x1C00,0x0000
0.0575819800,7,0x1C00,0x0000
0.0575864300,7,0x1C00,0x0000
0.0575908700,7,0x1C00,0x0000
0.0575953200,7,0x1C00,0x0000
0.0575997600,7,0x1C00,0x0000
0.0576042100,7,0x1C00,0x0000
0.0576086500,7,0x1C00,0x0000
0.0576131000,7,0x1C00,0x0000
0.0576175400,7,0x1C00,0x0000
0.0576219900,7,0x1C00,0x0000
0.0576264300,7,0x1C00,0x0000
0.0576308700,7,0x1C00,0x0000
0.0576353200,7,0x1C00,0x0000
0.0576397600,7,0x1C00,0x0000
0.0576442100,7,0x1C00,0x0000
0.0576486500,7,0x1C00,0x0000
0.0576531000,7,0x1C00,0x0000
0.0576575400,7,0x1C00,0x0000
0.0576619900,7,0x1C00,0x0000
0.0576664300,7,0x1C00,0x0000
0.0576708700,7,0x1C00,0x0000
0.0576753200,7,0x1C00,0x0000
0.0576797600,7,0x1C00,0x0000
0.0576842100,7,0x1C00,0x0000
0.0576886500,7,0x1C00,0x0000
0.0576931000,7,0x1C00,0x0000
0.0576975400,7,0x1C00,0x0000
0.0577019900,7,0x1C00,0x0000
0.0577064300,7,0x1C00,0x0000
0.0577108700,7,0x1C00,0x0000
0.0577153200,7,0x1C00,0x0000
0.0577197600,7,0x1C00,0x0000
0.0577242100,7,0x1C00,0x0000
0.0577286500,7,0x1C00,0x0000
0.0577331000,7,0x1C00,0x0000
0.0577375400,7,0x1C00,0x0000
0.0577419900,7,0x1C00,0x0000
0.0577464300,7,0x1C00,0x0000
0.0577508700,7,0x1C00,0x0000
0.0577553200,7,0x1C00,0x0000
0.0577597600,7,0x1C00,0x0000
0.0577642100,7,0x1C00,0x0000
0.0577686500,7,0x1C00,0x0000
0.0577731000,7,0x1C00,0x0000
0.0577775400,7,0x1C00,0x0000
0.0577819900,7,0x1C00,0x0000
0.0577864300,7,0x1C00,0x0000
0.0577908700,7,0x1C00,0x0000
0.0577953200,7,0x1C00,0x0000
0.0577997600,7,0x1C00,0x0000
0.0578042100,7,0x1C00,0x0000
0.0578086500,7,0x1C00,0x0000
0.0578131000,7,0x1C00,0x0000
0.0578175400,7,0x1C00,0x0000
0.0578219900,7,0x1C00,0x0000
0.0578264300,7,0x1C00,0x0000
0.0578308800,7,0x1C00,0x0000
0.0578353200,7,0x1C00,0x0000
0.0578397600,7,0x1C00,0x0000
0.0578442100,7,0x1C00,0x0000
0.0578486500,7,0x1C00,0x0000
0.0578531000,7,0x1C00,0x0000
0.0578575400,7,0x1C00,0x0000
0.0578619900,7,0x1C00,0x0000
0.0578664300,7,0x1C00,0x0000
0.0578708800,7,0x1C00,0x0000
0.0578753200,7,0x1C00,0x0000
0.0578797600,7,0x1C00,0x0000
0.0578842100,7,0x1C00,0x0000
0.0578886500,7,0x1C00,0x0000
0.0578931000,7,0x1C00,0x0000
0.0578975400,7,0x1C00,0x0000
0.0579019900,7,0x1C00,0x0000
0.0579064300,7,0x1C00,0x0000
0.0579108800,7,0x1C00,0x0000
0.0579153200,7,0x1C00,0x0000
0.0579197600,7,0x1C00,0x0000
0.0579242100,7,0x1C00,0x0000
0.0579286500,7,0x1C00,0x0000
0.0579331000,7,0x1C00,0x0000
0.0579375400,7,0x1C00,0x0000
0.0579419900,7,0x1C00,0x0000
0.0579464300,7,0x1C00,0x0000
0.0579508800,7,0x1C00,0x0000
0.0579553200,7,0x1C00,0x0000
0.0579597600,7,0x1C00,0x0000
0.0579642100,7,0x1C00,0x0000
0.0579686500,7,0x1C00,0x0000
0.0579731000,7,0x5BDD,0x0000
0.0579775400,7,0x5BE8,0x0000
0.0579819900,7,0x5BE8,0x0000
0.0579864300,7,0x5BE8,0x0000
0.0579908800,7,0x5BE8,0x0000
0.0579953200,7,0x5BE8,0x0000
0.0579997600,7,0x5BE8,0x0000
0.0580042100,7,0x5BE8,0x0000
0.0580086500,7,0x5BE8,0x0000
0.0580131000,7,0x5BE8,0x0000
0.0580175400,7,0x5BE8,0x0000
0.0580219900,7,0x5BD7,0x0000
0.0580264300,7,0x1C00,0x0000
0.0580308800,7,0x1C00,0x0000
0.0580353200,7,0x1C00,0x0000
0.0580397600,7,0x1C00,0x0000
0.0580442100,7,0x1C00,0x0000
0.0580486500,7,0x1C00,0x0000
0.0580531000,7,0x1C00,0x0000
0.0580575400,7,0x1C00,0x0000
0.0580619900,7,0x1C00,0x0000
0.0580664300,7,0x1C00,0x0000
0.0580708800,7,0x1C00,0x0000
0.0580753200,7,0x1C00,0x0000
0.0580797600,7,0x1C00,0x0000
0.0580842100,7,0x1C00,0x0000
0.0580886500,7,0x1C00,0x0000
0.0580931000,7,0x1C00,0x0000
0.0580975400,7,0x1C00,0x0000
0.0581019900,7,0x1C00,0x0000
0.0581064300,7,0x1C00,0x0000
0.0581108800,7,0x1C00,0x0000
0.0581153200,7,0x1C00,0x0000
0.0581197600,7,0x1C00,0x0000
0.0581242100,7,0x1C00,0x0000
0.0581286500,7,0x1C00,0x0000
0.0581331000,7,0x83E2,0x0000
0.0581375400,7,0x83EA,0x0000
0.0581419900,7,0x83EA,0x0000
0.0581464300,7,0x83EA,0x0000
0.0581508800,7,0x83EA,0x0000
0.0581553200,7,0x83EA,0x0000
0.0581597600,7,0x83EA,0x0000
0.0581642100,7,0x83EA,0x0000
0.0581686500,7,0x83EA,0x0000
0.0581731000,7,0x83EA,0x0000
0.0581775400,7,0x83EA,0x0000
0.0581819900,7,0x83E2,0x0000
0.0581864300,7,0x1C00,0x0000
0.0581908800,7,0x1C00,0x0000
0.0581953200,7,0x1C00,0x0000
0.0581997600,7,0x1C00,0x0000
0.0582042100,7,0x1C00,0x0000
0.0582086500,7,0x1C00,0x0000
0.0582131000,7,0x1C00,0x0000
0.0582175400,7,0x1C00,0x0000
0.0582219900,7,0x1C00,0x0000
0.0582264300,7,0x1C00,0x0000
0.0582308800,7,0x1C00,0x0000
0.0582353200,7,0x1C00,0x0000
0.0582397600,7,0x1C00,0x0000
0.0582442100,7,0x1C00,0x0000
0.0582486500,7,0x1C00,0x0000
0.0582531000,7,0x1C00,0x0000
0.0582575400,7,0x1C00,0x0000
0.0582619900,7,0x1C00,0x0000
0.0582664300,7,0x1C00,0x0000
0.0582708800,7,0x1C00,0x0000
0.0582753200,7,0x1C00,0x0000
0.0582797700,7,0x1C00,0x0000
0.0582842100,7,0x1C00,0x0000
0.0582886600,7,0x1C00,0x0000
0.0582931000,7,0x83E2,0x0000
0.0582975400,7,0x83EA,0x0000
0.0583019900,7,0x83EA,0x0000
0.0583064300,7,0x83EA,0x0000
0.0583108800,7,0x83EA,0x0000
0.0583153200,7,0x83EA,0x0000
0.0583197600,7,0x83EA,0x0000
0.0583242100,7,0x83EA,0x0000
0.0583286500,7,0x83EA,0x0000
0.0583331000,7,0x83EA,0x0000
0.0583375400,7,0x83EA,0x0000
0.0583419900,7,0x83E2,0x0000
0.0583464300,7,0x1C00,0x0000
0.0583508800,7,0x1C00,0x0000
0.0583553200,7,0x1C00,0x0000
0.0583597700,7,0x1C00,0x0000
0.0583642100,7,0x1C00,0x0000
0.0583686600,7,0x1C00,0x0000
0.0583731000,7,0x1C00,0x0000
0.0583775400,7,0x1C00,0x0000
0.0583819900,7,0x1C00,0x0000
0.0583864300,7,0x1C00,0x0000
0.0583908800,7,0x1C00,0x0000
0.0583953200,7,0x1C00,0x0000
0.0583997700,7,0x1C00,0x0000
0.0584042100,7,0x1C00,0x0000
0.0584086600,7,0x1C00,0x0000
0.0584131000,7,0x1C00,0x0000
0.0584175400,7,0x1C00,0x0000
0.0584219900,7,0x1C00,0x0000
0.0584264300,7,0x1C00,0x0000
0.0584308800,7,0x1C00,0x0000
0.0584353200,7,0x1C00,0x0000
0.0584397700,7,0x1C00,0x0000
0.0584442100,7,0x1C00,0x0000
0.0584486600,7,0x1C00,0x0000
0.0584531000,7,0x83E2,0x0000
0.0584575400,7,0x83EA,0x0000
0.0584619900,7,0x83EA,0x0000
0.0584664300,7,0x83EA,0x0000
0.0584708800,7,0x83EA,0x0000
0.0584753200,7,0x83EA,0x0000
0.0584797700,7,0x83EA,0x0000
0.0584842100,7,0x83EA,0x0000
0.0584886600,7,0x83EA,0x0000
0.0584931000,7,0x83EA,0x0000
0.0584975400,7,0x83EA,0x0000
0.0585019900,7,0x83E2,0x0000
0.0585064300,7,0x1C00,0x0000
0.0585108800,7,0x1C00,0x0000
0.0585153200,7,0x1C00,0x0000
0.0585197700,7,0x1C00,0x0000
0.0585242100,7,0x1C00,0x0000
0.0585286600,7,0x1C00,0x0000
0.0585331000,7,0x1C00,0x0000
0.0585375500,7,0x1C00,0x0000
0.0585419900,7,0x1C00,0x0000
0.0585464300,7,0x1C00,0x0000
0.0585508800,7,0x1C00,0x0000
0.0585553200,7,0x1C00,0x0000
0.0585597700,7,0x1C00,0x0000
0.0585642100,7,0x1C00,0x0000
0.0585686600,7,0x1C00,0x0000
0.0585731000,7,0x1C00,0x0000
0.0585775500,7,0x1C00,0x0000
0.0585819900,7,0x1C00,0x0000
0.0585864300,7,0x1C00,0x0000
0.0585908800,7,0x1C00,0x0000
0.0585953200,7,0x1C00,0x0000
0.0585997700,7,0x1C00,0x0000
0.0586042100,7,0x1C00,0x0000
0.0586086600,7,0x1C00,0x0000
0.0586131000,7,0x83E2,0x0000
0.0586175500,7,0x83EA,0x0000
0.0586219900,7,0x83EA,0x0000
0.0586264300,7,0x83EA,0x0000
0.0586308800,7,0x83EA,0x0000
0.0586353200,7,0x83EA,0x0000
0.0586397700,7,0x83EA,0x0000
0.0586442100,7,0x83EA,0x0000
0.0586486600,7,0x83EA,0x0000
0.0586531000,7,0x83EA,0x0000
0.0586575500,7,0x83EA,0x0000
0.0586619900,7,0x83E2,0x0000
0.0586664300,7,0x1C00,0x0000
0.0586708800,7,0x1C00,0x0000
0.0586753200,7,0x1C00,0x0000
0.0586797700,7,0x1C00,0x0000
0.0586842100,7,0x1C00,0x0000
0.0586886600,7,0x1C00,0x0000
0.0586931000,7,0x1C00,0x0000
0.0586975500,7,0x1C00,0x0000
0.0587019900,7,0x1C00,0x0000
0.0587064300,7,0x1C00,0x0000
0.0587108800,7,0x1C00,0x0000
0.0587153200,7,0x1C00,0x0000
0.0587197700,7,0x1C00,0x0000
0.0587242100,7,0x1C00,0x0000
0.0587286600,7,0x1C00,0x0000
0.0587331000,7,0x1C00,0x0000
0.0587375500,7,0x1C00,0x0000
0.0587419900,7,0x1C00,0x0000
0.0587464400,7,0x1C00,0x0000
0.0587508800,7,0x1C00,0x0000
0.0587553200,7,0x1C00,0x0000
0.0587597700,7,0x1C00,0x0000
0.0587642100,7,0x1C00,0x0000
0.0587686600,7,0x1C00,0x0000
0.0587731000,7,0x83E2,0x0000
0.0587775500,7,0x83EA,0x0000
0.0587819900,7,0x83EA,0x0000
0.0587864300,7,0x83EA,0x0000
0.0587908800,7,0x83EA,0x0000
0.0587953200,7,0x83EA,0x0000
0.0587997700,7,0x83EA,0x0000
0.0588042100,7,0x83EA,0x0000
0.0588086600,7,0x83EA,0x0000
0.0588131000,7,0x83EA,0x0000
0.0588175500,7,0x83EA,0x0000
0.0588219900,7,0x83E2,0x0000
0.0588264400,7,0x1C00,0x0000
0.0588308800,7,0x1C00,0x0000
0.0588353200,7,0x1C00,0x0000
0.0588397700,7,0x1C00,0x0000
0.0588442100,7,0x1C00,0x0000
0.0588486600,7,0x1C00,0x0000
0.0588531000,7,0x1C00,0x0000
0.0588575500,7,0x1C00,0x0000
0.0588619900,7,0x1C00,0x0000
0.0588664400,7,0x1C00,0x0000
0.0588708800,7,0x1C00,0x0000
0.0588753200,7,0x1C00,0x0000
0.0588797700,7,0x1C00,0x0000
0.0588842100,7,0x1C00,0x0000
0.0588886600,7,0x1C00,0x0000
0.0588931000,7,0x1C00,0x0000
0.0588975500,7,0x1C00,0x0000
0.0589019900,7,0x1C00,0x0000
0.0589064400,7,0x1C00,0x0000
0.0589108800,7,0x1C00,0x0000
0.0589153300,7,0x1C00,0x0000
0.0589197700,7,0x1C00,0x0000
0.0589242100,7,0x1C00,0x0000
0.0589286600,7,0x1C00,0x0000
0.0589331000,7,0x83E2,0x0000
0.0589375500,7,0x83EA,0x0000
0.0589419900,7,0x83EA,0x0000
0.0589464400,7,0x83EA,0x0000
0.0589508800,7,0x83EA,0x0000
0.0589553200,7,0x83EA,0x0000
0.0589597700,7,0x83EA,0x0000
0.0589642100,7,0x83EA,0x0000
0.0589686600,7,0x83EA,0x0000
0.0589731000,7,0x83EA,0x0000
0.0589775500,7,0x83EA,0x0000
0.0589819900,7,0x83E2,0x0000
0.0589864400,7,0x1C00,0x0000
0.0589908800,7,0x1C00,0x0000
0.0589953300,7,0x1C00,0x0000
0.0589997700,7,0x1C00,0x0000
0.0590042100,7,0x1C00,0x0000
0.0590086600,7,0x1C00,0x0000
0.0590131000,7,0x1C00,0x0000
0.0590175500,7,0x1C00,0x0000
0.0590219900,7,0x1C00,0x0000
0.0590264400,7,0x1C00,0x0000
0.0590308800,7,0x1C00,0x0000
0.0590353300,7,0x1C00,0x0000
0.0590397700,7,0x1C00,0x0000
0.0590442100,7,0x1C00,0x0000
0.0590486600,7,0x1C00,0x0000
0.0590531000,7,0x1C00,0x0000
0.0590575500,7,0x1C00,0x0000
0.0590619900,7,0x1C00,0x0000
0.0590664400,7,0x1C00,0x0000
0.0590708800,7,0x1C00,0x0000
0.0590753300,7,0x1C00,0x0000
0.0590797700,7,0x1C00,0x0000
0.0590842100,7,0x1C00,0x0000
0.0590886600,7,0x1C00,0x0000
0.0590931000,7,0x5BD1,0x0000
0.0590975500,7,0x5BE3,0x0000
0.0591019900,7,0x5BE3,0x0000
0.0591064400,7,0x5BE3,0x0000
0.0591108800,7,0x5BE3,0x0000
0.0591153300,7,0x5BE3,0x0000
0.0591197700,7,0x5BE3,0x0000
0.0591242100,7,0x5BE3,0x0000
0.0591286600,7,0x5BE3,0x0000
0.0591331000,7,0x5BE3,0x0000
0.0591375500,7,0x5BE3,0x0000
0.0591419900,7,0x5BD1,0x0000
0.0591464400,7,0x1C00,0x0000
0.0591508800,7,0x1C00,0x0000
0.0591553300,7,0x1C00,0x0000
0.0591597700,7,0x1C00,0x0000
0.0591642100,7,0x1C00,0x0000
0.0591686600,7,0x1C00,0x0000
0.0591731000,7,0x1C00,0x0000
0.0591775500,7,0x1C00,0x0000
0.0591819900,7,0x1C00,0x0000
0.0591864400,7,0x1C00,0x0000
0.0591908800,7,0x1C00,0x0000
0.0591953300,7,0x1C00,0x0000
0.0591997700,7,0x1C00,0x0000
0.0592042100,7,0x1C00,0x0000
0.0592086600,7,0x1C00,0x0000
0.0592131000,7,0x1C00,0x0000
0.0592175500,7,0x1C00,0x0000
0.0592219900,7,0x1C00,0x0000
0.0592264400,7,0x1C00,0x0000
0.0592308800,7,0x1C00,0x0000
0.0592353300,7,0x1C00,0x0000
0.0592397700,7,0x1C00,0x0000
0.0592442100,7,0x1C00,0x0000
0.0592486600,7,0x1C00,0x0000
0.0592531000,7,0x1C00,0x0000
0.0592575500,7,0x1C00,0x0000
0.0592619900,7,0x1C00,0x0000
0.0592664400,7,0x1C00,0x0000
0.0592708800,7,0x1C00,0x0000
0.0592753300,7,0x1C00,0x0000
0.0592797700,7,0x1C00,0x0000
0.0592842100,7,0x1C00,0x0000
0.0592886600,7,0x1C00,0x0000
0.0592931000,7,0x1C00,0x0000
0.0592975500,7,0x1C00,0x0000
0.0593019900,7,0x1C00,0x0000
0.0593064400,7,0x1C00,0x0000
0.0593108800,7,0x1C00,0x0000
0.0593153300,7,0x1C00,0x0000
0.0593197700,7,0x1C00,0x0000
0.0593242100,7,0x1C00,0x0000
0.0593286600,7,0x1C00,0x0000
0.0593331000,7,0x1C00,0x0000
0.0593375500,7,0x1C00,0x0000
0.0593419900,7,0x1C00,0x0000
0.0593464400,7,0x1C00,0x0000
0.0593508800,7,0x1C00,0x0000
0.0593553300,7,0x1C00,0x0000
0.0593597700,7,0x1C00,0x0000
0.0593642100,7,0x1C00,0x0000
0.0593686600,7,0x1C00,0x0000
0.0593731100,7,0x1C00,0x0000
0.0593775500,7,0x1C00,0x0000
0.0593819900,7,0x1C00,0x0000
0.0593864400,7,0x1C00,0x0000
0.0593908800,7,0x1C00,0x0000
0.0593953300,7,0x1C00,0x0000
0.0593997700,7,0x1C00,0x0000
0.0594042200,7,0x1C00,0x0000
0.0594086600,7,0x1C00,0x0000
0.0594131000,7,0x1C00,0x0000
0.0594175500,7,0x1C00,0x0000
0.0594219900,7,0x1C00,0x0000
0.0594264400,7,0x1C00,0x0000
0.0594308800,7,0x1C00,0x0000
0.0594353300,7,0x1C00,0x0000
0.0594397700,7,0x1C00,0x0000
0.0594442200,7,0x1C00,0x0000
0.0594486600,7,0x1C00,0x0000
0.0594531100,7,0x1C00,0x0000
0.0594575500,7,0x1C00,0x0000
0.0594619900,7,0x1C00,0x0000
0.0594664400,7,0x1C00,0x0000
0.0594708800,7,0x1C00,0x0000
0.0594753300,7,0x1C00,0x0000
0.0594797700,7,0x1C00,0x0000
0.0594842200,7,0x1C00,0x0000
0.0594886600,7,0x1C00,0x0000
0.0594931100,7,0x1C00,0x0000
0.0594975500,7,0x1C00,0x0000
0.0595019900,7,0x1C00,0x0000
0.0595064400,7,0x1C00,0x0000
0.0595108800,7,0x1C00,0x0000
0.0595153300,7,0x1C00,0x0000
0.0595197700,7,0x1C00,0x0000
0.0595242100,7,0x1C00,0x0000
0.0595286600,7,0x1C00,0x0000
0.0595331100,7,0x1C00,0x0000
0.0595375500,7,0x1C00,0x0000
0.0595419900,7,0x1C00,0x0000
0.0595464400,7,0x1C00,0x0000
0.0595508800,7,0x1C00,0x0000
0.0595553300,7,0x1C00,0x0000
0.0595597700,7,0x1C00,0x0000
0.0595642200,7,0x1C00,0x0000
0.0595686600,7,0x1C00,0x0000
0.0595731100,7,0x1C00,0x0000
0.0595775500,7,0x1C00,0x0000
0.0595820000,7,0x1C00,0x0000
0.0595864400,7,0x1C00,0x0000
0.0595908800,7,0x1C00,0x0000
0.0595953300,7,0x1C00,0x0000
0.0595997700,7,0x1C00,0x0000
0.0596042200,7,0x1C00,0x0000
0.0596086600,7,0x1C00,0x0000
0.0596131100,7,0x1C00,0x0000
0.0596175500,7,0x1C00,0x0000
0.0596220000,7,0x1C00,0x0000
0.0596264400,7,0x1C00,0x0000
0.0596308800,7,0x1C00,0x0000
0.0596353300,7,0x1C00,0x0000
0.0596397700,7,0x1C00,0x0000
0.0596442200,7,0x1C00,0x0000
0.0596486600,7,0x1C00,0x0000
0.0596531100,7,0x1C00,0x0000
0.0596575500,7,0x1C00,0x0000
0.0596620000,7,0x1C00,0x0000
0.0596664400,7,0x1C00,0x0000
0.0596708800,7,0x1C00,0x0000
0.0596753300,7,0x1C00,0x0000
0.0596797700,7,0x1C00,0x0000
0.0596842200,7,0x1C00,0x0000
0.0596886600,7,0x1C00,0x0000
0.0596931100,7,0x1C00,0x0000
0.0596975500,7,0x1C00,0x0000
0.0597019900,7,0x1C00,0x0000
0.0597064400,7,0x1C00,0x0000
0.0597108800,7,0x1C00,0x0000
0.0597153300,7,0x1C00,0x0000
0.0597197700,7,0x1C00,0x0000
0.0597242200,7,0x1C00,0x0000
0.0597286600,7,0x1C00,0x0000
0.0597331100,7,0x1C00,0x0000
0.0597375500,7,0x1C00,0x0000
0.0597420000,7,0x1C00,0x0000
0.0597464400,7,0x1C00,0x0000
0.0597508800,7,0x1C00,0x0000
0.0597553300,7,0x1C00,0x0000
0.0597597700,7,0x1C00,0x0000
0.0597642200,7,0x1C00,0x0000
0.0597686600,7,0x1C00,0x0000
0.0597731100,7,0x1C00,0x0000
0.0597775500,7,0x1C00,0x0000
0.0597820000,7,0x1C00,0x0000
0.0597864400,7,0x1C00,0x0000
0.0597908800,7,0x1C00,0x0000
0.0597953300,7,0x1C00,0x0000
0.0597997700,7,0x1C00,0x0000
0.0598042200,7,0x1C00,0x0000
0.0598086600,7,0x1C00,0x0000
0.0598131100,7,0x1C00,0x0000
0.0598175500,7,0x1C00,0x0000
0.0598220000,7,0x1C00,0x0000
0.0598264400,7,0x1C00,0x0000
0.0598308800,7,0x1C00,0x0000
0.0598353300,7,0x1C00,0x0000
0.0598397700,7,0x1C00,0x0000
0.0598442200,7,0x1C00,0x0000
0.0598486600,7,0x1C00,0x0000
0.0598531100,7,0x1C00,0x0000
0.0598575500,7,0x1C00,0x0000
0.0598620000,7,0x1C00,0x0000
0.0598664400,7,0x1C00,0x0000
0.0598708800,7,0x1C00,0x0000
0.0598753300,7,0x1C00,0x0000
0.0598797700,7,0x1C00,0x0000
0.0598842200,7,0x1C00,0x0000
0.0598886600,7,0x1C00,0x0000
0.0598931100,7,0x1C00,0x0000
0.0598975500,7,0x1C00,0x0000
0.0599020000,7,0x1C00,0x0000
0.0599064400,7,0x1C00,0x0000
0.0599108900,7,0x1C00,0x0000
0.0599153300,7,0x1C00,0x0000
0.0599197700,7,0x1C00,0x0000
0.0599242200,7,0x1C00,0x0000
0.0599286600,7,0x1C00,0x0000
0.0599331100,7,0x1C00,0x0000
0.0599375500,7,0x1C00,0x0000
0.0599420000,7,0x1C00,0x0000
0.0599464400,7,0x1C00,0x0000
0.0599508900,7,0x1C00,0x0000
0.0599553300,7,0x1C00,0x0000
0.0599597700,7,0x1C00,0x0000
0.0599642200,7,0x1C00,0x0000
0.0599686600,7,0x1C00,0x0000
0.0599731100,7,0x1C00,0x0000
0.0599775500,7,0x1C00,0x0000
0.0599820000,7,0x1C00,0x0000
0.0599864400,7,0x1C00,0x0000
0.0599908900,7,0x1C00,0x0000
0.0599953300,7,0x1C00,0x0000
0.0599997700,7,0x1C00,0x0000
0.0600042200,7,0x1C00,0x0000
0.0600086600,7,0x1C00,0x0000
0.0600131100,7,0x1C00,0x0000
0.0600175500,7,0x1C00,0x0000
0.0600220000,7,0x1C00,0x0000
0.0600264400,7,0x1C00,0x0000
0.0600308900,7,0x1C00,0x0000
0.0600353300,7,0x1C00,0x0000
0.0600397800,7,0x1C00,0x0000
0.0600442200,7,0x1C00,0x0000
0.0600486600,7,0x1C00,0x0000
0.0600531100,7,0x1C00,0x0000
0.0600575500,7,0x1C00,0x0000
0.0600620000,7,0x1C00,0x0000
0.0600664400,7,0x1C00,0x0000
0.0600708900,7,0x1C00,0x0000
0.0600753300,7,0x1C00,0x0000
0.0600797800,7,0x1C00,0x0000
0.0600842200,7,0x1C00,0x0000
0.0600886600,7,0x1C00,0x0000
0.0600931100,7,0x1C00,0x0000
0.0600975500,7,0x1C00,0x0000
0.0601020000,7,0x1C00,0x0000
0.0601064400,7,0x1C00,0x0000
0.0601108900,7,0x1C00,0x0000
0.0601153300,7,0x1C00,0x0000
0.0601197800,7,0x1C00,0x0000
0.0601242200,7,0x1C00,0x0000
0.0601286600,7,0x1C00,0x0000
0.0601331100,7,0x1C00,0x0000
0.0601375500,7,0x1C00,0x0000
0.0601420000,7,0x1C00,0x0000
0.0601464400,7,0x1C00,0x0000
0.0601508900,7,0x1C00,0x0000
0.0601553300,7,0x1C00,0x0000
0.0601597800,7,0x0000,0x0000
0.0601642200,7,0x0000,0x0000
0.0601686600,7,0x0000,0x0000
0.0652798100,8,0x55AA,0x0000
0.0652842500,8,0x2DEC,0x0000
0.0652886900,8,0x01FF,0x0000
0.0652931300,8,0x1C00,0x0000
0.0652975800,8,0x1C00,0x0000
0.0653020200,8,0x1C00,0x0000
0.0653064700,8,0x1C00,0x0000
0.0653109100,8,0x1C00,0x0000
0.0653153600,8,0x1C00,0x0000
0.0653198000,8,0x1C00,0x0000
0.0653242500,8,0x1C00,0x0000
0.0653286900,8,0x1C00,0x0000
0.0653331300,8,0x1C00,0x0000
0.0653375800,8,0x1C00,0x0000
0.0653420200,8,0x1C00,0x0000
0.0653464700,8,0x1C00,0x0000
0.0653509100,8,0x1C00,0x0000
0.0653553600,8,0x1C00,0x0000
0.0653598000,8,0x1C00,0x0000
0.0653642500,8,0x1C00,0x0000
0.0653686900,8,0x1C00,0x0000
0.0653731300,8,0x1C00,0x0000
0.0653775800,8,0x1C00,0x0000
0.0653820200,8,0x1C00,0x0000
0.0653864700,8,0x1C00,0x0000
0.0653909100,8,0x1C00,0x0000
0.0653953600,8,0x1C00,0x0000
0.0653998000,8,0x1C00,0x0000
0.0654042500,8,0x1C00,0x0000
0.0654086900,8,0x1C00,0x0000
0.0654131300,8,0x1C00,0x0000
0.0654175800,8,0x1C00,0x0000
0.0654220200,8,0x1C00,0x0000
0.0654264700,8,0x1C00,0x0000
0.0654309100,8,0x1C00,0x0000
0.0654353600,8,0x1C00,0x0000
0.0654398000,8,0x1C00,0x0000
0.0654442500,8,0x1C00,0x0000
0.0654486900,8,0x1C00,0x0000
0.0654531300,8,0x1C00,0x0000
0.0654575800,8,0x1C00,0x0000
0.0654620200,8,0x1C00,0x0000
0.0654664700,8,0x1C00,0x0000
0.0654709100,8,0x1C00,0x0000
0.0654753600,8,0x1C00,0x0000
0.0654798000,8,0x1C00,0x0000
0.0654842500,8,0x1C00,0x0000
0.0654886900,8,0x1C00,0x0000
0.0654931400,8,0x1C00,0x0000
0.0654975800,8,0x1C00,0x0000
0.0655020200,8,0x1C00,0x0000
0.0655064700,8,0x1C00,0x0000
0.0655109100,8,0x1C00,0x0000
0.0655153600,8,0x1C00,0x0000
0.0655198000,8,0x1C00,0x0000
0.0655242500,8,0x1C00,0x0000
0.0655286900,8,0x1C00,0x0000
0.0655331400,8,0x1C00,0x0000
0.0655375800,8,0x1C00,0x0000
0.0655420200,8,0x1C00,0x0000
0.0655464700,8,0x1C00,0x0000
0.0655509100,8,0x1C00,0x0000
0.0655553600,8,0x1C00,0x0000
0.0655598000,8,0x1C00,0x0000
0.0655642500,8,0x1C00,0x0000
0.0655686900,8,0x1C00,0x0000
0.0655731400,8,0x1C00,0x0000
0.0655775800,8,0x1C00,0x0000
0.0655820200,8,0x1C00,0x0000
0.0655864700,8,0x1C00,0x0000
0.0655909100,8,0x1C00,0x0000
0.0655953600,8,0x1C00,0x0000
0.0655998000,8,0x1C00,0x0000
0.0656042500,8,0x1C00,0x0000
0.0656086900,8,0x1C00,0x0000
0.0656131400,8,0x1C00,0x0000
0.0656175800,8,0x1C00,0x0000
0.0656220200,8,0x1C00,0x0000
0.0656264700,8,0x1C00,0x0000
0.0656309100,8,0x1C00,0x0000
0.0656353600,8,0x1C00,0x0000
0.0656398000,8,0x1C00,0x0000
0.0656442500,8,0x1C00,0x0000
0.0656486900,8,0x1C00,0x0000
0.0656531400,8,0x1C00,0x0000
0.0656575800,8,0x1C00,0x0000
0.0656620300,8,0x1C00,0x0000
0.0656664700,8,0x1C00,0x0000
0.0656709100,8,0x1C00,0x0000
0.0656753600,8,0x1C00,0x0000
0.0656798000,8,0x1C00,0x0000
0.0656842500,8,0x1C00,0x0000
0.0656886900,8,0x1C00,0x0000
0.0656931400,8,0x1C00,0x0000
0.0656975800,8,0x1C00,0x0000
0.0657020300,8,0x1C00,0x0000
0.0657064700,8,0x1C00,0x0000
0.0657109100,8,0x1C00,0x0000
0.0657153600,8,0x1C00,0x0000
0.0657198000,8,0x1C00,0x0000
0.0657242500,8,0x1C00,0x0000
0.0657286900,8,0x1C00,0x0000
0.0657331400,8,0x1C00,0x0000
0.0657375800,8,0x1C00,0x0000
0.0657420200,8,0x1C00,0x0000
0.0657464700,8,0x1C00,0x0000
0.0657509100,8,0x1C00,0x0000
0.0657553600,8,0x1C00,0x0000
0.0657598000,8,0x1C00,0x0000
0.0657642500,8,0x1C00,0x0000
0.0657686900,8,0x1C00,0x0000
0.0657731400,8,0x1C00,0x0000
0.0657775800,8,0x1C00,0x0000
0.0657820300,8,0x1C00,0x0000
0.0657864700,8,0x1C00,0x0000
0.0657909100,8,0x1C00,0x0000
0.0657953600,8,0x1C00,0x0000
0.0657998000,8,0x1C00,0x0000
0.0658042500,8,0x1C00,0x0000
0.0658086900,8,0x1C00,0x0000
0.0658131400,8,0x1C00,0x0000
0.0658175800,8,0x1C00,0x0000
0.0658220300,8,0x1C00,0x0000
0.0658264700,8,0x1C00,0x0000
0.0658309100,8,0x1C00,0x0000
0.0658353600,8,0x1C00,0x0000
0.0658398000,8,0x1C00,0x0000
0.0658442500,8,0x1C00,0x0000
0.0658486900,8,0x1C00,0x0000
0.0658531400,8,0x1C00,0x0000
0.0658575800,8,0x1C00,0x0000
0.0658620300,8,0x1C00,0x0000
0.0658664700,8,0x1C00,0x0000
0.0658709100,8,0x1C00,0x0000
0.0658753600,8,0x1C00,0x0000
0.0658798000,8,0x1C00,0x0000
0.0658842500,8,0x1C00,0x0000
0.0658886900,8,0x1C00,0x0000
0.0658931400,8,0x1C00,0x0000
0.0658975800,8,0x1C00,0x0000
0.0659020300,8,0x1C00,0x0000
0.0659064700,8,0x1C00,0x0000
0.0659109100,8,0x1C00,0x0000
0.0659153600,8,0x1C00,0x0000
0.0659198000,8,0x1C00,0x0000
0.0659242500,8,0x1C00,0x0000
0.0659286900,8,0x1C00,0x0000
0.0659331400,8,0x1C00,0x0000
0.0659375800,8,0x1C00,0x0000
0.0659420300,8,0x1C00,0x0000
0.0659464700,8,0x1C00,0x0000
0.0659509100,8,0x1C00,0x0000
0.0659553600,8,0x1C00,0x0000
0.0659598000,8,0x1C00,0x0000
0.0659642500,8,0x1C00,0x0000
0.0659686900,8,0x1C00,0x0000
0.0659731400,8,0x1C00,0x0000
0.0659775800,8,0x1C00,0x0000
0.0659820300,8,0x1C00,0x0000
0.0659864700,8,0x1C00,0x0000
0.0659909100,8,0x1C00,0x0000
0.0659953600,8,0x1C00,0x0000
0.0659998000,8,0x1C00,0x0000
0.0660042500,8,0x1C00,0x0000
0.0660086900,8,0x1C00,0x0000
0.0660131400,8,0x1C00,0x0000
0.0660175800,8,0x1C00,0x0000
0.0660220300,8,0x1C00,0x0000
0.0660264700,8,0x1C00,0x0000
0.0660309100,8,0x1C00,0x0000
0.0660353600,8,0x1C00,0x0000
0.0660398000,8,0x1C00,0x0000
0.0660442500,8,0x1C00,0x0000
0.0660486900,8,0x1C00,0x0000
0.0660531400,8,0x1C00,0x0000
0.0660575800,8,0x1C00,0x0000
0.0660620300,8,0x1C00,0x0000
0.0660664700,8,0x1C00,0x0000
0.0660709100,8,0x1C00,0x0000
0.0660753600,8,0x1C00,0x0000
0.0660798000,8,0x1C00,0x0000
0.0660842500,8,0x1C00,0x0000
0.0660886900,8,0x1C00,0x0000
0.0660931400,8,0x1C00,0x0000
0.0660975800,8,0x1C00,0x0000
0.0661020300,8,0x1C00,0x0000
0.0661064700,8,0x1C00,0x0000
0.0661109200,8,0x1C00,0x0000
0.0661153600,8,0x1C00,0x0000
0.0661198100,8,0x1C00,0x0000
0.0661242500,8,0x1C00,0x0000
0.0661286900,8,0x1C00,0x0000
0.0661331400,8,0x1C00,0x0000
0.0661375800,8,0x1C00,0x0000
0.0661420300,8,0x1C00,0x0000
0.0661464700,8,0x1C00,0x0000
0.0661509200,8,0x1C00,0x0000
0.0661553600,8,0x1C00,0x0000
0.0661598100,8,0x1C00,0x0000
0.0661642500,8,0x1C00,0x0000
0.0661686900,8,0x1C00,0x0000
0.0661731400,8,0x1C00,0x0000
0.0661775800,8,0x1C00,0x0000
0.0661820300,8,0x1C00,0x0000
0.0661864700,8,0x1C00,0x0000
0.0661909200,8,0x1C00,0x0000
0.0661953600,8,0x1C00,0x0000
0.0661998100,8,0x1C00,0x0000
0.0662042500,8,0x1C00,0x0000
0.0662086900,8,0x1C00,0x0000
0.0662131400,8,0x1C00,0x0000
0.0662175800,8,0x1C00,0x0000
0.0662220300,8,0x1C00,0x0000
0.0662264700,8,0x1C00,0x0000
0.0662309200,8,0x1C00,0x0000
0.0662353600,8,0x1C00,0x0000
0.0662398100,8,0x1C00,0x0000
0.0662442500,8,0x1C00,0x0000
0.0662486900,8,0x1C00,0x0000
0.0662531400,8,0x1C00,0x0000
0.0662575800,8,0x1C00,0x0000
0.0662620300,8,0x1C00,0x0000
0.0662664700,8,0x1C00,0x0000
0.0662709200,8,0x1C00,0x0000
0.0662753600,8,0x1C00,0x0000
0.0662798100,8,0x1C00,0x0000
0.0662842500,8,0x1C00,0x0000
0.0662887000,8,0x1C00,0x0000
0.0662931400,8,0x1C00,0x0000
0.0662975800,8,0x1C00,0x0000
0.0663020300,8,0x1C00,0x0000
0.0663064700,8,0x5BDD,0x0000
0.0663109200,8,0x5BE8,0x0000
0.0663153600,8,0x5BE8,0x0000
0.0663198100,8,0x5BE8,0x0000
0.0663242500,8,0x5BE8,0x0000
0.0663287000,8,0x5BE8,0x0000
0.0663331400,8,0x5BE8,0x0000
0.0663375800,8,0x5BE8,0x0000
0.0663420300,8,0x5BE8,0x0000
0.0663464700,8,0x5BE8,0x0000
0.0663509200,8,0x5BE8,0x0000
0.0663553600,8,0x5BD7,0x0000
0.0663598100,8,0x1C00,0x0000
0.0663642500,8,0x1C00,0x0000
0.0663687000,8,0x1C00,0x0000
0.0663731400,8,0x1C00,0x0000
0.0663775800,8,0x1C00,0x0000
0.0663820300,8,0x1C00,0x0000
0.0663864700,8,0x1C00,0x0000
0.0663909200,8,0x1C00,0x0000
0.0663953600,8,0x1C00,0x0000
0.0663998100,8,0x1C00,0x0000
0.0664042500,8,0x1C00,0x0000
0.0664087000,8,0x1C00,0x0000
0.0664131400,8,0x1C00,0x0000
0.0664175800,8,0x1C00,0x0000
0.0664220300,8,0x1C00,0x0000
0.0664264700,8,0x1C00,0x0000
0.0664309200,8,0x1C00,0x0000
0.0664353600,8,0x1C00,0x0000
0.0664398100,8,0x1C00,0x0000
0.0664442500,8,0x1C00,0x0000
0.0664487000,8,0x1C00,0x0000
0.0664531400,8,0x1C00,0x0000
0.0664575800,8,0x1C00,0x0000
0.0664620300,8,0x1C00,0x0000
0.0664664700,8,0x83E2,0x0000
0.0664709200,8,0x83EA,0x0000
0.0664753600,8,0x83EA,0x0000
0.0664798100,8,0x83EA,0x0000
0.0664842500,8,0x83EA,0x0000
0.0664887000,8,0x83EA,0x0000
0.0664931400,8,0x83EA,0x0000
0.0664975800,8,0x83EA,0x0000
0.0665020300,8,0x83EA,0x0000
0.0665064700,8,0x83EA,0x0000
0.0665109200,8,0x83EA,0x0000
0.0665153600,8,0x83E2,0x0000
0.0665198100,8,0x1C00,0x0000
0.0665242500,8,0x1C00,0x0000
0.0665287000,8,0x1C00,0x0000
0.0665331400,8,0x1C00,0x0000
0.0665375900,8,0x1C00,0x0000
0.0665420300,8,0x1C00,0x0000
0.0665464700,8,0x1C00,0x0000
0.0665509200,8,0x1C00,0x0000
0.0665553600,8,0x1C00,0x0000
0.0665598100,8,0x1C00,0x0000
0.0665642500,8,0x1C00,0x0000
0.0665687000,8,0x1C00,0x0000
0.0665731400,8,0x1C00,0x0000
0.0665775900,8,0x1C00,0x0000
0.0665820300,8,0x1C00,0x0000
0.0665864700,8,0x1C00,0x0000
0.0665909200,8,0x1C00,0x0000
0.0665953600,8,0x1C00,0x0000
0.0665998100,8,0x1C00,0x0000
0.0666042500,8,0x1C00,0x0000
0.0666087000,8,0x1C00,0x0000
0.0666131400,8,0x1C00,0x0000
0.0666175900,8,0x1C00,0x0000
0.0666220300,8,0x1C00,0x0000
0.0666264700,8,0x83E2,0x0000
0.0666309200,8,0x83EA,0x0000
0.0666353600,8,0x83EA,0x0000
0.0666398100,8,0x83EA,0x0000
0.0666442500,8,0x83EA,0x0000
0.0666487000,8,0x83EA,0x0000
0.0666531400,8,0x83EA,0x0000
0.0666575800,8,0x83EA,0x0000
0.0666620300,8,0x83EA,0x0000
0.0666664700,8,0x83EA,0x0000
0.0666709200,8,0x83EA,0x0000
0.0666753600,8,0x83E2,0x0000
0.0666798100,8,0x1C00,0x0000
0.0666842500,8,0x1C00,0x0000
0.0666887000,8,0x1C00,0x0000
0.0666931400,8,0x1C00,0x0000
0.0666975900,8,0x1C00,0x0000
0.0667020300,8,0x1C00,0x0000
0.0667064700,8,0x1C00,0x0000
0.0667109200,8,0x1C00,0x0000
0.0667153600,8,0x1C00,0x0000
0.0667198100,8,0x1C00,0x0000
0.0667242500,8,0x1C00,0x0000
0.0667287000,8,0x1C00,0x0000
0.0667331400,8,0x1C00,0x0000
0.0667375900,8,0x1C00,0x0000
0.0667420300,8,0x1C00,0x0000
0.0667464700,8,0x1C00,0x0000
0.0667509200,8,0x1C00,0x0000
0.0667553600,8,0x1C00,0x0000
0.0667598100,8,0x1C00,0x0000
0.0667642500,8,0x1C00,0x0000
0.0667687000,8,0x1C00,0x0000
0.0667731400,8,0x1C00,0x0000
0.0667775900,8,0x1C00,0x0000
0.0667820300,8,0x1C00,0x0000
0.0667864700,8,0x83E2,0x0000
0.0667909200,8,0x83EA,0x0000
0.0667953600,8,0x83EA,0x0000
0.0667998100,8,0x83EA,0x0000
0.0668042500,8,0x83EA,0x0000
0.0668087000,8,0x83EA,0x0000
0.0668131400,8,0x83EA,0x0000
0.0668175900,8,0x83EA,0x0000
0.0668220300,8,0x83EA,0x0000
0.0668264700,8,0x83EA,0x0000
0.0668309200,8,0x83EA,0x0000
0.0668353600,8,0x83E2,0x0000
0.0668398100,8,0x1C00,0x0000
0.0668442500,8,0x1C00,0x0000
0.0668487000,8,0x1C00,0x0000
0.0668531400,8,0x1C00,0x0000
0.0668575900,8,0x1C00,0x0000
0.0668620300,8,0x1C00,0x0000
0.0668664800,8,0x1C00,0x0000
0.0668709200,8,0x1C00,0x0000
0.0668753600,8,0x1C00,0x0000
0.0668798100,8,0x1C00,0x0000
0.0668842500,8,0x1C00,0x0000
0.0668887000,8,0x1C00,0x0000
0.0668931400,8,0x1C00,0x0000
0.0668975900,8,0x1C00,0x0000
0.0669020300,8,0x1C00,0x0000
0.0669064800,8,0x1C00,0x0000
0.0669109200,8,0x1C00,0x0000
0.0669153600,8,0x1C00,0x0000
0.0669198100,8,0x1C00,0x0000
0.0669242500,8,0x1C00,0x0000
0.0669287000,8,0x1C00,0x0000
0.0669331400,8,0x1C00,0x0000
0.0669375900,8,0x1C00,0x0000
0.0669420300,8,0x1C00,0x0000
0.0669464700,8,0x83E2,0x0000
0.0669509200,8,0x83EA,0x0000
0.0669553600,8,0x83EA,0x0000
0.0669598100,8,0x83EA,0x0000
0.0669642500,8,0x83EA,0x0000
0.0669687000,8,0x83EA,0x0000
0.0669731400,8,0x83EA,0x0000
0.0669775900,8,0x83EA,0x0000
0.0669820300,8,0x83EA,0x0000
0.0669864800,8,0x83EA,0x0000
0.0669909200,8,0x83EA,0x0000
0.0669953600,8,0x83E2,0x0000
0.0669998100,8,0x1C00,0x0000
0.0670042500,8,0x1C00,0x0000
0.0670087000,8,0x1C00,0x0000
0.0670131400,8,0x1C00,0x0000
0.0670175900,8,0x1C00,0x0000
0.0670220300,8,0x1C00,0x0000
0.0670264800,8,0x1C00,0x0000
0.0670309200,8,0x1C00,0x0000
0.0670353600,8,0x1C00,0x0000
0.0670398100,8,0x1C00,0x0000
0.0670442500,8,0x1C00,0x0000
0.0670487000,8,0x1C00,0x0000
0.0670531400,8,0x1C00,0x0000
0.0670575900,8,0x1C00,0x0000
0.0670620300,8,0x1C00,0x0000
0.0670664800,8,0x1C00,0x0000
0.0670709200,8,0x1C00,0x0000
0.0670753600,8,0x1C00,0x0000
0.0670798100,8,0x1C00,0x0000
0.0670842500,8,0x1C00,0x0000
0.0670887000,8,0x1C00,0x0000
0.0670931400,8,0x1C00,0x0000
0.0670975900,8,0x1C00,0x0000
0.0671020300,8,0x1C00,0x0000
0.0671064800,8,0x83E2,0x0000
0.0671109200,8,0x83EA,0x0000
0.0671153600,8,0x83EA,0x0000
0.0671198100,8,0x83EA,0x0000
0.0671242500,8,0x83EA,0x0000
0.0671287000,8,0x83EA,0x0000
0.0671331400,8,0x83EA,0x0000
0.0671375900,8,0x83EA,0x0000
0.0671420300,8,0x83EA,0x0000
0.0671464800,8,0x83EA,0x0000
0.0671509200,8,0x83EA,0x0000
0.0671553600,8,0x83E2,0x0000
0.0671598100,8,0x1C00,0x0000
0.0671642500,8,0x1C00,0x0000
0.0671687000,8,0x1C00,0x0000
0.0671731400,8,0x1C00,0x0000
0.0671775900,8,0x1C00,0x0000
0.0671820300,8,0x1C00,0x0000
0.0671864800,8,0x1C00,0x0000
0.0671909200,8,0x1C00,0x0000
0.0671953600,8,0x1C00,0x0000
0.0671998100,8,0x1C00,0x0000
0.0672042600,8,0x1C00,0x0000
0.0672087000,8,0x1C00,0x0000
0.0672131400,8,0x1C00,0x0000
0.0672175900,8,0x1C00,0x0000
0.0672220300,8,0x1C00,0x0000
0.0672264800,8,0x1C00,0x0000
0.0672309200,8,0x1C00,0x0000
0.0672353600,8,0x1C00,0x0000
0.0672398100,8,0x1C00,0x0000
0.0672442600,8,0x1C00,0x0000
0.0672487000,8,0x1C00,0x0000
0.0672531400,8,0x1C00,0x0000
0.0672575900,8,0x1C00,0x0000
0.0672620300,8,0x1C00,0x0000
0.0672664800,8,0x83E2,0x0000
0.0672709200,8,0x83EA,0x0000
0.0672753600,8,0x83EA,0x0000
0.0672798100,8,0x83EA,0x0000
0.0672842500,8,0x83EA,0x0000
0.0672887000,8,0x83EA,0x0000
0.0672931400,8,0x83EA,0x0000
0.0672975900,8,0x83EA,0x0000
0.0673020300,8,0x83EA,0x0000
0.0673064800,8,0x83EA,0x0000
0.0673109200,8,0x83EA,0x0000
0.0673153700,8,0x83E2,0x0000
0.0673198100,8,0x1C00,0x0000
0.0673242600,8,0x1C00,0x0000
0.0673287000,8,0x1C00,0x0000
0.0673331400,8,0x1C00,0x0000
0.0673375900,8,0x1C00,0x0000
0.0673420300,8,0x1C00,0x0000
0.0673464800,8,0x1C00,0x0000
0.0673509200,8,0x1C00,0x0000
0.0673553700,8,0x1C00,0x0000
0.0673598100,8,0x1C00,0x0000
0.0673642600,8,0x1C00,0x0000
0.0673687000,8,0x1C00,0x0000
0.0673731400,8,0x1C00,0x0000
0.0673775900,8,0x1C00,0x0000
0.0673820300,8,0x1C00,0x0000
0.0673864800,8,0x1C00,0x0000
0.0673909200,8,0x1C00,0x0000
0.0673953700,8,0x1C00,0x0000
0.0673998100,8,0x1C00,0x0000
0.0674042600,8,0x1C00,0x0000
0.0674087000,8,0x1C00,0x0000
0.0674131400,8,0x1C00,0x0000
0.0674175900,8,0x1C00,0x0000
0.0674220300,8,0x1C00,0x0000
0.0674264800,8,0x5BD1,0x0000
0.0674309200,8,0x5BE3,0x0000
0.0674353700,8,0x5BE3,0x0000
0.0674398100,8,0x5BE3,0x0000
0.0674442600,8,0x5BE3,0x0000
0.0674487000,8,0x5BE3,0x0000
0.0674531500,8,0x5BE3,0x0000
0.0674575900,8,0x5BE3,0x0000
0.0674620300,8,0x5BE3,0x0000
0.0674664800,8,0x5BE3,0x0000
0.0674709200,8,0x5BE3,0x0000
0.0674753700,8,0x5BD1,0x0000
0.0674798100,8,0x1C00,0x0000
0.0674842600,8,0x1C00,0x0000
0.0674887000,8,0x1C00,0x0000
0.0674931500,8,0x1C00,0x0000
0.0674975900,8,0x1C00,0x0000
0.0675020300,8,0x1C00,0x0000
0.0675064800,8,0x1C00,0x0000
0.0675109200,8,0x1C00,0x0000
0.0675153700,8,0x1C00,0x0000
0.0675198100,8,0x1C00,0x0000
0.0675242600,8,0x1C00,0x0000
0.0675287000,8,0x1C00,0x0000
0.0675331500,8,0x1C00,0x0000
0.0675375900,8,0x1C00,0x0000
0.0675420300,8,0x1C00,0x0000
0.0675464800,8,0x1C00,0x0000
0.0675509200,8,0x1C00,0x0000
0.0675553700,8,0x1C00,0x0000
0.0675598100,8,0x1C00,0x0000
0.0675642600,8,0x1C00,0x0000
0.0675687000,8,0x1C00,0x0000
0.0675731500,8,0x1C00,0x0000
0.0675775900,8,0x1C00,0x0000
0.0675820300,8,0x1C00,0x0000
0.0675864800,8,0x1C00,0x0000
0.0675909200,8,0x1C00,0x0000
0.0675953700,8,0x1C00,0x0000
0.0675998100,8,0x1C00,0x0000
0.0676042600,8,0x1C00,0x0000
0.0676087000,8,0x1C00,0x0000
0.0676131500,8,0x1C00,0x0000
0.0676175900,8,0x1C00,0x0000
0.0676220300,8,0x1C00,0x0000
0.0676264800,8,0x1C00,0x0000
0.0676309200,8,0x1C00,0x0000
0.0676353700,8,0x1C00,0x0000
0.0676398100,8,0x1C00,0x0000
0.0676442600,8,0x1C00,0x0000
0.0676487000,8,0x1C00,0x0000
0.0676531500,8,0x1C00,0x0000
0.0676575900,8,0x1C00,0x0000
0.0676620400,8,0x1C00,0x0000
0.0676664800,8,0x1C00,0x0000
0.0676709200,8,0x1C00,0x0000
0.0676753700,8,0x1C00,0x0000
0.0676798100,8,0x1C00,0x0000
0.0676842600,8,0x1C00,0x0000
0.0676887000,8,0x1C00,0x0000
0.0676931500,8,0x1C00,0x0000
0.0676975900,8,0x1C00,0x0000
0.0677020300,8,0x1C00,0x0000
0.0677064800,8,0x1C00,0x0000
0.0677109200,8,0x1C00,0x0000
0.0677153700,8,0x1C00,0x0000
0.0677198100,8,0x1C00,0x0000
0.0677242600,8,0x1C00,0x0000
0.0677287000,8,0x1C00,0x0000
0.0677331500,8,0x1C00,0x0000
0.0677375900,8,0x1C00,0x0000
0.0677420400,8,0x1C00,0x0000
0.0677464800,8,0x1C00,0x0000
0.0677509200,8,0x1C00,0x0000
0.0677553700,8,0x1C00,0x0000
0.0677598100,8,0x1C00,0x0000
0.0677642600,8,0x1C00,0x0000
0.0677687000,8,0x1C00,0x0000
0.0677731500,8,0x1C00,0x0000
0.0677775900,8,0x1C00,0x0000
0.0677820400,8,0x1C00,0x0000
0.0677864800,8,0x1C00,0x0000
0.0677909200,8,0x1C00,0x0000
0.0677953700,8,0x1C00,0x0000
0.0677998100,8,0x1C00,0x0000
0.0678042600,8,0x1C00,0x0000
0.0678087000,8,0x1C00,0x0000
0.0678131500,8,0x1C00,0x0000
0.0678175900,8,0x1C00,0x0000
0.0678220400,8,0x1C00,0x0000
0.0678264800,8,0x1C00,0x0000
0.0678309200,8,0x1C00,0x0000
0.0678353700,8,0x1C00,0x0000
0.0678398100,8,0x1C00,0x0000
0.0678442600,8,0x1C00,0x0000
0.0678487000,8,0x1C00,0x0000
0.0678531500,8,0x1C00,0x0000
0.0678575900,8,0x1C00,0x0000
0.0678620400,8,0x1C00,0x0000
0.0678664800,8,0x1C00,0x0000
0.0678709300,8,0x1C00,0x0000
0.0678753700,8,0x1C00,0x0000
0.0678798100,8,0x1C00,0x0000
0.0678842600,8,0x1C00,0x0000
0.0678887000,8,0x1C00,0x0000
0.0678931500,8,0x1C00,0x0000
0.0678975900,8,0x1C00,0x0000
0.0679020400,8,0x1C00,0x0000
0.0679064800,8,0x1C00,0x0000
0.0679109300,8,0x1C00,0x0000
0.0679153700,8,0x1C00,0x0000
0.0679198100,8,0x1C00,0x0000
0.0679242600,8,0x1C00,0x0000
0.0679287000,8,0x1C00,0x0000
0.0679331500,8,0x1C00,0x0000
0.0679375900,8,0x1C00,0x0000
0.0679420400,8,0x1C00,0x0000
0.0679464800,8,0x1C00,0x0000
0.0679509300,8,0x1C00,0x0000
0.0679553700,8,0x1C00,0x0000
0.0679598100,8,0x1C00,0x0000
0.0679642600,8,0x1C00,0x0000
0.0679687000,8,0x1C00,0x0000
0.0679731500,8,0x1C00,0x0000
0.0679775900,8,0x1C00,0x0000
0.0679820400,8,0x1C00,0x0000
0.0679864800,8,0x1C00,0x0000
0.0679909300,8,0x1C00,0x0000
0.0679953700,8,0x1C00,0x0000
0.0679998100,8,0x1C00,0x0000
0.0680042600,8,0x1C00,0x0000
0.0680087000,8,0x1C00,0x0000
0.0680131500,8,0x1C00,0x0000
0.0680175900,8,0x1C00,0x0000
0.0680220400,8,0x1C00,0x0000
0.0680264800,8,0x1C00,0x0000
0.0680309300,8,0x1C00,0x0000
0.0680353700,8,0x1C00,0x0000
0.0680398100,8,0x1C00,0x0000
0.0680442600,8,0x1C00,0x0000
0.0680487000,8,0x1C00,0x0000
0.0680531500,8,0x1C00,0x0000
0.0680575900,8,0x1C00,0x0000
0.0680620400,8,0x1C00,0x0000
0.0680664800,8,0x1C00,0x0000
0.0680709300,8,0x1C00,0x0000
0.0680753700,8,0x1C00,0x0000
0.0680798100,8,0x1C00,0x0000
0.0680842600,8,0x1C00,0x0000
0.0680887000,8,0x1C00,0x0000
0.0680931500,8,0x1C00,0x0000
0.0680975900,8,0x1C00,0x0000
0.0681020400,8,0x1C00,0x0000
0.0681064800,8,0x1C00,0x0000
0.0681109300,8,0x1C00,0x0000
0.0681153700,8,0x1C00,0x0000
0.0681198100,8,0x1C00,0x0000
0.0681242600,8,0x1C00,0x0000
0.0681287000,8,0x1C00,0x0000
0.0681331500,8,0x1C00,0x0000
0.0681375900,8,0x1C00,0x0000
0.0681420400,8,0x1C00,0x0000
0.0681464800,8,0x1C00,0x0000
0.0681509300,8,0x1C00,0x0000
0.0681553700,8,0x1C00,0x0000
0.0681598100,8,0x1C00,0x0000
0.0681642600,8,0x1C00,0x0000
0.0681687000,8,0x1C00,0x0000
0.0681731500,8,0x1C00,0x0000
0.0681775900,8,0x1C00,0x0000
0.0681820400,8,0x1C00,0x0000
0.0681864800,8,0x1C00,0x0000
0.0681909300,8,0x1C00,0x0000
0.0681953700,8,0x1C00,0x0000
0.0681998100,8,0x1C00,0x0000
0.0682042600,8,0x1C00,0x0000
0.0682087000,8,0x1C00,0x0000
0.0682131500,8,0x1C00,0x0000
0.0682175900,8,0x1C00,0x0000
0.0682220400,8,0x1C00,0x0000
0.0682264800,8,0x1C00,0x0000
0.0682309300,8,0x1C00,0x0000
0.0682353700,8,0x1C00,0x0000
0.0682398100,8,0x1C00,0x0000
0.0682442600,8,0x1C00,0x0000
0.0682487000,8,0x1C00,0x0000
0.0682531500,8,0x1C00,0x0000
0.0682575900,8,0x1C00,0x0000
0.0682620400,8,0x1C00,0x0000
0.0682664800,8,0x1C00,0x0000
0.0682709300,8,0x1C00,0x0000
0.0682753700,8,0x1C00,0x0000
0.0682798100,8,0x1C00,0x0000
0.0682842600,8,0x1C00,0x0000
0.0682887000,8,0x1C00,0x0000
0.0682931500,8,0x1C00,0x0000
0.0682975900,8,0x1C00,0x0000
0.0683020400,8,0x1C00,0x0000
0.0683064800,8,0x1C00,0x0000
0.0683109300,8,0x1C00,0x0000
0.0683153700,8,0x1C00,0x0000
0.0683198100,8,0x1C00,0x0000
0.0683242600,8,0x1C00,0x0000
0.0683287000,8,0x1C00,0x0000
0.0683331500,8,0x1C00,0x0000
0.0683375900,8,0x1C00,0x0000
0.0683420400,8,0x1C00,0x0000
0.0683464800,8,0x1C00,0x0000
0.0683509300,8,0x1C00,0x0000
0.0683553700,8,0x1C00,0x0000
0.0683598200,8,0x1C00,0x0000
0.0683642600,8,0x1C00,0x0000
0.0683687100,8,0x1C00,0x0000
0.0683731500,8,0x1C00,0x0000
0.0683775900,8,0x1C00,0x0000
0.0683820400,8,0x1C00,0x0000
0.0683864800,8,0x1C00,0x0000
0.0683909300,8,0x1C00,0x0000
0.0683953700,8,0x1C00,0x0000
0.0683998200,8,0x1C00,0x0000
0.0684042600,8,0x1C00,0x0000
0.0684087100,8,0x1C00,0x0000
0.0684131500,8,0x1C00,0x0000
0.0684175900,8,0x1C00,0x0000
0.0684220400,8,0x1C00,0x0000
0.0684264800,8,0x1C00,0x0000
0.0684309300,8,0x1C00,0x0000
0.0684353700,8,0x1C00,0x0000
0.0684398200,8,0x1C00,0x0000
0.0684442600,8,0x1C00,0x0000
0.0684487100,8,0x1C00,0x0000
0.0684531500,8,0x1C00,0x0000
0.0684575900,8,0x1C00,0x0000
0.0684620400,8,0x1C00,0x0000
0.0684664800,8,0x1C00,0x0000
0.0684709300,8,0x1C00,0x0000
0.0684753700,8,0x1C00,0x0000
0.0684798200,8,0x1C00,0x0000
0.0684842600,8,0x1C00,0x0000
0.0684887100,8,0x1C00,0x0000
0.0684931500,8,0x0000,0x0000
0.0684975900,8,0x0000,0x0000
0.0685020400,8,0x0000,0x0000
0.0736131800,9,0x55AA,0x0000
0.0736176200,9,0x2DEC,0x0000
0.0736220600,9,0x01FF,0x0000
0.0736265100,9,0x1C00,0x0000
0.0736309500,9,0x1C00,0x0000
0.0736354000,9,0x1C00,0x0000
0.0736398400,9,0x1C00,0x0000
0.0736442900,9,0x1C00,0x0000
0.0736487300,9,0x1C00,0x0000
0.0736531800,9,0x1C00,0x0000
0.0736576200,9,0x1C00,0x0000
0.0736620600,9,0x1C00,0x0000
0.0736665100,9,0x1C00,0x0000
0.0736709500,9,0x1C00,0x0000
0.0736754000,9,0x1C00,0x0000
0.0736798400,9,0x1C00,0x0000
0.0736842900,9,0x1C00,0x0000
0.0736887300,9,0x1C00,0x0000
0.0736931800,9,0x1C00,0x0000
0.0736976200,9,0x1C00,0x0000
0.0737020600,9,0x1C00,0x0000
0.0737065100,9,0x1C00,0x0000
0.0737109500,9,0x1C00,0x0000
0.0737154000,9,0x1C00,0x0000
0.0737198400,9,0x1C00,0x0000
0.0737242900,9,0x1C00,0x0000
0.0737287300,9,0x1C00,0x0000
0.0737331800,9,0x1C00,0x0000
0.0737376200,9,0x1C00,0x0000
0.0737420600,9,0x1C00,0x0000
0.0737465100,9,0x1C00,0x0000
0.0737509500,9,0x1C00,0x0000
0.0737554000,9,0x1C00,0x0000
0.0737598400,9,0x1C00,0x0000
0.0737642900,9,0x1C00,0x0000
0.0737687300,9,0x1C00,0x0000
0.0737731800,9,0x1C00,0x0000
0.0737776200,9,0x1C00,0x0000
0.0737820600,9,0x1C00,0x0000
0.0737865100,9,0x1C00,0x0000
0.0737909500,9,0x1C00,0x0000
0.0737954000,9,0x1C00,0x0000
0.0737998400,9,0x1C00,0x0000
0.0738042900,9,0x1C00,0x0000
0.0738087300,9,0x1C00,0x0000
0.0738131800,9,0x1C00,0x0000
0.0738176200,9,0x1C00,0x0000
0.0738220600,9,0x1C00,0x0000
0.0738265100,9,0x1C00,0x0000
0.0738309500,9,0x1C00,0x0000
0.0738354000,9,0x1C00,0x0000
0.0738398400,9,0x1C00,0x0000
0.0738442900,9,0x1C00,0x0000
0.0738487300,9,0x1C00,0x0000
0.0738531800,9,0x1C00,0x0000
0.0738576200,9,0x1C00,0x0000
0.0738620600,9,0x1C00,0x0000
0.0738665100,9,0x1C00,0x0000
0.0738709500,9,0x1C00,0x0000
0.0738754000,9,0x1C00,0x0000
0.0738798400,9,0x1C00,0x0000
0.0738842900,9,0x1C00,0x0000
0.0738887300,9,0x1C00,0x0000
0.0738931800,9,0x1C00,0x0000
0.0738976200,9,0x1C00,0x0000
0.0739020600,9,0x1C00,0x0000
0.0739065100,9,0x1C00,0x0000
0.0739109500,9,0x1C00,0x0000
0.0739154000,9,0x1C00,0x0000
0.0739198400,9,0x1C00,0x0000
0.0739242900,9,0x1C00,0x0000
0.0739287300,9,0x1C00,0x0000
0.0739331800,9,0x1C00,0x0000
0.0739376200,9,0x1C00,0x0000
0.0739420600,9,0x1C00,0x0000
0.0739465100,9,0x1C00,0x0000
0.0739509500,9,0x1C00,0x0000
0.0739554000,9,0x1C00,0x0000
0.0739598400,9,0x1C00,0x0000
0.0739642900,9,0x1C00,0x0000
0.0739687300,9,0x1C00,0x0000
0.0739731800,9,0x1C00,0x0000
0.0739776200,9,0x1C00,0x0000
0.0739820700,9,0x1C00,0x0000
0.0739865100,9,0x1C00,0x0000
0.0739909600,9,0x1C00,0x0000
0.0739954000,9,0x1C00,0x0000
0.0739998400,9,0x1C00,0x0000
0.0740042900,9,0x1C00,0x0000
0.0740087300,9,0x1C00,0x0000
0.0740131800,9,0x1C00,0x0000
0.0740176200,9,0x1C00,0x0000
0.0740220600,9,0x1C00,0x0000
0.0740265100,9,0x1C00,0x0000
0.0740309600,9,0x1C00,0x0000
0.0740354000,9,0x1C00,0x0000
0.0740398400,9,0x1C00,0x0000
0.0740442900,9,0x1C00,0x0000
0.0740487300,9,0x1C00,0x0000
0.0740531800,9,0x1C00,0x0000
0.0740576200,9,0x1C00,0x0000
0.0740620700,9,0x1C00,0x0000
0.0740665100,9,0x1C00,0x0000
0.0740709600,9,0x1C00,0x0000
0.0740754000,9,0x1C00,0x0000
0.0740798400,9,0x1C00,0x0000
0.0740842900,9,0x1C00,0x0000
0.0740887300,9,0x1C00,0x0000
0.0740931800,9,0x1C00,0x0000
0.0740976200,9,0x1C00,0x0000
0.0741020700,9,0x1C00,0x0000
0.0741065100,9,0x1C00,0x0000
0.0741109600,9,0x1C00,0x0000
0.0741154000,9,0x1C00,0x0000
0.0741198400,9,0x1C00,0x0000
0.0741242900,9,0x1C00,0x0000
0.0741287300,9,0x1C00,0x0000
0.0741331800,9,0x1C00,0x0000
0.0741376200,9,0x1C00,0x0000
0.0741420700,9,0x1C00,0x0000
0.0741465100,9,0x1C00,0x0000
0.0741509600,9,0x1C00,0x0000
0.0741554000,9,0x1C00,0x0000
0.0741598400,9,0x1C00,0x0000
0.0741642900,9,0x1C00,0x0000
0.0741687300,9,0x1C00,0x0000
0.0741731800,9,0x1C00,0x0000
0.0741776200,9,0x1C00,0x0000
0.0741820700,9,0x1C00,0x0000
0.0741865100,9,0x1C00,0x0000
0.0741909600,9,0x1C00,0x0000
0.0741954000,9,0x1C00,0x0000
0.0741998400,9,0x1C00,0x0000
0.0742042900,9,0x1C00,0x0000
0.0742087300,9,0x1C00,0x0000
0.0742131800,9,0x1C00,0x0000
0.0742176200,9,0x1C00,0x0000
0.0742220700,9,0x1C00,0x0000
0.0742265100,9,0x1C00,0x0000
0.0742309600,9,0x1C00,0x0000
0.0742354000,9,0x1C00,0x0000
0.0742398500,9,0x1C00,0x0000
0.0742442900,9,0x1C00,0x0000
0.0742487300,9,0x1C00,0x0000
0.0742531800,9,0x1C00,0x0000
0.0742576200,9,0x1C00,0x0000
0.0742620700,9,0x1C00,0x0000
0.0742665100,9,0x1C00,0x0000
0.0742709600,9,0x1C00,0x0000
0.0742754000,9,0x1C00,0x0000
0.0742798500,9,0x1C00,0x0000
0.0742842900,9,0x1C00,0x0000
0.0742887300,9,0x1C00,0x0000
0.0742931800,9,0x1C00,0x0000
0.0742976200,9,0x1C00,0x0000
0.0743020700,9,0x1C00,0x0000
0.0743065100,9,0x1C00,0x0000
0.0743109600,9,0x1C00,0x0000
0.0743154000,9,0x1C00,0x0000
0.0743198500,9,0x1C00,0x0000
0.0743242900,9,0x1C00,0x0000
0.0743287300,9,0x1C00,0x0000
0.0743331800,9,0x1C00,0x0000
0.0743376200,9,0x1C00,0x0000
0.0743420700,9,0x1C00,0x0000
0.0743465100,9,0x1C00,0x0000
0.0743509600,9,0x1C00,0x0000
0.0743554000,9,0x1C00,0x0000
0.0743598500,9,0x1C00,0x0000
0.0743642900,9,0x1C00,0x0000
0.0743687300,9,0x1C00,0x0000
0.0743731800,9,0x1C00,0x0000
0.0743776200,9,0x1C00,0x0000
0.0743820700,9,0x1C00,0x0000
0.0743865100,9,0x1C00,0x0000
0.0743909600,9,0x1C00,0x0000
0.0743954000,9,0x1C00,0x0000
0.0743998500,9,0x1C00,0x0000
0.0744042900,9,0x1C00,0x0000
0.0744087400,9,0x1C00,0x0000
0.0744131800,9,0x1C00,0x0000
0.0744176200,9,0x1C00,0x0000
0.0744220700,9,0x1C00,0x0000
0.0744265100,9,0x1C00,0x0000
0.0744309600,9,0x1C00,0x0000
0.0744354000,9,0x1C00,0x0000
0.0744398500,9,0x1C00,0x0000
0.0744442900,9,0x1C00,0x0000
0.0744487300,9,0x1C00,0x0000
0.0744531800,9,0x1C00,0x0000
0.0744576200,9,0x1C00,0x0000
0.0744620700,9,0x1C00,0x0000
0.0744665100,9,0x1C00,0x0000
0.0744709600,9,0x1C00,0x0000
0.0744754000,9,0x1C00,0x0000
0.0744798500,9,0x1C00,0x0000
0.0744842900,9,0x1C00,0x0000
0.0744887400,9,0x1C00,0x0000
0.0744931800,9,0x1C00,0x0000
0.0744976200,9,0x1C00,0x0000
0.0745020700,9,0x1C00,0x0000
0.0745065100,9,0x1C00,0x0000
0.0745109600,9,0x1C00,0x0000
0.0745154000,9,0x1C00,0x0000
0.0745198500,9,0x1C00,0x0000
0.0745242900,9,0x1C00,0x0000
0.0745287400,9,0x1C00,0x0000
0.0745331800,9,0x1C00,0x0000
0.0745376200,9,0x1C00,0x0000
0.0745420700,9,0x1C00,0x0000
0.0745465100,9,0x1C00,0x0000
0.0745509600,9,0x1C00,0x0000
0.0745554000,9,0x1C00,0x0000
0.0745598500,9,0x1C00,0x0000
0.0745642900,9,0x1C00,0x0000
0.0745687400,9,0x1C00,0x0000
0.0745731800,9,0x1C00,0x0000
0.0745776200,9,0x1C00,0x0000
0.0745820700,9,0x1C00,0x0000
0.0745865100,9,0x1C00,0x0000
0.0745909600,9,0x1C00,0x0000
0.0745954000,9,0x1C00,0x0000
0.0745998500,9,0x1C00,0x0000
0.0746042900,9,0x1C00,0x0000
0.0746087400,9,0x1C00,0x0000
0.0746131800,9,0x1C00,0x0000
0.0746176300,9,0x1C00,0x0000
0.0746220700,9,0x1C00,0x0000
0.0746265100,9,0x1C00,0x0000
0.0746309600,9,0x1C00,0x0000
0.0746354000,9,0x1C00,0x0000
0.0746398500,9,0x5BDD,0x0000
0.0746442900,9,0x5BE8,0x0000
0.0746487400,9,0x5BE8,0x0000
0.0746531800,9,0x5BE8,0x0000
0.0746576300,9,0x5BE8,0x0000
0.0746620700,9,0x5BE8,0x0000
0.0746665100,9,0x5BE8,0x0000
0.0746709600,9,0x5BE8,0x0000
0.0746754000,9,0x5BE8,0x0000
0.0746798500,9,0x5BE8,0x0000
0.0746842900,9,0x5BE8,0x0000
0.0746887400,9,0x5BD7,0x0000
0.0746931800,9,0x1C00,0x0000
0.0746976300,9,0x1C00,0x0000
0.0747020700,9,0x1C00,0x0000
0.0747065100,9,0x1C00,0x0000
0.0747109600,9,0x1C00,0x0000
0.0747154000,9,0x1C00,0x0000
0.0747198500,9,0x1C00,0x0000
0.0747242900,9,0x1C00,0x0000
0.0747287400,9,0x1C00,0x0000
0.0747331800,9,0x1C00,0x0000
0.0747376300,9,0x1C00,0x0000
0.0747420700,9,0x1C00,0x0000
0.0747465100,9,0x1C00,0x0000
0.0747509600,9,0x1C00,0x0000
0.0747554000,9,0x1C00,0x0000
0.0747598500,9,0x1C00,0x0000
0.0747642900,9,0x1C00,0x0000
0.0747687400,9,0x1C00,0x0000
0.0747731800,9,0x1C00,0x0000
0.0747776300,9,0x1C00,0x0000
0.0747820700,9,0x1C00,0x0000
0.0747865100,9,0x1C00,0x0000
0.0747909600,9,0x1C00,0x0000
0.0747954000,9,0x1C00,0x0000
0.0747998500,9,0x83E2,0x0000
0.0748042900,9,0x83EA,0x0000
0.0748087400,9,0x83EA,0x0000
0.0748131800,9,0x83EA,0x0000
0.0748176300,9,0x83EA,0x0000
0.0748220700,9,0x83EA,0x0000
0.0748265100,9,0x83EA,0x0000
0.0748309600,9,0x83EA,0x0000
0.0748354000,9,0x83EA,0x0000
0.0748398500,9,0x83EA,0x0000
0.0748442900,9,0x83EA,0x0000
0.0748487400,9,0x83E2,0x0000
0.0748531800,9,0x1C00,0x0000
0.0748576300,9,0x1C00,0x0000
0.0748620700,9,0x1C00,0x0000
0.0748665100,9,0x1C00,0x0000
0.0748709600,9,0x1C00,0x0000
0.0748754000,9,0x1C00,0x0000
0.0748798500,9,0x1C00,0x0000
0.0748842900,9,0x1C00,0x0000
0.0748887400,9,0x1C00,0x0000
0.0748931800,9,0x1C00,0x0000
0.0748976300,9,0x1C00,0x0000
0.0749020700,9,0x1C00,0x0000
0.0749065100,9,0x1C00,0x0000
0.0749109600,9,0x1C00,0x0000
0.0749154000,9,0x1C00,0x0000
0.0749198500,9,0x1C00,0x0000
0.0749242900,9,0x1C00,0x0000
0.0749287400,9,0x1C00,0x0000
0.0749331800,9,0x1C00,0x0000
0.0749376300,9,0x1C00,0x0000
0.0749420700,9,0x1C00,0x0000
0.0749465100,9,0x1C00,0x0000
0.0749509600,9,0x1C00,0x0000
0.0749554000,9,0x1C00,0x0000
0.0749598500,9,0x83E2,0x0000
0.0749642900,9,0x83EA,0x0000
0.0749687400,9,0x83EA,0x0000
0.0749731800,9,0x83EA,0x0000
0.0749776300,9,0x83EA,0x0000
0.0749820700,9,0x83EA,0x0000
0.0749865100,9,0x83EA,0x0000
0.0749909600,9,0x83EA,0x0000
0.0749954000,9,0x83EA,0x0000
0.0749998500,9,0x83EA,0x0000
0.0750042900,9,0x83EA,0x0000
0.0750087400,9,0x83E2,0x0000
0.0750131800,9,0x1C00,0x0000
0.0750176300,9,0x1C00,0x0000
0.0750220700,9,0x1C00,0x0000
0.0750265100,9,0x1C00,0x0000
0.0750309600,9,0x1C00,0x0000
0.0750354000,9,0x1C00,0x0000
0.0750398500,9,0x1C00,0x0000
0.0750442900,9,0x1C00,0x0000
0.0750487400,9,0x1C00,0x0000
0.0750531800,9,0x1C00,0x0000
0.0750576300,9,0x1C00,0x0000
0.0750620700,9,0x1C00,0x0000
0.0750665100,9,0x1C00,0x0000
0.0750709600,9,0x1C00,0x0000
0.0750754000,9,0x1C00,0x0000
0.0750798500,9,0x1C00,0x0000
0.0750842900,9,0x1C00,0x0000
0.0750887400,9,0x1C00,0x0000
0.0750931800,9,0x1C00,0x0000
0.0750976300,9,0x1C00,0x0000
0.0751020700,9,0x1C00,0x0000
0.0751065200,9,0x1C00,0x0000
0.0751109600,9,0x1C00,0x0000
0.0751154100,9,0x1C00,0x0000
0.0751198500,9,0x83E2,0x0000
0.0751242900,9,0x83EA,0x0000
0.0751287400,9,0x83EA,0x0000
0.0751331800,9,0x83EA,0x0000
0.0751376300,9,0x83EA,0x0000
0.0751420700,9,0x83EA,0x0000
0.0751465100,9,0x83EA,0x0000
0.0751509600,9,0x83EA,0x0000
0.0751554000,9,0x83EA,0x0000
0.0751598500,9,0x83EA,0x0000
0.0751642900,9,0x83EA,0x0000
0.0751687400,9,0x83E2,0x0000
0.0751731800,9,0x1C00,0x0000
0.0751776300,9,0x1C00,0x0000
0.0751820700,9,0x1C00,0x0000
0.0751865200,9,0x1C00,0x0000
0.0751909600,9,0x1C00,0x0000
0.0751954100,9,0x1C00,0x0000
0.0751998500,9,0x1C00,0x0000
0.0752042900,9,0x1C00,0x0000
0.0752087400,9,0x1C00,0x0000
0.0752131800,9,0x1C00,0x0000
0.0752176300,9,0x1C00,0x0000
0.0752220700,9,0x1C00,0x0000
0.0752265200,9,0x1C00,0x0000
0.0752309600,9,0x1C00,0x0000
0.0752354100,9,0x1C00,0x0000
0.0752398500,9,0x1C00,0x0000
0.0752442900,9,0x1C00,0x0000
0.0752487400,9,0x1C00,0x0000
0.0752531800,9,0x1C00,0x0000
0.0752576300,9,0x1C00,0x0000
0.0752620700,9,0x1C00,0x0000
0.0752665200,9,0x1C00,0x0000
0.0752709600,9,0x1C00,0x0000
0.0752754100,9,0x1C00,0x0000
0.0752798500,9,0x83E2,0x0000
0.0752842900,9,0x83EA,0x0000
0.0752887400,9,0x83EA,0x0000
0.0752931800,9,0x83EA,0x0000
0.0752976300,9,0x83EA,0x0000
0.0753020700,9,0x83EA,0x0000
0.0753065200,9,0x83EA,0x0000
0.0753109600,9,0x83EA,0x0000
0.0753154100,9,0x83EA,0x0000
0.0753198500,9,0x83EA,0x0000
0.0753242900,9,0x83EA,0x0000
0.0753287400,9,0x83E2,0x0000
0.0753331800,9,0x1C00,0x0000
0.0753376300,9,0x1C00,0x0000
0.0753420700,9,0x1C00,0x0000
0.0753465200,9,0x1C00,0x0000
0.0753509600,9,0x1C00,0x0000
0.0753554100,9,0x1C00,0x0000
0.0753598500,9,0x1C00,0x0000
0.0753643000,9,0x1C00,0x0000
0.0753687400,9,0x1C00,0x0000
0.0753731800,9,0x1C00,0x0000
0.0753776300,9,0x1C00,0x0000
0.0753820700,9,0x1C00,0x0000
0.0753865200,9,0x1C00,0x0000
0.0753909600,9,0x1C00,0x0000
0.0753954100,9,0x1C00,0x0000
0.0753998500,9,0x1C00,0x0000
0.0754043000,9,0x1C00,0x0000
0.0754087400,9,0x1C00,0x0000
0.0754131800,9,0x1C00,0x0000
0.0754176300,9,0x1C00,0x0000
0.0754220700,9,0x1C00,0x0000
0.0754265200,9,0x1C00,0x0000
0.0754309600,9,0x1C00,0x0000
0.0754354100,9,0x1C00,0x0000
0.0754398500,9,0x83E2,0x0000
0.0754443000,9,0x83EA,0x0000
0.0754487400,9,0x83EA,0x0000
0.0754531800,9,0x83EA,0x0000
0.0754576300,9,0x83EA,0x0000
0.0754620700,9,0x83EA,0x0000
0.0754665200,9,0x83EA,0x0000
0.0754709600,9,0x83EA,0x0000
0.0754754100,9,0x83EA,0x0000
0.0754798500,9,0x83EA,0x0000
0.0754843000,9,0x83EA,0x0000
0.0754887400,9,0x83E2,0x0000
0.0754931900,9,0x1C00,0x0000
0.0754976300,9,0x1C00,0x0000
0.0755020700,9,0x1C00,0x0000
0.0755065200,9,0x1C00,0x0000
0.0755109600,9,0x1C00,0x0000
0.0755154100,9,0x1C00,0x0000
0.0755198500,9,0x1C00,0x0000
0.0755243000,9,0x1C00,0x0000
0.0755287400,9,0x1C00,0x0000
0.0755331800,9,0x1C00,0x0000
0.0755376300,9,0x1C00,0x0000
0.0755420700,9,0x1C00,0x0000
0.0755465200,9,0x1C00,0x0000
0.0755509600,9,0x1C00,0x0000
0.0755554100,9,0x1C00,0x0000
0.0755598500,9,0x1C00,0x0000
0.0755643000,9,0x1C00,0x0000
0.0755687400,9,0x1C00,0x0000
0.0755731800,9,0x1C00,0x0000
0.0755776300,9,0x1C00,0x0000
0.0755820700,9,0x1C00,0x0000
0.0755865200,9,0x1C00,0x0000
0.0755909600,9,0x1C00,0x0000
0.0755954100,9,0x1C00,0x0000
0.0755998500,9,0x83E2,0x0000
0.0756043000,9,0x83EA,0x0000
0.0756087400,9,0x83EA,0x0000
0.0756131900,9,0x83EA,0x0000
0.0756176300,9,0x83EA,0x0000
0.0756220700,9,0x83EA,0x0000
0.0756265200,9,0x83EA,0x0000
0.0756309600,9,0x83EA,0x0000
0.0756354100,9,0x83EA,0x0000
0.0756398500,9,0x83EA,0x0000
0.0756443000,9,0x83EA,0x0000
0.0756487400,9,0x83E2,0x0000
0.0756531900,9,0x1C00,0x0000
0.0756576300,9,0x1C00,0x0000
0.0756620700,9,0x1C00,0x0000
0.0756665200,9,0x1C00,0x0000
0.0756709600,9,0x1C00,0x0000
0.0756754100,9,0x1C00,0x0000
0.0756798500,9,0x1C00,0x0000
0.0756843000,9,0x1C00,0x0000
0.0756887400,9,0x1C00,0x0000
0.0756931900,9,0x1C00,0x0000
0.0756976300,9,0x1C00,0x0000
0.0757020700,9,0x1C00,0x0000
0.0757065200,9,0x1C00,0x0000
0.0757109600,9,0x1C00,0x0000
0.0757154100,9,0x1C00,0x0000
0.0757198500,9,0x1C00,0x0000
0.0757243000,9,0x1C00,0x0000
0.0757287400,9,0x1C00,0x0000
0.0757331900,9,0x1C00,0x0000
0.0757376300,9,0x1C00,0x0000
0.0757420700,9,0x1C00,0x0000
0.0757465200,9,0x1C00,0x0000
0.0757509600,9,0x1C00,0x0000
0.0757554100,9,0x1C00,0x0000
0.0757598500,9,0x5BD1,0x0000
0.0757643000,9,0x5BE3,0x0000
0.0757687400,9,0x5BE3,0x0000
0.0757731900,9,0x5BE3,0x0000
0.0757776300,9,0x5BE3,0x0000
0.0757820800,9,0x5BE3,0x0000
0.0757865200,9,0x5BE3,0x0000
0.0757909600,9,0x5BE3,0x0000
0.0757954100,9,0x5BE3,0x0000
0.0757998500,9,0x5BE3,0x0000
0.0758043000,9,0x5BE3,0x0000
0.0758087400,9,0x5BD1,0x0000
0.0758131900,9,0x1C00,0x0000
0.0758176300,9,0x1C00,0x0000
0.0758220800,9,0x1C00,0x0000
0.0758265200,9,0x1C00,0x0000
0.0758309600,9,0x1C00,0x0000
0.0758354100,9,0x1C00,0x0000
0.0758398500,9,0x1C00,0x0000
0.0758443000,9,0x1C00,0x0000
0.0758487400,9,0x1C00,0x0000
0.0758531900,9,0x1C00,0x0000
0.0758576300,9,0x1C00,0x0000
0.0758620800,9,0x1C00,0x0000
0.0758665200,9,0x1C00,0x0000
0.0758709600,9,0x1C00,0x0000
0.0758754100,9,0x1C00,0x0000
0.0758798500,9,0x1C00,0x0000
0.0758843000,9,0x1C00,0x0000
0.0758887400,9,0x1C00,0x0000
0.0758931900,9,0x1C00,0x0000
0.0758976300,9,0x1C00,0x0000
0.0759020800,9,0x1C00,0x0000
0.0759065200,9,0x1C00,0x0000
0.0759109600,9,0x1C00,0x0000
0.0759154100,9,0x1C00,0x0000
0.0759198500,9,0x1C00,0x0000
0.0759243000,9,0x1C00,0x0000
0.0759287400,9,0x1C00,0x0000
0.0759331900,9,0x1C00,0x0000
0.0759376300,9,0x1C00,0x0000
0.0759420800,9,0x1C00,0x0000
0.0759465200,9,0x1C00,0x0000
0.0759509600,9,0x1C00,0x0000
0.0759554100,9,0x1C00,0x0000
0.0759598500,9,0x1C00,0x0000
0.0759643000,9,0x1C00,0x0000
0.0759687400,9,0x1C00,0x0000
0.0759731900,9,0x1C00,0x0000
0.0759776300,9,0x1C00,0x0000
0.0759820800,9,0x1C00,0x0000
0.0759865200,9,0x1C00,0x0000
0.0759909600,9,0x1C00,0x0000
0.0759954100,9,0x1C00,0x0000
0.0759998500,9,0x1C00,0x0000
0.0760043000,9,0x1C00,0x0000
0.0760087400,9,0x1C00,0x0000
0.0760131900,9,0x1C00,0x0000
0.0760176300,9,0x1C00,0x0000
0.0760220800,9,0x1C00,0x0000
0.0760265200,9,0x1C00,0x0000
0.0760309600,9,0x1C00,0x0000
0.0760354100,9,0x1C00,0x0000
0.0760398500,9,0x1C00,0x0000
0.0760443000,9,0x1C00,0x0000
0.0760487400,9,0x1C00,0x0000
0.0760531900,9,0x1C00,0x0000
0.0760576300,9,0x1C00,0x0000
0.0760620800,9,0x1C00,0x0000
0.0760665200,9,0x1C00,0x0000
0.0760709600,9,0x1C00,0x0000
0.0760754100,9,0x1C00,0x0000
0.0760798500,9,0x1C00,0x0000
0.0760843000,9,0x1C00,0x0000
0.0760887400,9,0x1C00,0x0000
0.0760931900,9,0x1C00,0x0000
0.0760976300,9,0x1C00,0x0000
0.0761020800,9,0x1C00,0x0000
0.0761065200,9,0x1C00,0x0000
0.0761109600,9,0x1C00,0x0000
0.0761154100,9,0x1C00,0x0000
0.0761198600,9,0x1C00,0x0000
0.0761243000,9,0x1C00,0x0000
0.0761287400,9,0x1C00,0x0000
0.0761331900,9,0x1C00,0x0000
0.0761376300,9,0x1C00,0x0000
0.0761420800,9,0x1C00,0x0000
0.0761465200,9,0x1C00,0x0000
0.0761509600,9,0x1C00,0x0000
0.0761554100,9,0x1C00,0x0000
0.0761598500,9,0x1C00,0x0000
0.0761643000,9,0x1C00,0x0000
0.0761687400,9,0x1C00,0x0000
0.0761731900,9,0x1C00,0x0000
0.0761776300,9,0x1C00,0x0000
0.0761820800,9,0x1C00,0x0000
0.0761865200,9,0x1C00,0x0000
0.0761909600,9,0x1C00,0x0000
0.0761954100,9,0x1C00,0x0000
0.0761998600,9,0x1C00,0x0000
0.0762043000,9,0x1C00,0x0000
0.0762087400,9,0x1C00,0x0000
0.0762131900,9,0x1C00,0x0000
0.0762176300,9,0x1C00,0x0000
0.0762220800,9,0x1C00,0x0000
0.0762265200,9,0x1C00,0x0000
0.0762309700,9,0x1C00,0x0000
0.0762354100,9,0x1C00,0x0000
0.0762398600,9,0x1C00,0x0000
0.0762443000,9,0x1C00,0x0000
0.0762487400,9,0x1C00,0x0000
0.0762531900,9,0x1C00,0x0000
0.0762576300,9,0x1C00,0x0000
0.0762620800,9,0x1C00,0x0000
0.0762665200,9,0x1C00,0x0000
0.0762709700,9,0x1C00,0x0000
0.0762754100,9,0x1C00,0x0000
0.0762798600,9,0x1C00,0x0000
0.0762843000,9,0x1C00,0x0000
0.0762887400,9,0x1C00,0x0000
0.0762931900,9,0x1C00,0x0000
0.0762976300,9,0x1C00,0x0000
0.0763020800,9,0x1C00,0x0000
0.0763065200,9,0x1C00,0x0000
0.0763109700,9,0x1C00,0x0000
0.0763154100,9,0x1C00,0x0000
0.0763198600,9,0x1C00,0x0000
0.0763243000,9,0x1C00,0x0000
0.0763287400,9,0x1C00,0x0000
0.0763331900,9,0x1C00,0x0000
0.0763376300,9,0x1C00,0x0000
0.0763420800,9,0x1C00,0x0000
0.0763465200,9,0x1C00,0x0000
0.0763509700,9,0x1C00,0x0000
0.0763554100,9,0x1C00,0x0000
0.0763598600,9,0x1C00,0x0000
0.0763643000,9,0x1C00,0x0000
0.0763687400,9,0x1C00,0x0000
0.0763731900,9,0x1C00,0x0000
0.0763776300,9,0x1C00,0x0000
0.0763820800,9,0x1C00,0x0000
0.0763865200,9,0x1C00,0x0000
0.0763909700,9,0x1C00,0x0000
0.0763954100,9,0x1C00,0x0000
0.0763998600,9,0x1C00,0x0000
0.0764043000,9,0x1C00,0x0000
0.0764087400,9,0x1C00,0x0000
0.0764131900,9,0x1C00,0x0000
0.0764176300,9,0x1C00,0x0000
0.0764220800,9,0x1C00,0x0000
0.0764265200,9,0x1C00,0x0000
0.0764309700,9,0x1C00,0x0000
0.0764354100,9,0x1C00,0x0000
0.0764398600,9,0x1C00,0x0000
0.0764443000,9,0x1C00,0x0000
0.0764487400,9,0x1C00,0x0000
0.0764531900,9,0x1C00,0x0000
0.0764576300,9,0x1C00,0x0000
0.0764620800,9,0x1C00,0x0000
0.0764665200,9,0x1C00,0x0000
0.0764709700,9,0x1C00,0x0000
0.0764754100,9,0x1C00,0x0000
0.0764798600,9,0x1C00,0x0000
0.0764843000,9,0x1C00,0x0000
0.0764887500,9,0x1C00,0x0000
0.0764931900,9,0x1C00,0x0000
0.0764976300,9,0x1C00,0x0000
0.0765020800,9,0x1C00,0x0000
0.0765065200,9,0x1C00,0x0000
0.0765109700,9,0x1C00,0x0000
0.0765154100,9,0x1C00,0x0000
0.0765198600,9,0x1C00,0x0000
0.0765243000,9,0x1C00,0x0000
0.0765287500,9,0x1C00,0x0000
0.0765331900,9,0x1C00,0x0000
0.0765376300,9,0x1C00,0x0000
0.0765420800,9,0x1C00,0x0000
0.0765465200,9,0x1C00,0x0000
0.0765509700,9,0x1C00,0x0000
0.0765554100,9,0x1C00,0x0000
0.0765598600,9,0x1C00,0x0000
0.0765643000,9,0x1C00,0x0000
0.0765687500,9,0x1C00,0x0000
0.0765731900,9,0x1C00,0x0000
0.0765776300,9,0x1C00,0x0000
0.0765820800,9,0x1C00,0x0000
0.0765865200,9,0x1C00,0x0000
0.0765909700,9,0x1C00,0x0000
0.0765954100,9,0x1C00,0x0000
0.0765998600,9,0x1C00,0x0000
0.0766043000,9,0x1C00,0x0000
0.0766087500,9,0x1C00,0x0000
0.0766131900,9,0x1C00,0x0000
0.0766176300,9,0x1C00,0x0000
0.0766220800,9,0x1C00,0x0000
0.0766265200,9,0x1C00,0x0000
0.0766309700,9,0x1C00,0x0000
0.0766354100,9,0x1C00,0x0000
0.0766398600,9,0x1C00,0x0000
0.0766443000,9,0x1C00,0x0000
0.0766487500,9,0x1C00,0x0000
0.0766531900,9,0x1C00,0x0000
0.0766576300,9,0x1C00,0x0000
0.0766620800,9,0x1C00,0x0000
0.0766665200,9,0x1C00,0x0000
0.0766709700,9,0x1C00,0x0000
0.0766754100,9,0x1C00,0x0000
0.0766798600,9,0x1C00,0x0000
0.0766843000,9,0x1C00,0x0000
0.0766887500,9,0x1C00,0x0000
0.0766931900,9,0x1C00,0x0000
0.0766976400,9,0x1C00,0x0000
0.0767020800,9,0x1C00,0x0000
0.0767065200,9,0x1C00,0x0000
0.0767109700,9,0x1C00,0x0000
0.0767154100,9,0x1C00,0x0000
0.0767198600,9,0x1C00,0x0000
0.0767243000,9,0x1C00,0x0000
0.0767287500,9,0x1C00,0x0000
0.0767331900,9,0x1C00,0x0000
0.0767376400,9,0x1C00,0x0000
0.0767420800,9,0x1C00,0x0000
0.0767465200,9,0x1C00,0x0000
0.0767509700,9,0x1C00,0x0000
0.0767554100,9,0x1C00,0x0000
0.0767598600,9,0x1C00,0x0000
0.0767643000,9,0x1C00,0x0000
0.0767687500,9,0x1C00,0x0000
0.0767731900,9,0x1C00,0x0000
0.0767776400,9,0x1C00,0x0000
0.0767820800,9,0x1C00,0x0000
0.0767865200,9,0x1C00,0x0000
0.0767909700,9,0x1C00,0x0000
0.0767954100,9,0x1C00,0x0000
0.0767998600,9,0x1C00,0x0000
0.0768043000,9,0x1C00,0x0000
0.0768087500,9,0x1C00,0x0000
0.0768131900,9,0x1C00,0x0000
0.0768176400,9,0x1C00,0x0000
0.0768220800,9,0x1C00,0x0000
0.0768265200,9,0x0000,0x0000
0.0768309700,9,0x0000,0x0000
0.0768354100,9,0x0000,0x0000
0.0819465600,10,0x55AA,0x0000
0.0819510000,10,0x2DEC,0x0000
0.0819554400,10,0x01FF,0x0000
0.0819598800,10,0x1C00,0x0000
0.0819643300,10,0x1C00,0x0000
0.0819687700,10,0x1C00,0x0000
0.0819732200,10,0x1C00,0x0000
0.0819776600,10,0x1C00,0x0000
0.0819821100,10,0x1C00,0x0000
0.0819865500,10,0x1C00,0x0000
0.0819910000,10,0x1C00,0x0000
0.0819954400,10,0x1C00,0x0000
0.0819998800,10,0x1C00,0x0000
0.0820043300,10,0x1C00,0x0000
0.0820087700,10,0x1C00,0x0000
0.0820132200,10,0x1C00,0x0000
0.0820176600,10,0x1C00,0x0000
0.0820221100,10,0x1C00,0x0000
0.0820265500,10,0x1C00,0x0000
0.0820310000,10,0x1C00,0x0000
0.0820354400,10,0x1C00,0x0000
0.0820398800,10,0x1C00,0x0000
0.0820443300,10,0x1C00,0x0000
0.0820487700,10,0x1C00,0x0000
0.0820532200,10,0x1C00,0x0000
0.0820576600,10,0x1C00,0x0000
0.0820621100,10,0x1C00,0x0000
0.0820665500,10,0x1C00,0x0000
0.0820710000,10,0x1C00,0x0000
0.0820754400,10,0x1C00,0x0000
0.0820798800,10,0x1C00,0x0000
0.0820843300,10,0x1C00,0x0000
0.0820887700,10,0x1C00,0x0000
0.0820932200,10,0x1C00,0x0000
0.0820976600,10,0x1C00,0x0000
0.0821021100,10,0x1C00,0x0000
0.0821065500,10,0x1C00,0x0000
0.0821110000,10,0x1C00,0x0000
0.0821154400,10,0x1C00,0x0000
0.0821198800,10,0x1C00,0x0000
0.0821243300,10,0x1C00,0x0000
0.0821287700,10,0x1C00,0x0000
0.0821332200,10,0x1C00,0x0000
0.0821376600,10,0x1C00,0x0000
0.0821421100,10,0x1C00,0x0000
0.0821465500,10,0x1C00,0x0000
0.0821510000,10,0x1C00,0x0000
0.0821554400,10,0x1C00,0x0000
0.0821598800,10,0x1C00,0x0000
0.0821643300,10,0x1C00,0x0000
0.0821687700,10,0x1C00,0x0000
0.0821732200,10,0x1C00,0x0000
0.0821776600,10,0x1C00,0x0000
0.0821821100,10,0x1C00,0x0000
0.0821865500,10,0x1C00,0x0000
0.0821910000,10,0x1C00,0x0000
0.0821954400,10,0x1C00,0x0000
0.0821998800,10,0x1C00,0x0000
0.0822043300,10,0x1C00,0x0000
0.0822087700,10,0x1C00,0x0000
0.0822132200,10,0x1C00,0x0000
0.0822176600,10,0x1C00,0x0000
0.0822221100,10,0x1C00,0x0000
0.0822265500,10,0x1C00,0x0000
0.0822310000,10,0x1C00,0x0000
0.0822354400,10,0x1C00,0x0000
0.0822398800,10,0x1C00,0x0000
0.0822443300,10,0x1C00,0x0000
0.0822487700,10,0x1C00,0x0000
0.0822532200,10,0x1C00,0x0000
0.0822576600,10,0x1C00,0x0000
0.0822621100,10,0x1C00,0x0000
0.0822665500,10,0x1C00,0x0000
0.0822710000,10,0x1C00,0x0000
0.0822754400,10,0x1C00,0x0000
0.0822798800,10,0x1C00,0x0000
0.0822843300,10,0x1C00,0x0000
0.0822887700,10,0x1C00,0x0000
0.0822932200,10,0x1C00,0x0000
0.0822976600,10,0x1C00,0x0000
0.0823021100,10,0x1C00,0x0000
0.0823065500,10,0x1C00,0x0000
0.0823110000,10,0x1C00,0x0000
0.0823154400,10,0x1C00,0x0000
0.0823198900,10,0x1C00,0x0000
0.0823243300,10,0x1C00,0x0000
0.0823287700,10,0x1C00,0x0000
0.0823332200,10,0x1C00,0x0000
0.0823376600,10,0x1C00,0x0000
0.0823421100,10,0x1C00,0x0000
0.0823465500,10,0x1C00,0x0000
0.0823510000,10,0x1C00,0x0000
0.0823554400,10,0x1C00,0x0000
0.0823598900,10,0x1C00,0x0000
0.0823643300,10,0x1C00,0x0000
0.0823687700,10,0x1C00,0x0000
0.0823732200,10,0x1C00,0x0000
0.0823776600,10,0x1C00,0x0000
0.0823821100,10,0x1C00,0x0000
0.0823865500,10,0x1C00,0x0000
0.0823910000,10,0x1C00,0x0000
0.0823954400,10,0x1C00,0x0000
0.0823998900,10,0x1C00,0x0000
0.0824043300,10,0x1C00,0x0000
0.0824087700,10,0x1C00,0x0000
0.0824132200,10,0x1C00,0x0000
0.0824176600,10,0x1C00,0x0000
0.0824221100,10,0x1C00,0x0000
0.0824265500,10,0x1C00,0x0000
0.0824310000,10,0x1C00,0x0000
0.0824354400,10,0x1C00,0x0000
0.0824398900,10,0x1C00,0x0000
0.0824443300,10,0x1C00,0x0000
0.0824487700,10,0x1C00,0x0000
0.0824532200,10,0x1C00,0x0000
0.0824576600,10,0x1C00,0x0000
0.0824621100,10,0x1C00,0x0000
0.0824665500,10,0x1C00,0x0000
0.0824710000,10,0x1C00,0x0000
0.0824754400,10,0x1C00,0x0000
0.0824798900,10,0x1C00,0x0000
0.0824843300,10,0x1C00,0x0000
0.0824887800,10,0x1C00,0x0000
0.0824932200,10,0x1C00,0x0000
0.0824976600,10,0x1C00,0x0000
0.0825021100,10,0x1C00,0x0000
0.0825065500,10,0x1C00,0x0000
0.0825110000,10,0x1C00,0x0000
0.0825154400,10,0x1C00,0x0000
0.0825198900,10,0x1C00,0x0000
0.0825243300,10,0x1C00,0x0000
0.0825287800,10,0x1C00,0x0000
0.0825332200,10,0x1C00,0x0000
0.0825376600,10,0x1C00,0x0000
0.0825421100,10,0x1C00,0x0000
0.0825465500,10,0x1C00,0x0000
0.0825510000,10,0x1C00,0x0000
0.0825554400,10,0x1C00,0x0000
0.0825598900,10,0x1C00,0x0000
0.0825643300,10,0x1C00,0x0000
0.0825687800,10,0x1C00,0x0000
0.0825732200,10,0x1C00,0x0000
0.0825776600,10,0x1C00,0x0000
0.0825821100,10,0x1C00,0x0000
0.0825865500,10,0x1C00,0x0000
0.0825910000,10,0x1C00,0x0000
0.0825954400,10,0x1C00,0x0000
0.0825998900,10,0x1C00,0x0000
0.0826043300,10,0x1C00,0x0000
0.0826087800,10,0x1C00,0x0000
0.0826132200,10,0x1C00,0x0000
0.0826176600,10,0x1C00,0x0000
0.0826221100,10,0x1C00,0x0000
0.0826265500,10,0x1C00,0x0000
0.0826310000,10,0x1C00,0x0000
0.0826354400,10,0x1C00,0x0000
0.0826398900,10,0x1C00,0x0000
0.0826443300,10,0x1C00,0x0000
0.0826487800,10,0x1C00,0x0000
0.0826532200,10,0x1C00,0x0000
0.0826576600,10,0x1C00,0x0000
0.0826621100,10,0x1C00,0x0000
0.0826665500,10,0x1C00,0x0000
0.0826710000,10,0x1C00,0x0000
0.0826754400,10,0x1C00,0x0000
0.0826798900,10,0x1C00,0x0000
0.0826843300,10,0x1C00,0x0000
0.0826887800,10,0x1C00,0x0000
0.0826932200,10,0x1C00,0x0000
0.0826976600,10,0x1C00,0x0000
0.0827021100,10,0x1C00,0x0000
0.0827065500,10,0x1C00,0x0000
0.0827110000,10,0x1C00,0x0000
0.0827154400,10,0x1C00,0x0000
0.0827198900,10,0x1C00,0x0000
0.0827243300,10,0x1C00,0x0000
0.0827287800,10,0x1C00,0x0000
0.0827332200,10,0x1C00,0x0000
0.0827376600,10,0x1C00,0x0000
0.0827421100,10,0x1C00,0x0000
0.0827465500,10,0x1C00,0x0000
0.0827510000,10,0x1C00,0x0000
0.0827554400,10,0x1C00,0x0000
0.0827598900,10,0x1C00,0x0000
0.0827643300,10,0x1C00,0x0000
0.0827687800,10,0x1C00,0x0000
0.0827732200,10,0x1C00,0x0000
0.0827776600,10,0x1C00,0x0000
0.0827821100,10,0x1C00,0x0000
0.0827865500,10,0x1C00,0x0000
0.0827910000,10,0x1C00,0x0000
0.0827954400,10,0x1C00,0x0000
0.0827998900,10,0x1C00,0x0000
0.0828043300,10,0x1C00,0x0000
0.0828087800,10,0x1C00,0x0000
0.0828132200,10,0x1C00,0x0000
0.0828176600,10,0x1C00,0x0000
0.0828221100,10,0x1C00,0x0000
0.0828265500,10,0x1C00,0x0000
0.0828310000,10,0x1C00,0x0000
0.0828354400,10,0x1C00,0x0000
0.0828398900,10,0x1C00,0x0000
0.0828443300,10,0x1C00,0x0000
0.0828487800,10,0x1C00,0x0000
0.0828532200,10,0x1C00,0x0000
0.0828576700,10,0x1C00,0x0000
0.0828621100,10,0x1C00,0x0000
0.0828665500,10,0x1C00,0x0000
0.0828710000,10,0x1C00,0x0000
0.0828754400,10,0x1C00,0x0000
0.0828798900,10,0x1C00,0x0000
0.0828843300,10,0x1C00,0x0000
0.0828887800,10,0x1C00,0x0000
0.0828932200,10,0x1C00,0x0000
0.0828976600,10,0x1C00,0x0000
0.0829021100,10,0x1C00,0x0000
0.0829065500,10,0x1C00,0x0000
0.0829110000,10,0x1C00,0x0000
0.0829154400,10,0x1C00,0x0000
0.0829198900,10,0x1C00,0x0000
0.0829243300,10,0x1C00,0x0000
0.0829287800,10,0x1C00,0x0000
0.0829332200,10,0x1C00,0x0000
0.0829376700,10,0x1C00,0x0000
0.0829421100,10,0x1C00,0x0000
0.0829465600,10,0x1C00,0x0000
0.0829510000,10,0x1C00,0x0000
0.0829554400,10,0x1C00,0x0000
0.0829598900,10,0x1C00,0x0000
0.0829643300,10,0x1C00,0x0000
0.0829687800,10,0x1C00,0x0000
0.0829732200,10,0x5BDD,0x0000
0.0829776700,10,0x5BE8,0x0000
0.0829821100,10,0x5BE8,0x0000
0.0829865600,10,0x5BE8,0x0000
0.0829910000,10,0x5BE8,0x0000
0.0829954400,10,0x5BE8,0x0000
0.0829998900,10,0x5BE8,0x0000
0.0830043300,10,0x5BE8,0x0000
0.0830087800,10,0x5BE8,0x0000
0.0830132200,10,0x5BE8,0x0000
0.0830176700,10,0x5BE8,0x0000
0.0830221100,10,0x5BD7,0x0000
0.0830265600,10,0x1C00,0x0000
0.0830310000,10,0x1C00,0x0000
0.0830354400,10,0x1C00,0x0000
0.0830398900,10,0x1C00,0x0000
0.0830443300,10,0x1C00,0x0000
0.0830487800,10,0x1C00,0x0000
0.0830532200,10,0x1C00,0x0000
0.0830576700,10,0x1C00,0x0000
0.0830621100,10,0x1C00,0x0000
0.0830665600,10,0x1C00,0x0000
0.0830710000,10,0x1C00,0x0000
0.0830754400,10,0x1C00,0x0000
0.0830798900,10,0x1C00,0x0000
0.0830843300,10,0x1C00,0x0000
0.0830887800,10,0x1C00,0x0000
0.0830932200,10,0x1C00,0x0000
0.0830976700,10,0x1C00,0x0000
0.0831021100,10,0x1C00,0x0000
0.0831065600,10,0x1C00,0x0000
0.0831110000,10,0x1C00,0x0000
0.0831154400,10,0x1C00,0x0000
0.0831198900,10,0x1C00,0x0000
0.0831243300,10,0x1C00,0x0000
0.0831287800,10,0x1C00,0x0000
0.0831332200,10,0x83E2,0x0000
0.0831376700,10,0x83EA,0x0000
0.0831421100,10,0x83EA,0x0000
0.0831465600,10,0x83EA,0x0000
0.0831510000,10,0x83EA,0x0000
0.0831554400,10,0x83EA,0x0000
0.0831598900,10,0x83EA,0x0000
0.0831643300,10,0x83EA,0x0000
0.0831687800,10,0x83EA,0x0000
0.0831732200,10,0x83EA,0x0000
0.0831776700,10,0x83EA,0x0000
0.0831821100,10,0x83E2,0x0000
0.0831865600,10,0x1C00,0x0000
0.0831910000,10,0x1C00,0x0000
0.0831954500,10,0x1C00,0x0000
0.0831998900,10,0x1C00,0x0000
0.0832043300,10,0x1C00,0x0000
0.0832087800,10,0x1C00,0x0000
0.0832132200,10,0x1C00,0x0000
0.0832176700,10,0x1C00,0x0000
0.0832221100,10,0x1C00,0x0000
0.0832265600,10,0x1C00,0x0000
0.0832310000,10,0x1C00,0x0000
0.0832354500,10,0x1C00,0x0000
0.0832398900,10,0x1C00,0x0000
0.0832443300,10,0x1C00,0x0000
0.0832487800,10,0x1C00,0x0000
0.0832532200,10,0x1C00,0x0000
0.0832576700,10,0x1C00,0x0000
0.0832621100,10,0x1C00,0x0000
0.0832665600,10,0x1C00,0x0000
0.0832710000,10,0x1C00,0x0000
0.0832754500,10,0x1C00,0x0000
0.0832798900,10,0x1C00,0x0000
0.0832843300,10,0x1C00,0x0000
0.0832887800,10,0x1C00,0x0000
0.0832932200,10,0x83E2,0x0000
0.0832976700,10,0x83EA,0x0000
0.0833021100,10,0x83EA,0x0000
0.0833065600,10,0x83EA,0x0000
0.0833110000,10,0x83EA,0x0000
0.0833154500,10,0x83EA,0x0000
0.0833198900,10,0x83EA,0x0000
0.0833243300,10,0x83EA,0x0000
0.0833287800,10,0x83EA,0x0000
0.0833332200,10,0x83EA,0x0000
0.0833376700,10,0x83EA,0x0000
0.0833421100,10,0x83E2,0x0000
0.0833465600,10,0x1C00,0x0000
0.0833510000,10,0x1C00,0x0000
0.0833554500,10,0x1C00,0x0000
0.0833598900,10,0x1C00,0x0000
0.0833643400,10,0x1C00,0x0000
0.0833687800,10,0x1C00,0x0000
0.0833732200,10,0x1C00,0x0000
0.0833776700,10,0x1C00,0x0000
0.0833821100,10,0x1C00,0x0000
0.0833865600,10,0x1C00,0x0000
0.0833910000,10,0x1C00,0x0000
0.0833954500,10,0x1C00,0x0000
0.0833998900,10,0x1C00,0x0000
0.0834043400,10,0x1C00,0x0000
0.0834087800,10,0x1C00,0x0000
0.0834132200,10,0x1C00,0x0000
0.0834176700,10,0x1C00,0x0000
0.0834221100,10,0x1C00,0x0000
0.0834265600,10,0x1C00,0x0000
0.0834310000,10,0x1C00,0x0000
0.0834354500,10,0x1C00,0x0000
0.0834398900,10,0x1C00,0x0000
0.0834443400,10,0x1C00,0x0000
0.0834487800,10,0x1C00,0x0000
0.0834532200,10,0x83E2,0x0000
0.0834576700,10,0x83EA,0x0000
0.0834621100,10,0x83EA,0x0000
0.0834665600,10,0x83EA,0x0000
0.0834710000,10,0x83EA,0x0000
0.0834754500,10,0x83EA,0x0000
0.0834798900,10,0x83EA,0x0000
0.0834843300,10,0x83EA,0x0000
0.0834887800,10,0x83EA,0x0000
0.0834932200,10,0x83EA,0x0000
0.0834976700,10,0x83EA,0x0000
0.0835021100,10,0x83E2,0x0000
0.0835065600,10,0x1C00,0x0000
0.0835110000,10,0x1C00,0x0000
0.0835154500,10,0x1C00,0x0000
0.0835198900,10,0x1C00,0x0000
0.0835243400,10,0x1C00,0x0000
0.0835287800,10,0x1C00,0x0000
0.0835332200,10,0x1C00,0x0000
0.0835376700,10,0x1C00,0x0000
0.0835421100,10,0x1C00,0x0000
0.0835465600,10,0x1C00,0x0000
0.0835510000,10,0x1C00,0x0000
0.0835554500,10,0x1C00,0x0000
0.0835598900,10,0x1C00,0x0000
0.0835643400,10,0x1C00,0x0000
0.0835687800,10,0x1C00,0x0000
0.0835732200,10,0x1C00,0x0000
0.0835776700,10,0x1C00,0x0000
0.0835821100,10,0x1C00,0x0000
0.0835865600,10,0x1C00,0x0000
0.0835910000,10,0x1C00,0x0000
0.0835954500,10,0x1C00,0x0000
0.0835998900,10,0x1C00,0x0000
0.0836043400,10,0x1C00,0x0000
0.0836087800,10,0x1C00,0x0000
0.0836132200,10,0x83E2,0x0000
0.0836176700,10,0x83EA,0x0000
0.0836221100,10,0x83EA,0x0000
0.0836265600,10,0x83EA,0x0000
0.0836310000,10,0x83EA,0x0000
0.0836354500,10,0x83EA,0x0000
0.0836398900,10,0x83EA,0x0000
0.0836443400,10,0x83EA,0x0000
0.0836487800,10,0x83EA,0x0000
0.0836532200,10,0x83EA,0x0000
0.0836576700,10,0x83EA,0x0000
0.0836621100,10,0x83E2,0x0000
0.0836665600,10,0x1C00,0x0000
0.0836710000,10,0x1C00,0x0000
0.0836754500,10,0x1C00,0x0000
0.0836798900,10,0x1C00,0x0000
0.0836843400,10,0x1C00,0x0000
0.0836887800,10,0x1C00,0x0000
0.0836932300,10,0x1C00,0x0000
0.0836976700,10,0x1C00,0x0000
0.0837021100,10,0x1C00,0x0000
0.0837065600,10,0x1C00,0x0000
0.0837110000,10,0x1C00,0x0000
0.0837154500,10,0x1C00,0x0000
0.0837198900,10,0x1C00,0x0000
0.0837243400,10,0x1C00,0x0000
0.0837287800,10,0x1C00,0x0000
0.0837332300,10,0x1C00,0x0000
0.0837376700,10,0x1C00,0x0000
0.0837421100,10,0x1C00,0x0000
0.0837465600,10,0x1C00,0x0000
0.0837510000,10,0x1C00,0x0000
0.0837554500,10,0x1C00,0x0000
0.0837598900,10,0x1C00,0x0000
0.0837643400,10,0x1C00,0x0000
0.0837687800,10,0x1C00,0x0000
0.0837732300,10,0x83E2,0x0000
0.0837776700,10,0x83EA,0x0000
0.0837821100,10,0x83EA,0x0000
0.0837865600,10,0x83EA,0x0000
0.0837910000,10,0x83EA,0x0000
0.0837954500,10,0x83EA,0x0000
0.0837998900,10,0x83EA,0x0000
0.0838043400,10,0x83EA,0x0000
0.0838087800,10,0x83EA,0x0000
0.0838132300,10,0x83EA,0x0000
0.0838176700,10,0x83EA,0x0000
0.0838221100,10,0x83E2,0x0000
0.0838265600,10,0x1C00,0x0000
0.0838310000,10,0x1C00,0x0000
0.0838354500,10,0x1C00,0x0000
0.0838398900,10,0x1C00,0x0000
0.0838443400,10,0x1C00,0x0000
0.0838487800,10,0x1C00,0x0000
0.0838532300,10,0x1C00,0x0000
0.0838576700,10,0x1C00,0x0000
0.0838621100,10,0x1C00,0x0000
0.0838665600,10,0x1C00,0x0000
0.0838710000,10,0x1C00,0x0000
0.0838754500,10,0x1C00,0x0000
0.0838798900,10,0x1C00,0x0000
0.0838843400,10,0x1C00,0x0000
0.0838887800,10,0x1C00,0x0000
0.0838932300,10,0x1C00,0x0000
0.0838976700,10,0x1C00,0x0000
0.0839021100,10,0x1C00,0x0000
0.0839065600,10,0x1C00,0x0000
0.0839110000,10,0x1C00,0x0000
0.0839154500,10,0x1C00,0x0000
0.0839198900,10,0x1C00,0x0000
0.0839243400,10,0x1C00,0x0000
0.0839287800,10,0x1C00,0x0000
0.0839332300,10,0x83E2,0x0000
0.0839376700,10,0x83EA,0x0000
0.0839421100,10,0x83EA,0x0000
0.0839465600,10,0x83EA,0x0000
0.0839510000,10,0x83EA,0x0000
0.0839554500,10,0x83EA,0x0000
0.0839598900,10,0x83EA,0x0000
0.0839643400,10,0x83EA,0x0000
0.0839687800,10,0x83EA,0x0000
0.0839732300,10,0x83EA,0x0000
0.0839776700,10,0x83EA,0x0000
0.0839821100,10,0x83E2,0x0000
0.0839865600,10,0x1C00,0x0000
0.0839910000,10,0x1C00,0x0000
0.0839954500,10,0x1C00,0x0000
0.0839998900,10,0x1C00,0x0000
0.0840043400,10,0x1C00,0x0000
0.0840087800,10,0x1C00,0x0000
0.0840132300,10,0x1C00,0x0000
0.0840176700,10,0x1C00,0x0000
0.0840221100,10,0x1C00,0x0000
0.0840265600,10,0x1C00,0x0000
0.0840310000,10,0x1C00,0x0000
0.0840354500,10,0x1C00,0x0000
0.0840398900,10,0x1C00,0x0000
0.0840443400,10,0x1C00,0x0000
0.0840487800,10,0x1C00,0x0000
0.0840532300,10,0x1C00,0x0000
0.0840576700,10,0x1C00,0x0000
0.0840621200,10,0x1C00,0x0000
0.0840665600,10,0x1C00,0x0000
0.0840710100,10,0x1C00,0x0000
0.0840754500,10,0x1C00,0x0000
0.0840798900,10,0x1C00,0x0000
0.0840843400,10,0x1C00,0x0000
0.0840887800,10,0x1C00,0x0000
0.0840932300,10,0x5BD1,0x0000
0.0840976700,10,0x5BE3,0x0000
0.0841021200,10,0x5BE3,0x0000
0.0841065600,10,0x5BE3,0x0000
0.0841110100,10,0x5BE3,0x0000
0.0841154500,10,0x5BE3,0x0000
0.0841198900,10,0x5BE3,0x0000
0.0841243400,10,0x5BE3,0x0000
0.0841287800,10,0x5BE3,0x0000
0.0841332300,10,0x5BE3,0x0000
0.0841376700,10,0x5BE3,0x0000
0.0841421200,10,0x5BD1,0x0000
0.0841465600,10,0x1C00,0x0000
0.0841510100,10,0x1C00,0x0000
0.0841554500,10,0x1C00,0x0000
0.0841598900,10,0x1C00,0x0000
0.0841643400,10,0x1C00,0x0000
0.0841687800,10,0x1C00,0x0000
0.0841732300,10,0x1C00,0x0000
0.0841776700,10,0x1C00,0x0000
0.0841821200,10,0x1C00,0x0000
0.0841865600,10,0x1C00,0x0000
0.0841910100,10,0x1C00,0x0000
0.0841954500,10,0x1C00,0x0000
0.0841998900,10,0x1C00,0x0000
0.0842043400,10,0x1C00,0x0000
0.0842087800,10,0x1C00,0x0000
0.0842132300,10,0x1C00,0x0000
0.0842176700,10,0x1C00,0x0000
0.0842221200,10,0x1C00,0x0000
0.0842265600,10,0x1C00,0x0000
0.0842310100,10,0x1C00,0x0000
0.0842354500,10,0x1C00,0x0000
0.0842399000,10,0x1C00,0x0000
0.0842443400,10,0x1C00,0x0000
0.0842487800,10,0x1C00,0x0000
0.0842532300,10,0x1C00,0x0000
0.0842576700,10,0x1C00,0x0000
0.0842621200,10,0x1C00,0x0000
0.0842665600,10,0x1C00,0x0000
0.0842710100,10,0x1C00,0x0000
0.0842754500,10,0x1C00,0x0000
0.0842798900,10,0x1C00,0x0000
0.0842843400,10,0x1C00,0x0000
0.0842887800,10,0x1C00,0x0000
0.0842932300,10,0x1C00,0x0000
0.0842976700,10,0x1C00,0x0000
0.0843021200,10,0x1C00,0x0000
0.0843065600,10,0x1C00,0x0000
0.0843110100,10,0x1C00,0x0000
0.0843154500,10,0x1C00,0x0000
0.0843199000,10,0x1C00,0x0000
0.0843243400,10,0x1C00,0x0000
0.0843287800,10,0x1C00,0x0000
0.0843332300,10,0x1C00,0x0000
0.0843376700,10,0x1C00,0x0000
0.0843421200,10,0x1C00,0x0000
0.0843465600,10,0x1C00,0x0000
0.0843510100,10,0x1C00,0x0000
0.0843554500,10,0x1C00,0x0000
0.0843599000,10,0x1C00,0x0000
0.0843643400,10,0x1C00,0x0000
0.0843687800,10,0x1C00,0x0000
0.0843732300,10,0x1C00,0x0000
0.0843776700,10,0x1C00,0x0000
0.0843821200,10,0x1C00,0x0000
0.0843865600,10,0x1C00,0x0000
0.0843910100,10,0x1C00,0x0000
0.0843954500,10,0x1C00,0x0000
0.0843999000,10,0x1C00,0x0000
0.0844043400,10,0x1C00,0x0000
0.0844087800,10,0x1C00,0x0000
0.0844132300,10,0x1C00,0x0000
0.0844176700,10,0x1C00,0x0000
0.0844221200,10,0x1C00,0x0000
0.0844265600,10,0x1C00,0x0000
0.0844310100,10,0x1C00,0x0000
0.0844354500,10,0x1C00,0x0000
0.0844399000,10,0x1C00,0x0000
0.0844443400,10,0x1C00,0x0000
0.0844487800,10,0x1C00,0x0000
0.0844532300,10,0x1C00,0x0000
0.0844576700,10,0x1C00,0x0000
0.0844621200,10,0x1C00,0x0000
0.0844665600,10,0x1C00,0x0000
0.0844710100,10,0x1C00,0x0000
0.0844754500,10,0x1C00,0x0000
0.0844799000,10,0x1C00,0x0000
0.0844843400,10,0x1C00,0x0000
0.0844887800,10,0x1C00,0x0000
0.0844932300,10,0x1C00,0x0000
0.0844976700,10,0x1C00,0x0000
0.0845021200,10,0x1C00,0x0000
0.0845065600,10,0x1C00,0x0000
0.0845110100,10,0x1C00,0x0000
0.0845154500,10,0x1C00,0x0000
0.0845199000,10,0x1C00,0x0000
0.0845243400,10,0x1C00,0x0000
0.0845287800,10,0x1C00,0x0000
0.0845332300,10,0x1C00,0x0000
0.0845376700,10,0x1C00,0x0000
0.0845421200,10,0x1C00,0x0000
0.0845465600,10,0x1C00,0x0000
0.0845510100,10,0x1C00,0x0000
0.0845554500,10,0x1C00,0x0000
0.0845599000,10,0x1C00,0x0000
0.0845643400,10,0x1C00,0x0000
0.0845687900,10,0x1C00,0x0000
0.0845732300,10,0x1C00,0x0000
0.0845776700,10,0x1C00,0x0000
0.0845821200,10,0x1C00,0x0000
0.0845865600,10,0x1C00,0x0000
0.0845910100,10,0x1C00,0x0000
0.0845954500,10,0x1C00,0x0000
0.0845999000,10,0x1C00,0x0000
0.0846043400,10,0x1C00,0x0000
0.0846087900,10,0x1C00,0x0000
0.0846132300,10,0x1C00,0x0000
0.0846176700,10,0x1C00,0x0000
0.0846221200,10,0x1C00,0x0000
0.0846265600,10,0x1C00,0x0000
0.0846310100,10,0x1C00,0x0000
0.0846354500,10,0x1C00,0x0000
0.0846399000,10,0x1C00,0x0000
0.0846443400,10,0x1C00,0x0000
0.0846487900,10,0x1C00,0x0000
0.0846532300,10,0x1C00,0x0000
0.0846576700,10,0x1C00,0x0000
0.0846621200,10,0x1C00,0x0000
0.0846665600,10,0x1C00,0x0000
0.0846710100,10,0x1C00,0x0000
0.0846754500,10,0x1C00,0x0000
0.0846799000,10,0x1C00,0x0000
0.0846843400,10,0x1C00,0x0000
0.0846887900,10,0x1C00,0x0000
0.0846932300,10,0x1C00,0x0000
0.0846976700,10,0x1C00,0x0000
0.0847021200,10,0x1C00,0x0000
0.0847065600,10,0x1C00,0x0000
0.0847110100,10,0x1C00,0x0000
0.0847154500,10,0x1C00,0x0000
0.0847199000,10,0x1C00,0x0000
0.0847243400,10,0x1C00,0x0000
0.0847287900,10,0x1C00,0x0000
0.0847332300,10,0x1C00,0x0000
0.0847376800,10,0x1C00,0x0000
0.0847421200,10,0x1C00,0x0000
0.0847465600,10,0x1C00,0x0000
0.0847510100,10,0x1C00,0x0000
0.0847554500,10,0x1C00,0x0000
0.0847599000,10,0x1C00,0x0000
0.0847643400,10,0x1C00,0x0000
0.0847687900,10,0x1C00,0x0000
0.0847732300,10,0x1C00,0x0000
0.0847776800,10,0x1C00,0x0000
0.0847821200,10,0x1C00,0x0000
0.0847865600,10,0x1C00,0x0000
0.0847910100,10,0x1C00,0x0000
0.0847954500,10,0x1C00,0x0000
0.0847999000,10,0x1C00,0x0000
0.0848043400,10,0x1C00,0x0000
0.0848087900,10,0x1C00,0x0000
0.0848132300,10,0x1C00,0x0000
0.0848176800,10,0x1C00,0x0000
0.0848221200,10,0x1C00,0x0000
0.0848265600,10,0x1C00,0x0000
0.0848310100,10,0x1C00,0x0000
0.0848354500,10,0x1C00,0x0000
0.0848399000,10,0x1C00,0x0000
0.0848443400,10,0x1C00,0x0000
0.0848487900,10,0x1C00,0x0000
0.0848532300,10,0x1C00,0x0000
0.0848576800,10,0x1C00,0x0000
0.0848621200,10,0x1C00,0x0000
0.0848665600,10,0x1C00,0x0000
0.0848710100,10,0x1C00,0x0000
0.0848754500,10,0x1C00,0x0000
0.0848799000,10,0x1C00,0x0000
0.0848843400,10,0x1C00,0x0000
0.0848887900,10,0x1C00,0x0000
0.0848932300,10,0x1C00,0x0000
0.0848976800,10,0x1C00,0x0000
0.0849021200,10,0x1C00,0x0000
0.0849065600,10,0x1C00,0x0000
0.0849110100,10,0x1C00,0x0000
0.0849154500,10,0x1C00,0x0000
0.0849199000,10,0x1C00,0x0000
0.0849243400,10,0x1C00,0x0000
0.0849287900,10,0x1C00,0x0000
0.0849332300,10,0x1C00,0x0000
0.0849376800,10,0x1C00,0x0000
0.0849421200,10,0x1C00,0x0000
0.0849465600,10,0x1C00,0x0000
0.0849510100,10,0x1C00,0x0000
0.0849554500,10,0x1C00,0x0000
0.0849599000,10,0x1C00,0x0000
0.0849643400,10,0x1C00,0x0000
0.0849687900,10,0x1C00,0x0000
0.0849732300,10,0x1C00,0x0000
0.0849776800,10,0x1C00,0x0000
0.0849821200,10,0x1C00,0x0000
0.0849865600,10,0x1C00,0x0000
0.0849910100,10,0x1C00,0x0000
0.0849954500,10,0x1C00,0x0000
0.0849999000,10,0x1C00,0x0000
0.0850043400,10,0x1C00,0x0000
0.0850087900,10,0x1C00,0x0000
0.0850132300,10,0x1C00,0x0000
0.0850176800,10,0x1C00,0x0000
0.0850221200,10,0x1C00,0x0000
0.0850265600,10,0x1C00,0x0000
0.0850310100,10,0x1C00,0x0000
0.0850354500,10,0x1C00,0x0000
0.0850399000,10,0x1C00,0x0000
0.0850443400,10,0x1C00,0x0000
0.0850487900,10,0x1C00,0x0000
0.0850532300,10,0x1C00,0x0000
0.0850576800,10,0x1C00,0x0000
0.0850621200,10,0x1C00,0x0000
0.0850665600,10,0x1C00,0x0000
0.0850710100,10,0x1C00,0x0000
0.0850754500,10,0x1C00,0x0000
0.0850799000,10,0x1C00,0x0000
0.0850843400,10,0x1C00,0x0000
0.0850887900,10,0x1C00,0x0000
0.0850932300,10,0x1C00,0x0000
0.0850976800,10,0x1C00,0x0000
0.0851021200,10,0x1C00,0x0000
0.0851065600,10,0x1C00,0x0000
0.0851110100,10,0x1C00,0x0000
0.0851154500,10,0x1C00,0x0000
0.0851199000,10,0x1C00,0x0000
0.0851243400,10,0x1C00,0x0000
0.0851287900,10,0x1C00,0x0000
0.0851332300,10,0x1C00,0x0000
0.0851376800,10,0x1C00,0x0000
0.0851421200,10,0x1C00,0x0000
0.0851465600,10,0x1C00,0x0000
0.0851510100,10,0x1C00,0x0000
0.0851554500,10,0x1C00,0x0000
0.0851599000,10,0x0000,0x0000
0.0851643400,10,0x0000,0x0000
0.0851687900,10,0x0000,0x0000
0.0902799300,11,0x55AA,0x0000
0.0902843700,11,0x2DEC,0x0000
0.0902888100,11,0x01FF,0x0000
0.0902932600,11,0x1C00,0x0000
0.0902977000,11,0x1C00,0x0000
0.0903021500,11,0x1C00,0x0000
0.0903065900,11,0x1C00,0x0000
0.0903110400,11,0x1C00,0x0000
0.0903154800,11,0x1C00,0x0000
0.0903199300,11,0x1C00,0x0000
0.0903243700,11,0x1C00,0x0000
0.0903288100,11,0x1C00,0x0000
0.0903332600,11,0x1C00,0x0000
0.0903377000,11,0x1C00,0x0000
0.0903421500,11,0x1C00,0x0000
0.0903465900,11,0x1C00,0x0000
0.0903510400,11,0x1C00,0x0000
0.0903554800,11,0x1C00,0x0000
0.0903599300,11,0x1C00,0x0000
0.0903643700,11,0x1C00,0x0000
0.0903688100,11,0x1C00,0x0000
0.0903732600,11,0x1C00,0x0000
0.0903777000,11,0x1C00,0x0000
0.0903821500,11,0x1C00,0x0000
0.0903865900,11,0x1C00,0x0000
0.0903910400,11,0x1C00,0x0000
0.0903954800,11,0x1C00,0x0000
0.0903999300,11,0x1C00,0x0000
0.0904043700,11,0x1C00,0x0000
0.0904088100,11,0x1C00,0x0000
0.0904132600,11,0x1C00,0x0000
0.0904177000,11,0x1C00,0x0000
0.0904221500,11,0x1C00,0x0000
0.0904265900,11,0x1C00,0x0000
0.0904310400,11,0x1C00,0x0000
0.0904354800,11,0x1C00,0x0000
0.0904399300,11,0x1C00,0x0000
0.0904443700,11,0x1C00,0x0000
0.0904488100,11,0x1C00,0x0000
0.0904532600,11,0x1C00,0x0000
0.0904577000,11,0x1C00,0x0000
0.0904621500,11,0x1C00,0x0000
0.0904665900,11,0x1C00,0x0000
0.0904710400,11,0x1C00,0x0000
0.0904754800,11,0x1C00,0x0000
0.0904799300,11,0x1C00,0x0000
0.0904843700,11,0x1C00,0x0000
0.0904888100,11,0x1C00,0x0000
0.0904932600,11,0x1C00,0x0000
0.0904977000,11,0x1C00,0x0000
0.0905021500,11,0x1C00,0x0000
0.0905065900,11,0x1C00,0x0000
0.0905110400,11,0x1C00,0x0000
0.0905154800,11,0x1C00,0x0000
0.0905199300,11,0x1C00,0x0000
0.0905243700,11,0x1C00,0x0000
0.0905288100,11,0x1C00,0x0000
0.0905332600,11,0x1C00,0x0000
0.0905377000,11,0x1C00,0x0000
0.0905421500,11,0x1C00,0x0000
0.0905465900,11,0x1C00,0x0000
0.0905510400,11,0x1C00,0x0000
0.0905554800,11,0x1C00,0x0000
0.0905599300,11,0x1C00,0x0000
0.0905643700,11,0x1C00,0x0000
0.0905688100,11,0x1C00,0x0000
0.0905732600,11,0x1C00,0x0000
0.0905777000,11,0x1C00,0x0000
0.0905821500,11,0x1C00,0x0000
0.0905865900,11,0x1C00,0x0000
0.0905910400,11,0x1C00,0x0000
0.0905954800,11,0x1C00,0x0000
0.0905999300,11,0x1C00,0x0000
0.0906043700,11,0x1C00,0x0000
0.0906088100,11,0x1C00,0x0000
0.0906132600,11,0x1C00,0x0000
0.0906177000,11,0x1C00,0x0000
0.0906221500,11,0x1C00,0x0000
0.0906265900,11,0x1C00,0x0000
0.0906310400,11,0x1C00,0x0000
0.0906354800,11,0x1C00,0x0000
0.0906399300,11,0x1C00,0x0000
0.0906443700,11,0x1C00,0x0000
0.0906488100,11,0x1C00,0x0000
0.0906532600,11,0x1C00,0x0000
0.0906577000,11,0x1C00,0x0000
0.0906621500,11,0x1C00,0x0000
0.0906665900,11,0x1C00,0x0000
0.0906710400,11,0x1C00,0x0000
0.0906754800,11,0x1C00,0x0000
0.0906799300,11,0x1C00,0x0000
0.0906843700,11,0x1C00,0x0000
0.0906888100,11,0x1C00,0x0000
0.0906932600,11,0x1C00,0x0000
0.0906977000,11,0x1C00,0x0000
0.0907021500,11,0x1C00,0x0000
0.0907065900,11,0x1C00,0x0000
0.0907110400,11,0x1C00,0x0000
0.0907154800,11,0x1C00,0x0000
0.0907199300,11,0x1C00,0x0000
0.0907243700,11,0x1C00,0x0000
0.0907288100,11,0x1C00,0x0000
0.0907332600,11,0x1C00,0x0000
0.0907377000,11,0x1C00,0x0000
0.0907421500,11,0x1C00,0x0000
0.0907465900,11,0x1C00,0x0000
0.0907510400,11,0x1C00,0x0000
0.0907554800,11,0x1C00,0x0000
0.0907599300,11,0x1C00,0x0000
0.0907643700,11,0x1C00,0x0000
0.0907688100,11,0x1C00,0x0000
0.0907732600,11,0x1C00,0x0000
0.0907777100,11,0x1C00,0x0000
0.0907821500,11,0x1C00,0x0000
0.0907865900,11,0x1C00,0x0000
0.0907910400,11,0x1C00,0x0000
0.0907954800,11,0x1C00,0x0000
0.0907999300,11,0x1C00,0x0000
0.0908043700,11,0x1C00,0x0000
0.0908088200,11,0x1C00,0x0000
0.0908132600,11,0x1C00,0x0000
0.0908177100,11,0x1C00,0x0000
0.0908221500,11,0x1C00,0x0000
0.0908265900,11,0x1C00,0x0000
0.0908310400,11,0x1C00,0x0000
0.0908354800,11,0x1C00,0x0000
0.0908399300,11,0x1C00,0x0000
0.0908443700,11,0x1C00,0x0000
0.0908488200,11,0x1C00,0x0000
0.0908532600,11,0x1C00,0x0000
0.0908577100,11,0x1C00,0x0000
0.0908621500,11,0x1C00,0x0000
0.0908665900,11,0x1C00,0x0000
0.0908710400,11,0x1C00,0x0000
0.0908754800,11,0x1C00,0x0000
0.0908799300,11,0x1C00,0x0000
0.0908843700,11,0x1C00,0x0000
0.0908888200,11,0x1C00,0x0000
0.0908932600,11,0x1C00,0x0000
0.0908977100,11,0x1C00,0x0000
0.0909021500,11,0x1C00,0x0000
0.0909065900,11,0x1C00,0x0000
0.0909110400,11,0x1C00,0x0000
0.0909154800,11,0x1C00,0x0000
0.0909199300,11,0x1C00,0x0000
0.0909243700,11,0x1C00,0x0000
0.0909288200,11,0x1C00,0x0000
0.0909332600,11,0x1C00,0x0000
0.0909377100,11,0x1C00,0x0000
0.0909421500,11,0x1C00,0x0000
0.0909465900,11,0x1C00,0x0000
0.0909510400,11,0x1C00,0x0000
0.0909554800,11,0x1C00,0x0000
0.0909599300,11,0x1C00,0x0000
0.0909643700,11,0x1C00,0x0000
0.0909688200,11,0x1C00,0x0000
0.0909732600,11,0x1C00,0x0000
0.0909777100,11,0x1C00,0x0000
0.0909821500,11,0x1C00,0x0000
0.0909866000,11,0x1C00,0x0000
0.0909910400,11,0x1C00,0x0000
0.0909954800,11,0x1C00,0x0000
0.0909999300,11,0x1C00,0x0000
0.0910043700,11,0x1C00,0x0000
0.0910088200,11,0x1C00,0x0000
0.0910132600,11,0x1C00,0x0000
0.0910177100,11,0x1C00,0x0000
0.0910221500,11,0x1C00,0x0000
0.0910265900,11,0x1C00,0x0000
0.0910310400,11,0x1C00,0x0000
0.0910354800,11,0x1C00,0x0000
0.0910399300,11,0x1C00,0x0000
0.0910443700,11,0x1C00,0x0000
0.0910488200,11,0x1C00,0x0000
0.0910532600,11,0x1C00,0x0000
0.0910577100,11,0x1C00,0x0000
0.0910621500,11,0x1C00,0x0000
0.0910666000,11,0x1C00,0x0000
0.0910710400,11,0x1C00,0x0000
0.0910754800,11,0x1C00,0x0000
0.0910799300,11,0x1C00,0x0000
0.0910843700,11,0x1C00,0x0000
0.0910888200,11,0x1C00,0x0000
0.0910932600,11,0x1C00,0x0000
0.0910977100,11,0x1C00,0x0000
0.0911021500,11,0x1C00,0x0000
0.0911066000,11,0x1C00,0x0000
0.0911110400,11,0x1C00,0x0000
0.0911154800,11,0x1C00,0x0000
0.0911199300,11,0x1C00,0x0000
0.0911243700,11,0x1C00,0x0000
0.0911288200,11,0x1C00,0x0000
0.0911332600,11,0x1C00,0x0000
0.0911377100,11,0x1C00,0x0000
0.0911421500,11,0x1C00,0x0000
0.0911466000,11,0x1C00,0x0000
0.0911510400,11,0x1C00,0x0000
0.0911554800,11,0x1C00,0x0000
0.0911599300,11,0x1C00,0x0000
0.0911643700,11,0x1C00,0x0000
0.0911688200,11,0x1C00,0x0000
0.0911732600,11,0x1C00,0x0000
0.0911777100,11,0x1C00,0x0000
0.0911821500,11,0x1C00,0x0000
0.0911866000,11,0x1C00,0x0000
0.0911910400,11,0x1C00,0x0000
0.0911954800,11,0x1C00,0x0000
0.0911999300,11,0x1C00,0x0000
0.0912043700,11,0x1C00,0x0000
0.0912088200,11,0x1C00,0x0000
0.0912132600,11,0x1C00,0x0000
0.0912177100,11,0x1C00,0x0000
0.0912221500,11,0x1C00,0x0000
0.0912266000,11,0x1C00,0x0000
0.0912310400,11,0x1C00,0x0000
0.0912354800,11,0x1C00,0x0000
0.0912399300,11,0x1C00,0x0000
0.0912443700,11,0x1C00,0x0000
0.0912488200,11,0x1C00,0x0000
0.0912532600,11,0x1C00,0x0000
0.0912577100,11,0x1C00,0x0000
0.0912621500,11,0x1C00,0x0000
0.0912666000,11,0x1C00,0x0000
0.0912710400,11,0x1C00,0x0000
0.0912754800,11,0x1C00,0x0000
0.0912799300,11,0x1C00,0x0000
0.0912843700,11,0x1C00,0x0000
0.0912888200,11,0x1C00,0x0000
0.0912932600,11,0x1C00,0x0000
0.0912977100,11,0x1C00,0x0000
0.0913021500,11,0x1C00,0x0000
0.0913066000,11,0x5BDD,0x0000
0.0913110400,11,0x5BE8,0x0000
0.0913154900,11,0x5BE8,0x0000
0.0913199300,11,0x5BE8,0x0000
0.0913243700,11,0x5BE8,0x0000
0.0913288200,11,0x5BE8,0x0000
0.0913332600,11,0x5BE8,0x0000
0.0913377100,11,0x5BE8,0x0000
0.0913421500,11,0x5BE8,0x0000
0.0913466000,11,0x5BE8,0x0000
0.0913510400,11,0x5BE8,0x0000
0.0913554900,11,0x5BD7,0x0000
0.0913599300,11,0x1C00,0x0000
0.0913643700,11,0x1C00,0x0000
0.0913688200,11,0x1C00,0x0000
0.0913732600,11,0x1C00,0x0000
0.0913777100,11,0x1C00,0x0000
0.0913821500,11,0x1C00,0x0000
0.0913866000,11,0x1C00,0x0000
0.0913910400,11,0x1C00,0x0000
0.0913954900,11,0x1C00,0x0000
0.0913999300,11,0x1C00,0x0000
0.0914043700,11,0x1C00,0x0000
0.0914088200,11,0x1C00,0x0000
0.0914132600,11,0x1C00,0x0000
0.0914177100,11,0x1C00,0x0000
0.0914221500,11,0x1C00,0x0000
0.0914266000,11,0x1C00,0x0000
0.0914310400,11,0x1C00,0x0000
0.0914354900,11,0x1C00,0x0000
0.0914399300,11,0x1C00,0x0000
0.0914443700,11,0x1C00,0x0000
0.0914488200,11,0x1C00,0x0000
0.0914532600,11,0x1C00,0x0000
0.0914577100,11,0x1C00,0x0000
0.0914621500,11,0x1C00,0x0000
0.0914666000,11,0x83E2,0x0000
0.0914710400,11,0x83EA,0x0000
0.0914754900,11,0x83EA,0x0000
0.0914799300,11,0x83EA,0x0000
0.0914843700,11,0x83EA,0x0000
0.0914888200,11,0x83EA,0x0000
0.0914932600,11,0x83EA,0x0000
0.0914977100,11,0x83EA,0x0000
0.0915021500,11,0x83EA,0x0000
0.0915066000,11,0x83EA,0x0000
0.0915110400,11,0x83EA,0x0000
0.0915154900,11,0x83E2,0x0000
0.0915199300,11,0x1C00,0x0000
0.0915243800,11,0x1C00,0x0000
0.0915288200,11,0x1C00,0x0000
0.0915332600,11,0x1C00,0x0000
0.0915377100,11,0x1C00,0x0000
0.0915421500,11,0x1C00,0x0000
0.0915466000,11,0x1C00,0x0000
0.0915510400,11,0x1C00,0x0000
0.0915554900,11,0x1C00,0x0000
0.0915599300,11,0x1C00,0x0000
0.0915643800,11,0x1C00,0x0000
0.0915688200,11,0x1C00,0x0000
0.0915732600,11,0x1C00,0x0000
0.0915777100,11,0x1C00,0x0000
0.0915821500,11,0x1C00,0x0000
0.0915866000,11,0x1C00,0x0000
0.0915910400,11,0x1C00,0x0000
0.0915954900,11,0x1C00,0x0000
0.0915999300,11,0x1C00,0x0000
0.0916043800,11,0x1C00,0x0000
0.0916088200,11,0x1C00,0x0000
0.0916132600,11,0x1C00,0x0000
0.0916177100,11,0x1C00,0x0000
0.0916221500,11,0x1C00,0x0000
0.0916266000,11,0x83E2,0x0000
0.0916310400,11,0x83EA,0x0000
0.0916354900,11,0x83EA,0x0000
0.0916399300,11,0x83EA,0x0000
0.0916443800,11,0x83EA,0x0000
0.0916488200,11,0x83EA,0x0000
0.0916532600,11,0x83EA,0x0000
0.0916577100,11,0x83EA,0x0000
0.0916621500,11,0x83EA,0x0000
0.0916666000,11,0x83EA,0x0000
0.0916710400,11,0x83EA,0x0000
0.0916754900,11,0x83E2,0x0000
0.0916799300,11,0x1C00,0x0000
0.0916843800,11,0x1C00,0x0000
0.0916888200,11,0x1C00,0x0000
0.0916932600,11,0x1C00,0x0000
0.0916977100,11,0x1C00,0x0000
0.0917021500,11,0x1C00,0x0000
0.0917066000,11,0x1C00,0x0000
0.0917110400,11,0x1C00,0x0000
0.0917154900,11,0x1C00,0x0000
0.0917199300,11,0x1C00,0x0000
0.0917243800,11,0x1C00,0x0000
0.0917288200,11,0x1C00,0x0000
0.0917332600,11,0x1C00,0x0000
0.0917377100,11,0x1C00,0x0000
0.0917421500,11,0x1C00,0x0000
0.0917466000,11,0x1C00,0x0000
0.0917510400,11,0x1C00,0x0000
0.0917554900,11,0x1C00,0x0000
0.0917599300,11,0x1C00,0x0000
0.0917643800,11,0x1C00,0x0000
0.0917688200,11,0x1C00,0x0000
0.0917732600,11,0x1C00,0x0000
0.0917777100,11,0x1C00,0x0000
0.0917821500,11,0x1C00,0x0000
0.0917866000,11,0x83E2,0x0000
0.0917910400,11,0x83EA,0x0000
0.0917954900,11,0x83EA,0x0000
0.0917999300,11,0x83EA,0x0000
0.0918043800,11,0x83EA,0x0000
0.0918088200,11,0x83EA,0x0000
0.0918132600,11,0x83EA,0x0000
0.0918177100,11,0x83EA,0x0000
0.0918221500,11,0x83EA,0x0000
0.0918266000,11,0x83EA,0x0000
0.0918310400,11,0x83EA,0x0000
0.0918354900,11,0x83E2,0x0000
0.0918399300,11,0x1C00,0x0000
0.0918443800,11,0x1C00,0x0000
0.0918488200,11,0x1C00,0x0000
0.0918532600,11,0x1C00,0x0000
0.0918577100,11,0x1C00,0x0000
0.0918621500,11,0x1C00,0x0000
0.0918666000,11,0x1C00,0x0000
0.0918710400,11,0x1C00,0x0000
0.0918754900,11,0x1C00,0x0000
0.0918799300,11,0x1C00,0x0000
0.0918843800,11,0x1C00,0x0000
0.0918888200,11,0x1C00,0x0000
0.0918932700,11,0x1C00,0x0000
0.0918977100,11,0x1C00,0x0000
0.0919021500,11,0x1C00,0x0000
0.0919066000,11,0x1C00,0x0000
0.0919110400,11,0x1C00,0x0000
0.0919154900,11,0x1C00,0x0000
0.0919199300,11,0x1C00,0x0000
0.0919243800,11,0x1C00,0x0000
0.0919288200,11,0x1C00,0x0000
0.0919332700,11,0x1C00,0x0000
0.0919377100,11,0x1C00,0x0000
0.0919421600,11,0x1C00,0x0000
0.0919466000,11,0x83E2,0x0000
0.0919510400,11,0x83EA,0x0000
0.0919554900,11,0x83EA,0x0000
0.0919599300,11,0x83EA,0x0000
0.0919643800,11,0x83EA,0x0000
0.0919688200,11,0x83EA,0x0000
0.0919732600,11,0x83EA,0x0000
0.0919777100,11,0x83EA,0x0000
0.0919821600,11,0x83EA,0x0000
0.0919866000,11,0x83EA,0x0000
0.0919910400,11,0x83EA,0x0000
0.0919954900,11,0x83E2,0x0000
0.0919999300,11,0x1C00,0x0000
0.0920043800,11,0x1C00,0x0000
0.0920088200,11,0x1C00,0x0000
0.0920132700,11,0x1C00,0x0000
0.0920177100,11,0x1C00,0x0000
0.0920221600,11,0x1C00,0x0000
0.0920266000,11,0x1C00,0x0000
0.0920310400,11,0x1C00,0x0000
0.0920354900,11,0x1C00,0x0000
0.0920399300,11,0x1C00,0x0000
0.0920443800,11,0x1C00,0x0000
0.0920488200,11,0x1C00,0x0000
0.0920532700,11,0x1C00,0x0000
0.0920577100,11,0x1C00,0x0000
0.0920621600,11,0x1C00,0x0000
0.0920666000,11,0x1C00,0x0000
0.0920710400,11,0x1C00,0x0000
0.0920754900,11,0x1C00,0x0000
0.0920799300,11,0x1C00,0x0000
0.0920843800,11,0x1C00,0x0000
0.0920888200,11,0x1C00,0x0000
0.0920932700,11,0x1C00,0x0000
0.0920977100,11,0x1C00,0x0000
0.0921021600,11,0x1C00,0x0000
0.0921066000,11,0x83E2,0x0000
0.0921110400,11,0x83EA,0x0000
0.0921154900,11,0x83EA,0x0000
0.0921199300,11,0x83EA,0x0000
0.0921243800,11,0x83EA,0x0000
0.0921288200,11,0x83EA,0x0000
0.0921332700,11,0x83EA,0x0000
0.0921377100,11,0x83EA,0x0000
0.0921421600,11,0x83EA,0x0000
0.0921466000,11,0x83EA,0x0000
0.0921510400,11,0x83EA,0x0000
0.0921554900,11,0x83E2,0x0000
0.0921599300,11,0x1C00,0x0000
0.0921643800,11,0x1C00,0x0000
0.0921688200,11,0x1C00,0x0000
0.0921732700,11,0x1C00,0x0000
0.0921777100,11,0x1C00,0x0000
0.0921821600,11,0x1C00,0x0000
0.0921866000,11,0x1C00,0x0000
0.0921910500,11,0x1C00,0x0000
0.0921954900,11,0x1C00,0x0000
0.0921999300,11,0x1C00,0x0000
0.0922043800,11,0x1C00,0x0000
0.0922088200,11,0x1C00,0x0000
0.0922132700,11,0x1C00,0x0000
0.0922177100,11,0x1C00,0x0000
0.0922221600,11,0x1C00,0x0000
0.0922266000,11,0x1C00,0x0000
0.0922310500,11,0x1C00,0x0000
0.0922354900,11,0x1C00,0x0000
0.0922399300,11,0x1C00,0x0000
0.0922443800,11,0x1C00,0x0000
0.0922488200,11,0x1C00,0x0000
0.0922532700,11,0x1C00,0x0000
0.0922577100,11,0x1C00,0x0000
0.0922621600,11,0x1C00,0x0000
0.0922666000,11,0x83E2,0x0000
0.0922710500,11,0x83EA,0x0000
0.0922754900,11,0x83EA,0x0000
0.0922799300,11,0x83EA,0x0000
0.0922843800,11,0x83EA,0x0000
0.0922888200,11,0x83EA,0x0000
0.0922932700,11,0x83EA,0x0000
0.0922977100,11,0x83EA,0x0000
0.0923021600,11,0x83EA,0x0000
0.0923066000,11,0x83EA,0x0000
0.0923110500,11,0x83EA,0x0000
0.0923154900,11,0x83E2,0x0000
0.0923199300,11,0x1C00,0x0000
0.0923243800,11,0x1C00,0x0000
0.0923288200,11,0x1C00,0x0000
0.0923332700,11,0x1C00,0x0000
0.0923377100,11,0x1C00,0x0000
0.0923421600,11,0x1C00,0x0000
0.0923466000,11,0x1C00,0x0000
0.0923510500,11,0x1C00,0x0000
0.0923554900,11,0x1C00,0x0000
0.0923599400,11,0x1C00,0x0000
0.0923643800,11,0x1C00,0x0000
0.0923688200,11,0x1C00,0x0000
0.0923732700,11,0x1C00,0x0000
0.0923777100,11,0x1C00,0x0000
0.0923821600,11,0x1C00,0x0000
0.0923866000,11,0x1C00,0x0000
0.0923910500,11,0x1C00,0x0000
0.0923954900,11,0x1C00,0x0000
0.0923999400,11,0x1C00,0x0000
0.0924043800,11,0x1C00,0x0000
0.0924088200,11,0x1C00,0x0000
0.0924132700,11,0x1C00,0x0000
0.0924177100,11,0x1C00,0x0000
0.0924221600,11,0x1C00,0x0000
0.0924266000,11,0x5BD1,0x0000
0.0924310500,11,0x5BE3,0x0000
0.0924354900,11,0x5BE3,0x0000
0.0924399400,11,0x5BE3,0x0000
0.0924443800,11,0x5BE3,0x0000
0.0924488300,11,0x5BE3,0x0000
0.0924532700,11,0x5BE3,0x0000
0.0924577100,11,0x5BE3,0x0000
0.0924621600,11,0x5BE3,0x0000
0.0924666000,11,0x5BE3,0x0000
0.0924710500,11,0x5BE3,0x0000
0.0924754900,11,0x5BD1,0x0000
0.0924799400,11,0x1C00,0x0000
0.0924843800,11,0x1C00,0x0000
0.0924888200,11,0x1C00,0x0000
0.0924932700,11,0x1C00,0x0000
0.0924977100,11,0x1C00,0x0000
0.0925021600,11,0x1C00,0x0000
0.0925066000,11,0x1C00,0x0000
0.0925110500,11,0x1C00,0x0000
0.0925154900,11,0x1C00,0x0000
0.0925199400,11,0x1C00,0x0000
0.0925243800,11,0x1C00,0x0000
0.0925288300,11,0x1C00,0x0000
0.0925332700,11,0x1C00,0x0000
0.0925377100,11,0x1C00,0x0000
0.0925421600,11,0x1C00,0x0000
0.0925466000,11,0x1C00,0x0000
0.0925510500,11,0x1C00,0x0000
0.0925554900,11,0x1C00,0x0000
0.0925599400,11,0x1C00,0x0000
0.0925643800,11,0x1C00,0x0000
0.0925688200,11,0x1C00,0x0000
0.0925732700,11,0x1C00,0x0000
0.0925777100,11,0x1C00,0x0000
0.0925821600,11,0x1C00,0x0000
0.0925866000,11,0x1C00,0x0000
0.0925910500,11,0x1C00,0x0000
0.0925954900,11,0x1C00,0x0000
0.0925999400,11,0x1C00,0x0000
0.0926043800,11,0x1C00,0x0000
0.0926088300,11,0x1C00,0x0000
0.0926132700,11,0x1C00,0x0000
0.0926177100,11,0x1C00,0x0000
0.0926221600,11,0x1C00,0x0000
0.0926266000,11,0x1C00,0x0000
0.0926310500,11,0x1C00,0x0000
0.0926354900,11,0x1C00,0x0000
0.0926399400,11,0x1C00,0x0000
0.0926443800,11,0x1C00,0x0000
0.0926488300,11,0x1C00,0x0000
0.0926532700,11,0x1C00,0x0000
0.0926577100,11,0x1C00,0x0000
0.0926621600,11,0x1C00,0x0000
0.0926666000,11,0x1C00,0x0000
0.0926710500,11,0x1C00,0x0000
0.0926754900,11,0x1C00,0x0000
0.0926799400,11,0x1C00,0x0000
0.0926843800,11,0x1C00,0x0000
0.0926888300,11,0x1C00,0x0000
0.0926932700,11,0x1C00,0x0000
0.0926977100,11,0x1C00,0x0000
0.0927021600,11,0x1C00,0x0000
0.0927066000,11,0x1C00,0x0000
0.0927110500,11,0x1C00,0x0000
0.0927154900,11,0x1C00,0x0000
0.0927199400,11,0x1C00,0x0000
0.0927243800,11,0x1C00,0x0000
0.0927288300,11,0x1C00,0x0000
0.0927332700,11,0x1C00,0x0000
0.0927377100,11,0x1C00,0x0000
0.0927421600,11,0x1C00,0x0000
0.0927466000,11,0x1C00,0x0000
0.0927510500,11,0x1C00,0x0000
0.0927554900,11,0x1C00,0x0000
0.0927599400,11,0x1C00,0x0000
0.0927643800,11,0x1C00,0x0000
0.0927688300,11,0x1C00,0x0000
0.0927732700,11,0x1C00,0x0000
0.0927777100,11,0x1C00,0x0000
0.0927821600,11,0x1C00,0x0000
0.0927866000,11,0x1C00,0x0000
0.0927910500,11,0x1C00,0x0000
0.0927954900,11,0x1C00,0x0000
0.0927999400,11,0x1C00,0x0000
0.0928043800,11,0x1C00,0x0000
0.0928088300,11,0x1C00,0x0000
0.0928132700,11,0x1C00,0x0000
0.0928177100,11,0x1C00,0x0000
0.0928221600,11,0x1C00,0x0000
0.0928266000,11,0x1C00,0x0000
0.0928310500,11,0x1C00,0x0000
0.0928354900,11,0x1C00,0x0000
0.0928399400,11,0x1C00,0x0000
0.0928443800,11,0x1C00,0x0000
0.0928488300,11,0x1C00,0x0000
0.0928532700,11,0x1C00,0x0000
0.0928577100,11,0x1C00,0x0000
0.0928621600,11,0x1C00,0x0000
0.0928666000,11,0x1C00,0x0000
0.0928710500,11,0x1C00,0x0000
0.0928754900,11,0x1C00,0x0000
0.0928799400,11,0x1C00,0x0000
0.0928843800,11,0x1C00,0x0000
0.0928888300,11,0x1C00,0x0000
0.0928932700,11,0x1C00,0x0000
0.0928977100,11,0x1C00,0x0000
0.0929021600,11,0x1C00,0x0000
0.0929066000,11,0x1C00,0x0000
0.0929110500,11,0x1C00,0x0000
0.0929154900,11,0x1C00,0x0000
0.0929199400,11,0x1C00,0x0000
0.0929243800,11,0x1C00,0x0000
0.0929288300,11,0x1C00,0x0000
0.0929332700,11,0x1C00,0x0000
0.0929377100,11,0x1C00,0x0000
0.0929421600,11,0x1C00,0x0000
0.0929466000,11,0x1C00,0x0000
0.0929510500,11,0x1C00,0x0000
0.0929554900,11,0x1C00,0x0000
0.0929599400,11,0x1C00,0x0000
0.0929643800,11,0x1C00,0x0000
0.0929688300,11,0x1C00,0x0000
0.0929732700,11,0x1C00,0x0000
0.0929777100,11,0x1C00,0x0000
0.0929821600,11,0x1C00,0x0000
0.0929866000,11,0x1C00,0x0000
0.0929910500,11,0x1C00,0x0000
0.0929954900,11,0x1C00,0x0000
0.0929999400,11,0x1C00,0x0000
0.0930043800,11,0x1C00,0x0000
0.0930088300,11,0x1C00,0x0000
0.0930132700,11,0x1C00,0x0000
0.0930177200,11,0x1C00,0x0000
0.0930221600,11,0x1C00,0x0000
0.0930266100,11,0x1C00,0x0000
0.0930310500,11,0x1C00,0x0000
0.0930354900,11,0x1C00,0x0000
0.0930399400,11,0x1C00,0x0000
0.0930443800,11,0x1C00,0x0000
0.0930488300,11,0x1C00,0x0000
0.0930532700,11,0x1C00,0x0000
0.0930577200,11,0x1C00,0x0000
0.0930621600,11,0x1C00,0x0000
0.0930666100,11,0x1C00,0x0000
0.0930710500,11,0x1C00,0x0000
0.0930754900,11,0x1C00,0x0000
0.0930799400,11,0x1C00,0x0000
0.0930843800,11,0x1C00,0x0000
0.0930888300,11,0x1C00,0x0000
0.0930932700,11,0x1C00,0x0000
0.0930977200,11,0x1C00,0x0000
0.0931021600,11,0x1C00,0x0000
0.0931066100,11,0x1C00,0x0000
0.0931110500,11,0x1C00,0x0000
0.0931154900,11,0x1C00,0x0000
0.0931199400,11,0x1C00,0x0000
0.0931243800,11,0x1C00,0x0000
0.0931288300,11,0x1C00,0x0000
0.0931332700,11,0x1C00,0x0000
0.0931377200,11,0x1C00,0x0000
0.0931421600,11,0x1C00,0x0000
0.0931466100,11,0x1C00,0x0000
0.0931510500,11,0x1C00,0x0000
0.0931554900,11,0x1C00,0x0000
0.0931599400,11,0x1C00,0x0000
0.0931643800,11,0x1C00,0x0000
0.0931688300,11,0x1C00,0x0000
0.0931732700,11,0x1C00,0x0000
0.0931777200,11,0x1C00,0x0000
0.0931821600,11,0x1C00,0x0000
0.0931866100,11,0x1C00,0x0000
0.0931910500,11,0x1C00,0x0000
0.0931954900,11,0x1C00,0x0000
0.0931999400,11,0x1C00,0x0000
0.0932043800,11,0x1C00,0x0000
0.0932088300,11,0x1C00,0x0000
0.0932132700,11,0x1C00,0x0000
0.0932177200,11,0x1C00,0x0000
0.0932221600,11,0x1C00,0x0000
0.0932266100,11,0x1C00,0x0000
0.0932310500,11,0x1C00,0x0000
0.0932354900,11,0x1C00,0x0000
0.0932399400,11,0x1C00,0x0000
0.0932443800,11,0x1C00,0x0000
0.0932488300,11,0x1C00,0x0000
0.0932532700,11,0x1C00,0x0000
0.0932577200,11,0x1C00,0x0000
0.0932621600,11,0x1C00,0x0000
0.0932666100,11,0x1C00,0x0000
0.0932710500,11,0x1C00,0x0000
0.0932755000,11,0x1C00,0x0000
0.0932799400,11,0x1C00,0x0000
0.0932843800,11,0x1C00,0x0000
0.0932888300,11,0x1C00,0x0000
0.0932932700,11,0x1C00,0x0000
0.0932977200,11,0x1C00,0x0000
0.0933021600,11,0x1C00,0x0000
0.0933066100,11,0x1C00,0x0000
0.0933110500,11,0x1C00,0x0000
0.0933155000,11,0x1C00,0x0000
0.0933199400,11,0x1C00,0x0000
0.0933243800,11,0x1C00,0x0000
0.0933288300,11,0x1C00,0x0000
0.0933332700,11,0x1C00,0x0000
0.0933377200,11,0x1C00,0x0000
0.0933421600,11,0x1C00,0x0000
0.0933466100,11,0x1C00,0x0000
0.0933510500,11,0x1C00,0x0000
0.0933555000,11,0x1C00,0x0000
0.0933599400,11,0x1C00,0x0000
0.0933643800,11,0x1C00,0x0000
0.0933688300,11,0x1C00,0x0000
0.0933732700,11,0x1C00,0x0000
0.0933777200,11,0x1C00,0x0000
0.0933821600,11,0x1C00,0x0000
0.0933866100,11,0x1C00,0x0000
0.0933910500,11,0x1C00,0x0000
0.0933955000,11,0x1C00,0x0000
0.0933999400,11,0x1C00,0x0000
0.0934043800,11,0x1C00,0x0000
0.0934088300,11,0x1C00,0x0000
0.0934132700,11,0x1C00,0x0000
0.0934177200,11,0x1C00,0x0000
0.0934221600,11,0x1C00,0x0000
0.0934266100,11,0x1C00,0x0000
0.0934310500,11,0x1C00,0x0000
0.0934355000,11,0x1C00,0x0000
0.0934399400,11,0x1C00,0x0000
0.0934443800,11,0x1C00,0x0000
0.0934488300,11,0x1C00,0x0000
0.0934532700,11,0x1C00,0x0000
0.0934577200,11,0x1C00,0x0000
0.0934621600,11,0x1C00,0x0000
0.0934666100,11,0x1C00,0x0000
0.0934710500,11,0x1C00,0x0000
0.0934755000,11,0x1C00,0x0000
0.0934799400,11,0x1C00,0x0000
0.0934843900,11,0x1C00,0x0000
0.0934888300,11,0x1C00,0x0000
0.0934932700,11,0x0000,0x0000
0.0934977200,11,0x0000,0x0000
0.0935021600,11,0x0000,0x0000
0.0986133100,12,0x55AA,0x0000
0.0986177400,12,0x2DEC,0x0000
0.0986221900,12,0x01FF,0x0000
0.0986266300,12,0x1C00,0x0000
0.0986310800,12,0x1C00,0x0000
0.0986355200,12,0x1C00,0x0000
0.0986399700,12,0x1C00,0x0000
0.0986444100,12,0x1C00,0x0000
0.0986488600,12,0x1C00,0x0000
0.0986533000,12,0x1C00,0x0000
0.0986577400,12,0x1C00,0x0000
0.0986621900,12,0x1C00,0x0000
0.0986666300,12,0x1C00,0x0000
0.0986710800,12,0x1C00,0x0000
0.0986755200,12,0x1C00,0x0000
0.0986799700,12,0x1C00,0x0000
0.0986844100,12,0x1C00,0x0000
0.0986888600,12,0x1C00,0x0000
0.0986933000,12,0x1C00,0x0000
0.0986977400,12,0x1C00,0x0000
0.0987021900,12,0x1C00,0x0000
0.0987066300,12,0x1C00,0x0000
0.0987110800,12,0x1C00,0x0000
0.0987155200,12,0x1C00,0x0000
0.0987199700,12,0x1C00,0x0000
0.0987244100,12,0x1C00,0x0000
0.0987288600,12,0x1C00,0x0000
0.0987333000,12,0x1C00,0x0000
0.0987377400,12,0x1C00,0x0000
0.0987421900,12,0x1C00,0x0000
0.0987466300,12,0x1C00,0x0000
0.0987510800,12,0x1C00,0x0000
0.0987555200,12,0x1C00,0x0000
0.0987599700,12,0x1C00,0x0000
0.0987644100,12,0x1C00,0x0000
0.0987688600,12,0x1C00,0x0000
0.0987733000,12,0x1C00,0x0000
0.0987777400,12,0x1C00,0x0000
0.0987821900,12,0x1C00,0x0000
0.0987866300,12,0x1C00,0x0000
0.0987910800,12,0x1C00,0x0000
0.0987955200,12,0x1C00,0x0000
0.0987999700,12,0x1C00,0x0000
0.0988044100,12,0x1C00,0x0000
0.0988088600,12,0x1C00,0x0000
0.0988133000,12,0x1C00,0x0000
0.0988177500,12,0x1C00,0x0000
0.0988221900,12,0x1C00,0x0000
0.0988266300,12,0x1C00,0x0000
0.0988310800,12,0x1C00,0x0000
0.0988355200,12,0x1C00,0x0000
0.0988399700,12,0x1C00,0x0000
0.0988444100,12,0x1C00,0x0000
0.0988488600,12,0x1C00,0x0000
0.0988533000,12,0x1C00,0x0000
0.0988577400,12,0x1C00,0x0000
0.0988621900,12,0x1C00,0x0000
0.0988666300,12,0x1C00,0x0000
0.0988710800,12,0x1C00,0x0000
0.0988755200,12,0x1C00,0x0000
0.0988799700,12,0x1C00,0x0000
0.0988844100,12,0x1C00,0x0000
0.0988888600,12,0x1C00,0x0000
0.0988933000,12,0x1C00,0x0000
0.0988977500,12,0x1C00,0x0000
0.0989021900,12,0x1C00,0x0000
0.0989066300,12,0x1C00,0x0000
0.0989110800,12,0x1C00,0x0000
0.0989155200,12,0x1C00,0x0000
0.0989199700,12,0x1C00,0x0000
0.0989244100,12,0x1C00,0x0000
0.0989288600,12,0x1C00,0x0000
0.0989333000,12,0x1C00,0x0000
0.0989377500,12,0x1C00,0x0000
0.0989421900,12,0x1C00,0x0000
0.0989466300,12,0x1C00,0x0000
0.0989510800,12,0x1C00,0x0000
0.0989555200,12,0x1C00,0x0000
0.0989599700,12,0x1C00,0x0000
0.0989644100,12,0x1C00,0x0000
0.0989688600,12,0x1C00,0x0000
0.0989733000,12,0x1C00,0x0000
0.0989777500,12,0x1C00,0x0000
0.0989821900,12,0x1C00,0x0000
0.0989866300,12,0x1C00,0x0000
0.0989910800,12,0x1C00,0x0000
0.0989955200,12,0x1C00,0x0000
0.0989999700,12,0x1C00,0x0000
0.0990044100,12,0x1C00,0x0000
0.0990088600,12,0x1C00,0x0000
0.0990133000,12,0x1C00,0x0000
0.0990177500,12,0x1C00,0x0000
0.0990221900,12,0x1C00,0x0000
0.0990266300,12,0x1C00,0x0000
0.0990310800,12,0x1C00,0x0000
0.0990355200,12,0x1C00,0x0000
0.0990399700,12,0x1C00,0x0000
0.0990444100,12,0x1C00,0x0000
0.0990488600,12,0x1C00,0x0000
0.0990533000,12,0x1C00,0x0000
0.0990577500,12,0x1C00,0x0000
0.0990621900,12,0x1C00,0x0000
0.0990666300,12,0x1C00,0x0000
0.0990710800,12,0x1C00,0x0000
0.0990755200,12,0x1C00,0x0000
0.0990799700,12,0x1C00,0x0000
0.0990844100,12,0x1C00,0x0000
0.0990888600,12,0x1C00,0x0000
0.0990933000,12,0x1C00,0x0000
0.0990977500,12,0x1C00,0x0000
0.0991021900,12,0x1C00,0x0000
0.0991066400,12,0x1C00,0x0000
0.0991110800,12,0x1C00,0x0000
0.0991155200,12,0x1C00,0x0000
0.0991199700,12,0x1C00,0x0000
0.0991244100,12,0x1C00,0x0000
0.0991288600,12,0x1C00,0x0000
0.0991333000,12,0x1C00,0x0000
0.0991377500,12,0x1C00,0x0000
0.0991421900,12,0x1C00,0x0000
0.0991466400,12,0x1C00,0x0000
0.0991510800,12,0x1C00,0x0000
0.0991555200,12,0x1C00,0x0000
0.0991599700,12,0x1C00,0x0000
0.0991644100,12,0x1C00,0x0000
0.0991688600,12,0x1C00,0x0000
0.0991733000,12,0x1C00,0x0000
0.0991777500,12,0x1C00,0x0000
0.0991821900,12,0x1C00,0x0000
0.0991866400,12,0x1C00,0x0000
0.0991910800,12,0x1C00,0x0000
0.0991955200,12,0x1C00,0x0000
0.0991999700,12,0x1C00,0x0000
0.0992044100,12,0x1C00,0x0000
0.0992088600,12,0x1C00,0x0000
0.0992133000,12,0x1C00,0x0000
0.0992177500,12,0x1C00,0x0000
0.0992221900,12,0x1C00,0x0000
0.0992266400,12,0x1C00,0x0000
0.0992310800,12,0x1C00,0x0000
0.0992355200,12,0x1C00,0x0000
0.0992399700,12,0x1C00,0x0000
0.0992444100,12,0x1C00,0x0000
0.0992488600,12,0x1C00,0x0000
0.0992533000,12,0x1C00,0x0000
0.0992577500,12,0x1C00,0x0000
0.0992621900,12,0x1C00,0x0000
0.0992666400,12,0x1C00,0x0000
0.0992710800,12,0x1C00,0x0000
0.0992755300,12,0x1C00,0x0000
0.0992799700,12,0x1C00,0x0000
0.0992844100,12,0x1C00,0x0000
0.0992888600,12,0x1C00,0x0000
0.0992933000,12,0x1C00,0x0000
0.0992977500,12,0x1C00,0x0000
0.0993021900,12,0x1C00,0x0000
0.0993066400,12,0x1C00,0x0000
0.0993110800,12,0x1C00,0x0000
0.0993155200,12,0x1C00,0x0000
0.0993199700,12,0x1C00,0x0000
0.0993244100,12,0x1C00,0x0000
0.0993288600,12,0x1C00,0x0000
0.0993333000,12,0x1C00,0x0000
0.0993377500,12,0x1C00,0x0000
0.0993421900,12,0x1C00,0x0000
0.0993466400,12,0x1C00,0x0000
0.0993510800,12,0x1C00,0x0000
0.0993555300,12,0x1C00,0x0000
0.0993599700,12,0x1C00,0x0000
0.0993644100,12,0x1C00,0x0000
0.0993688600,12,0x1C00,0x0000
0.0993733000,12,0x1C00,0x0000
0.0993777500,12,0x1C00,0x0000
0.0993821900,12,0x1C00,0x0000
0.0993866400,12,0x1C00,0x0000
0.0993910800,12,0x1C00,0x0000
0.0993955300,12,0x1C00,0x0000
0.0993999700,12,0x1C00,0x0000
0.0994044100,12,0x1C00,0x0000
0.0994088600,12,0x1C00,0x0000
0.0994133000,12,0x1C00,0x0000
0.0994177500,12,0x1C00,0x0000
0.0994221900,12,0x1C00,0x0000
0.0994266400,12,0x1C00,0x0000
0.0994310800,12,0x1C00,0x0000
0.0994355300,12,0x1C00,0x0000
0.0994399700,12,0x1C00,0x0000
0.0994444100,12,0x1C00,0x0000
0.0994488600,12,0x1C00,0x0000
0.0994533000,12,0x1C00,0x0000
0.0994577500,12,0x1C00,0x0000
0.0994621900,12,0x1C00,0x0000
0.0994666400,12,0x1C00,0x0000
0.0994710800,12,0x1C00,0x0000
0.0994755300,12,0x1C00,0x0000
0.0994799700,12,0x1C00,0x0000
0.0994844100,12,0x1C00,0x0000
0.0994888600,12,0x1C00,0x0000
0.0994933000,12,0x1C00,0x0000
0.0994977500,12,0x1C00,0x0000
0.0995021900,12,0x1C00,0x0000
0.0995066400,12,0x1C00,0x0000
0.0995110800,12,0x1C00,0x0000
0.0995155300,12,0x1C00,0x0000
0.0995199700,12,0x1C00,0x0000
0.0995244100,12,0x1C00,0x0000
0.0995288600,12,0x1C00,0x0000
0.0995333000,12,0x1C00,0x0000
0.0995377500,12,0x1C00,0x0000
0.0995421900,12,0x1C00,0x0000
0.0995466400,12,0x1C00,0x0000
0.0995510800,12,0x1C00,0x0000
0.0995555300,12,0x1C00,0x0000
0.0995599700,12,0x1C00,0x0000
0.0995644100,12,0x1C00,0x0000
0.0995688600,12,0x1C00,0x0000
0.0995733000,12,0x1C00,0x0000
0.0995777500,12,0x1C00,0x0000
0.0995821900,12,0x1C00,0x0000
0.0995866400,12,0x1C00,0x0000
0.0995910800,12,0x1C00,0x0000
0.0995955300,12,0x1C00,0x0000
0.0995999700,12,0x1C00,0x0000
0.0996044100,12,0x1C00,0x0000
0.0996088600,12,0x1C00,0x0000
0.0996133000,12,0x1C00,0x0000
0.0996177500,12,0x1C00,0x0000
0.0996221900,12,0x1C00,0x0000
0.0996266400,12,0x1C00,0x0000
0.0996310800,12,0x1C00,0x0000
0.0996355300,12,0x1C00,0x0000
0.0996399700,12,0x5BDD,0x0000
0.0996444200,12,0x5BE8,0x0000
0.0996488600,12,0x5BE8,0x0000
0.0996533000,12,0x5BE8,0x0000
0.0996577500,12,0x5BE8,0x0000
0.0996621900,12,0x5BE8,0x0000
0.0996666400,12,0x5BE8,0x0000
0.0996710800,12,0x5BE8,0x0000
0.0996755300,12,0x5BE8,0x0000
0.0996799700,12,0x5BE8,0x0000
0.0996844200,12,0x5BE8,0x0000
0.0996888600,12,0x5BD7,0x0000
0.0996933100,12,0x1C00,0x0000
0.0996977500,12,0x1C00,0x0000
0.0997021900,12,0x1C00,0x0000
0.0997066400,12,0x1C00,0x0000
0.0997110800,12,0x1C00,0x0000
0.0997155300,12,0x1C00,0x0000
0.0997199700,12,0x1C00,0x0000
0.0997244100,12,0x1C00,0x0000
0.0997288600,12,0x1C00,0x0000
0.0997333000,12,0x1C00,0x0000
0.0997377500,12,0x1C00,0x0000
0.0997421900,12,0x1C00,0x0000
0.0997466400,12,0x1C00,0x0000
0.0997510800,12,0x1C00,0x0000
0.0997555300,12,0x1C00,0x0000
0.0997599700,12,0x1C00,0x0000
0.0997644200,12,0x1C00,0x0000
0.0997688600,12,0x1C00,0x0000
0.0997733100,12,0x1C00,0x0000
0.0997777500,12,0x1C00,0x0000
0.0997821900,12,0x1C00,0x0000
0.0997866400,12,0x1C00,0x0000
0.0997910800,12,0x1C00,0x0000
0.0997955300,12,0x1C00,0x0000
0.0997999700,12,0x83E2,0x0000
0.0998044100,12,0x83EA,0x0000
0.0998088600,12,0x83EA,0x0000
0.0998133000,12,0x83EA,0x0000
0.0998177500,12,0x83EA,0x0000
0.0998221900,12,0x83EA,0x0000
0.0998266400,12,0x83EA,0x0000
0.0998310800,12,0x83EA,0x0000
0.0998355300,12,0x83EA,0x0000
0.0998399700,12,0x83EA,0x0000
0.0998444200,12,0x83EA,0x0000
0.0998488600,12,0x83E2,0x0000
0.0998533100,12,0x1C00,0x0000
0.0998577500,12,0x1C00,0x0000
0.0998621900,12,0x1C00,0x0000
0.0998666400,12,0x1C00,0x0000
0.0998710800,12,0x1C00,0x0000
0.0998755300,12,0x1C00,0x0000
0.0998799700,12,0x1C00,0x0000
0.0998844200,12,0x1C00,0x0000
0.0998888600,12,0x1C00,0x0000
0.0998933100,12,0x1C00,0x0000
0.0998977500,12,0x1C00,0x0000
0.0999021900,12,0x1C00,0x0000
0.0999066400,12,0x1C00,0x0000
0.0999110800,12,0x1C00,0x0000
0.0999155300,12,0x1C00,0x0000
0.0999199700,12,0x1C00,0x0000
0.0999244200,12,0x1C00,0x0000
0.0999288600,12,0x1C00,0x0000
0.0999333100,12,0x1C00,0x0000
0.0999377500,12,0x1C00,0x0000
0.0999421900,12,0x1C00,0x0000
0.0999466400,12,0x1C00,0x0000
0.0999510800,12,0x1C00,0x0000
0.0999555300,12,0x1C00,0x0000
0.0999599700,12,0x83E2,0x0000
0.0999644200,12,0x83EA,0x0000
0.0999688600,12,0x83EA,0x0000
0.0999733100,12,0x83EA,0x0000
0.0999777500,12,0x83EA,0x0000
0.0999821900,12,0x83EA,0x0000
0.0999866400,12,0x83EA,0x0000
0.0999910800,12,0x83EA,0x0000
0.0999955300,12,0x83EA,0x0000
